Date,Type,Category,Account,Description,Amount
2026-12-04,Expense,ayyappa,HDFC,paranjee,26000.0
2026-12-04,Expense,Other,HDFC,mango,600.0
2026-12-04,Expense,Other,Union,ccbill,2499.0
2026-12-04,Expense,Other,Abank,ccbill,5429.0
2026-12-03,Expense,Other,nCChdfc,petrol,1050.0
2026-12-03,Expense,Other,HDFC,fittings,8200.0
2026-12-03,Expense,Other,HDFC,tiles,2400.0
2026-12-03,Expense,Other,HDFC,mancham,10000.0
2026-12-03,Expense,Other,HDFC,jaali,60.0
2026-12-03,Expense,Other,HDFC,food,240.0
2026-12-03,Expense,padmaji,cash,tiles,1200.0
2026-12-03,Expense,Other,SBIcc,food,245.0
2026-12-02,Income,Other,ICICIcc,bill,5232.0
2026-12-02,Expense,Other,HDFC,cement,18400.0
2026-12-02,Expense,Other,Union,ccbill,2619.0
2026-12-02,Expense,Other,HDFC,plumbing,180.0
2026-12-02,Expense,Other,HDFC,battery,50.0
2026-12-02,Expense,Other,SBIcc,food,70.0
2026-12-02,Expense,Other,Abank,ccbill,5309.0
2026-12-02,Expense,raju,cash,watering,700.0
2026-12-01,Expense,Other,Union,ccbill,2678.0
2026-12-01,Expense,Other,HDFC,gold loan,500.0
2026-12-01,Expense,Other,HDFC,transfer,200.0
2026-12-01,Income,Other,ICICIcc,bill,8013.0
2026-12-01,Expense,Other,Abank,ccbill,5250.0
2026-12-01,Expense,Other,SBIcc,insurance,1296.0
2026-11-04,Expense,Other,HDFC,ccbill,5385.0
2026-11-03,Expense,gangadhar,HDFC,paint,4000.0
2026-11-03,Expense,Other,cash,jaya aunty,1500.0
2026-11-03,Expense,yesu,HDFC,granite,7000.0
2026-11-03,Expense,Other,HDFC,paint,920.0
2026-11-03,Expense,Other,HDFC,kankara,5200.0
2026-11-03,Expense,karuna,cash,cleaning,700.0
2026-11-03,Income,Other,cash,loan,11000.0
2026-11-03,Expense,Other,cash,maintenance,1200.0
2026-11-03,Expense,Other,cash,maintenance,1200.0
2026-11-03,Expense,Other,cash,misc,1050.0
2026-11-02,Expense,Other,HDFC,transfer,2000.0
2026-11-02,Expense,Other,nCChdfc,petrol,1500.0
2026-11-02,Expense,Other,SBIcc,petrol,1002.0
2026-11-02,Income,Other,SBIcc,cb,10.0
2026-11-02,Expense,Other,HDFC,food,120.0
2026-11-02,Expense,Other,HDFC,medicines,120.0
2026-11-01,Expense,Other,SBIcc,aditya,535.0
2026-11-01,Expense,Other,SBIcc,vegetables,160.0
2026-11-01,Expense,Other,iAxis,movie,993.0
2026-11-01,Expense,Other,HDFC,bricks,37200.0
2026-10-04,Expense,Other,HDFC,coconuts,150.0
2026-10-04,Expense,Other,HDFC,kirana,1050.0
2026-10-04,Expense,Other,nCChdfc,kirana,60.0
2026-10-04,Expense,Other,CChdfc,amazon,2789.0
2026-10-03,Income,Other,SBIcc,bill,10490.0
2026-10-03,Expense,Other,HDFC,ccbill,5543.0
2026-10-03,Expense,Other,HDFC,grout,80.0
2026-10-03,Expense,Other,HDFC,electrical,500.0
2026-10-03,Expense,Other,HDFC,dhana,630.0
2026-10-03,Expense,Other,SBIcc,kirana,80.0
2026-10-02,Expense,Other,SBIcc,fish,1900.0
2026-10-02,Expense,Other,SBIcc,kirana,605.0
2026-10-02,Income,Other,SBIcc,bill,7061.0
2026-10-02,Expense,Other,HDFC,tailor,1770.0
2026-10-02,Expense,Other,HDFC,petrol,110.0
2026-10-02,Expense,Other,HDFC,ccbill,60258.0
2026-10-02,Expense,Other,cloan,credloan,378128.0
2026-10-02,Expense,Other,cash,misc,1300.0
2026-10-02,Expense,Other,cash,maintenance,1200.0
2026-10-02,Expense,Other,cash,maintenance,1200.0
2026-10-01,Income,Other,FAxisCC,cb,20.0
2026-10-01,Income,Other,SBIcc,bill,7947.0
2026-10-01,Expense,ayyappa,HDFC,walls,40000.0
2026-10-01,Expense,Other,HDFC,movie,1050.0
2026-10-01,Expense,Other,SBIcc,maruthi,3939.0
2026-09-04,Expense,Other,nCChdfc,transfer,40000.0
2026-09-04,Expense,Other,HDFC,ccbill,46882.0
2026-09-04,Expense,Other,nCChdfc,transfer,5000.0
2026-09-03,Expense,Other,SBIcc,vegetables,210.0
2026-09-03,Expense,Other,HDFC,victory bazaar,203.0
2026-09-03,Expense,Other,SBIcc,aditya,825.0
2026-09-03,Expense,Other,HDFC,upvc,8000.0
2026-09-03,Expense,Other,HDFC,kirana,2687.0
2026-09-03,Expense,Other,HDFC,kirana,140.0
2026-09-03,Expense,Other,HDFC,tax,678.0
2026-09-03,Expense,Other,nCChdfc,myntra,4639.0
2026-09-03,Expense,Other,nCChdfc,petrol,1010.0
2026-09-02,Expense,Other,HDFC,ration,140.0
2026-09-02,Expense,Other,nCChdfc,medicines,1702.0
2026-09-02,Expense,Other,HDFC,bricks,16700.0
2026-09-02,Income,Other,cash,rent,2200.0
2026-09-01,Expense,Other,HDFC,ccbill,841.0
2026-09-01,Expense,Other,HDFC,transfer,1400.0
2026-09-01,Expense,Other,nCChdfc,usha,750.0
2026-09-01,Expense,Other,ICICIcc,lic,1171.0
2026-09-01,Expense,Other,nCChdfc,petrol,500.0
2026-08-04,Expense,Other,nCChdfc,recharge,189.0
2026-08-04,Expense,Other,HDFC,aditya,1695.0
2026-08-03,Expense,Other,HDFC,victory bazaar,296.0
2026-08-03,Expense,Other,nCChdfc,fish,850.0
2026-08-03,Expense,Other,nCChdfc,amazon,746.0
2026-08-03,Expense,Other,iAxis,charges,590.0
2026-08-02,Expense,Other,nCChdfc,milk,175.0
2026-08-02,Income,Other,HDFC,cb,13.0
2026-08-02,Expense,Other,HDFC,ccbill,14308.0
2026-08-02,Expense,Other,HDFC,docs,75.0
2026-08-02,Expense,Other,nCChdfc,train,2380.0
2026-08-01,Expense,Other,nCChdfc,vegetables,535.0
2026-08-01,Income,Other,HDFC,received,1800.0
2026-08-01,Expense,Other,nCChdfc,milk,940.0
2026-08-01,Expense,Other,nCChdfc,transfer,500.0
2026-08-01,Expense,Other,CChdfc,charges,544.0
2026-08-01,Expense,Other,HDFC,kirana,870.0
2026-08-01,Expense,Other,HDFC,ccbill,12718.0
2026-08-01,Expense,Other,nCChdfc,food,500.0
2026-07-04,Expense,Other,HDFC,electrical,440.0
2026-07-03,Expense,ayyappa,HDFC,plastering,22000.0
2026-07-03,Expense,karuna,cash,watering,700.0
2026-07-02,Expense,Other,cash,siddanti,1000.0
2026-07-02,Expense,ayyappa,HDFC,brickwork,23000.0
2026-07-02,Expense,Other,HDFC,bricks,37200.0
2026-07-02,Expense,Other,HDFC,milk,80.0
2026-07-02,Expense,Other,HDFC,kirana,130.0
2026-07-02,Expense,Other,nCChdfc,recharge,195.0
2026-07-01,Expense,Other,nCChdfc,chicken,450.0
2026-07-01,Expense,Other,nCChdfc,milk,70.0
2026-07-01,Expense,Other,HDFC,ration,92.0
2026-07-01,Expense,Other,nCChdfc,petrol,480.0
2026-06-04,Expense,Other,ICICIcc,amazon,253.0
2026-06-03,Expense,aux,HDFC,granite,3600.0
2026-06-03,Expense,Other,cash,transfer,9300.0
2026-06-03,Expense,yesu,HDFC,granite,3000.0
2026-06-03,Expense,Other,nCChdfc,katthi,180.0
2026-06-03,Expense,Other,nCChdfc,petrol,550.0
2026-06-03,Expense,Other,nCChdfc,recharge,500.0
2026-06-03,Expense,Other,ICICIcc,tatasky,200.0
2026-06-03,Expense,Other,HDFC,ccbill,8011.0
2026-06-03,Expense,karuna,cash,gilaka,1050.0
2026-06-02,Expense,Other,HDFC,kirana,1014.0
2026-06-02,Expense,Other,nCChdfc,kirana,1730.0
2026-06-02,Expense,Other,nCChdfc,vegetables,170.0
2026-06-02,Expense,Other,HDFC,credloan,8011.0
2026-06-01,Expense,Other,nCChdfc,kirana,654.0
2026-06-01,Expense,Other,HDFC,auloan,2000.0
2026-05-04,Expense,ayyappa,HDFC,paranjee,6000.0
2026-05-04,Expense,Other,HDFC,ccbill,8895.0
2026-05-03,Expense,Other,HDFC,ccbill,8895.0
2026-05-03,Expense,Other,HDFC,ccbill,1085.0
2026-05-03,Expense,Other,nCChdfc,medicines,959.0
2026-05-03,Expense,Other,SBIcc,kirana,250.0
2026-05-03,Expense,karuna,cash,watering,350.0
2026-05-03,Expense,Other,HDFC,ccbill,11095.0
2026-05-03,Expense,Other,nCChdfc,dhana,410.0
2026-05-03,Expense,Other,HDFC,food,180.0
2026-05-03,Expense,aux,HDFC,granite,1800.0
2026-05-03,Expense,Other,HDFC,jaali,510.0
2026-05-02,Expense,Other,cash,dwakra,4100.0
2026-05-02,Income,Other,HDFC,lease,100000.0
2026-05-02,Expense,Other,HDFC,puttaparthi,1400.0
2026-05-02,Expense,Other,HDFC,tea,20.0
2026-05-01,Expense,Other,cash,maintenance,1200.0
2026-05-01,Expense,Other,cash,maintenance,1200.0
2026-05-01,Income,Other,cash,lic,1000.0
2026-05-01,Expense,Other,cash,transfer,1200.0
2026-05-01,Expense,Other,cash,milk,1800.0
2026-05-01,Expense,Other,cash,jaya aunty,1500.0
2026-05-01,Expense,Other,cash,watering,700.0
2026-04-04,Expense,Other,nCChdfc,charger,1096.0
2026-04-04,Expense,akka,nCChdfc,petrol,2000.0
2026-04-03,Expense,Other,HDFC,transfer,3000.0
2026-04-03,Expense,yesu,HDFC,granite,2000.0
2026-04-03,Expense,karuna,cash,gilaka,700.0
2026-04-02,Expense,Other,cash,transfer,75500.0
2026-04-02,Expense,Other,nCChdfc,train,452.0
2026-04-01,Expense,Other,nCChdfc,victory bazaar,95.0
2026-04-01,Expense,Other,nCChdfc,food,455.0
2026-04-01,Expense,Other,nCChdfc,recharge,3528.0
2026-03-04,Expense,Other,HDFC,ccbill,918.0
2026-03-04,Expense,Other,HDFC,recharge,200.0
2026-03-03,Expense,Other,HDFC,paint,1680.0
2026-03-03,Expense,Other,nCChdfc,train,452.0
2026-03-03,Expense,Other,nCChdfc,petrol,750.0
2026-03-03,Expense,Other,HDFC,gaddi,1400.0
2026-03-03,Expense,Other,HDFC,gaddi,650.0
2026-03-03,Expense,Other,SBIcc,medicines,100.0
2026-03-03,Expense,karuna,cash,watering,700.0
2026-03-03,Expense,Other,nCChdfc,medicines,133.0
2026-03-02,Expense,Other,HDFC,ccbill,5125.0
2026-03-01,Expense,Other,HDFC,food,80.0
2026-03-01,Expense,ayyappa,HDFC,plastering,27000.0
2026-03-01,Expense,Other,CChdfc,clothes,7897.0
2026-03-01,Expense,Other,nCChdfc,food,535.0
2026-03-01,Income,Other,HDFC,charges,400.0
2026-03-01,Expense,Other,HDFC,meter,1650.0
2026-03-01,Expense,Other,HDFC,clothes,2000.0
2026-02-04,Expense,Other,nCChdfc,petrol,250.0
2026-02-03,Income,Other,nCChdfc,bill,68724.0
2026-02-03,Expense,akka,HDFC,transfer,2000.0
2026-02-03,Expense,Other,HDFC,kirana,340.0
2026-02-03,Income,Other,Licici,commission,323.0
2026-02-03,Expense,karuna,cash,parulu,1050.0
2026-02-02,Expense,Other,HDFC,ccbill,11101.0
2026-02-02,Income,Other,Licici,commission,323.0
2026-02-02,Expense,Other,HDFC,sand,13000.0
2026-02-02,Expense,Other,HDFC,plumbing,500.0
2026-02-02,Expense,Other,nCChdfc,iron,160.0
2026-02-02,Expense,Other,nCChdfc,petrol,360.0
2026-02-02,Income,Other,nCChdfc,bill,11296.0
2026-02-02,Expense,Other,HDFC,transfer,20000.0
2026-02-01,Expense,Other,nCChdfc,food,120.0
2026-02-01,Income,Other,nCChdfc,bill,8696.0
2026-02-01,Expense,Other,ICICIcc,gas,1789.0
2026-02-01,Expense,Other,HDFC,ccbill,12828.0
2026-02-01,Income,Other,HDFC,cb,26.0
2026-02-01,Expense,Other,nCChdfc,xerox,470.0
2026-02-01,Expense,Other,nCChdfc,vegetables,300.0
2026-02-01,Expense,Other,HDFC,peda,10000.0
2026-01-04,Income,Other,HDFC,int,667.0
2026-01-04,Income,Other,HDFC,cb,18.0
2026-01-04,Income,Other,nCChdfc,bill,5598.0
2026-01-03,Expense,Other,HDFC,kodi,1500.0
2026-01-03,Expense,Other,SBIcc,food,47.0
2026-01-03,Expense,Other,SBIcc,chicken,50.0
2026-01-02,Expense,Other,cash,jaya aunty,1500.0
2026-01-02,Expense,Other,Ricici,kirana,160.0
2026-01-02,Expense,Other,HDFC,vegetables,510.0
2026-01-01,Expense,Other,HDFC,petrol,200.0
2026-01-01,Expense,Other,HDFC,wire,580.0
2026-01-01,Income,Other,HDFC,cb,29.0
2026-01-01,Income,Other,HDFC,int,400.0
2026-01-01,Expense,Other,ICICIcc,tatasky,200.0
2026-01-01,Expense,Other,HDFC,transfer,14000.0
2026-01-01,Expense,Other,cash,watering,700.0
2026-01-01,Expense,Other,iAxis,milk,139.0
2026-01-01,Expense,Other,cash,electrical,100.0
2026-01-01,Expense,Other,cash,beta,200.0
2026-01-01,Expense,Other,cash,nela,2700.0
2025-12-12,Income,Other,Axisneo,bill,590.0
2025-12-12,Expense,Other,ICICIcc,gas,895.0
2025-12-12,Income,Other,ICICIcc,bill,4626.0
2025-12-12,Expense,Other,HDFC,sand,13200.0
2025-12-11,Income,Other,ICICIcc,bill,1563.0
2025-12-11,Expense,Other,Union,ccbill,2793.0
2025-12-11,Expense,Other,Abank,ccbill,5135.0
2025-12-11,Income,Other,Axisneo,bill,819.0
2025-12-10,Income,Other,ICICIcc,bill,5757.0
2025-12-10,Expense,Other,SBIcc,vegetables,240.0
2025-12-10,Expense,Other,SBIcc,fish,800.0
2025-12-10,Expense,Other,SBIcc,eggs,112.0
2025-12-10,Expense,Other,HDFC,ccbill,46510.0
2025-12-10,Income,Other,cash,loan,300000.0
2025-12-09,Expense,Other,HDFC,tractor,500.0
2025-12-09,Expense,Other,HDFC,ccbill,32727.0
2025-12-09,Expense,Other,Union,ccbill,2906.0
2025-12-09,Expense,Other,Abank,ccbill,5021.0
2025-12-09,Income,Other,Ricici,bill,1344.0
2025-12-09,Income,Other,SBIcc,bill,5181.0
2025-12-09,Expense,Other,HDFC,tractor,500.0
2025-12-09,Income,Other,ICICIcc,bill,5186.0
2025-12-09,Expense,Other,HDFC,tractor,1000.0
2025-12-09,Expense,Other,Ricici,adj,1114.0
2025-12-09,Income,Other,HDFC,utaru,46045.0
2025-12-09,Income,Other,HDFC,utaru,37000.0
2025-12-09,Income,Other,HDFC,utaru,25694.0
2025-12-09,Income,Other,HDFC,utaru,41111.0
2025-12-09,Expense,Other,HDFC,milk,200.0
2025-12-09,Income,Other,HDFC,utaru,13950.0
2025-12-09,Expense,Other,HDFC,ammaji,4720.0
2025-12-08,Expense,Other,Abank,ccbill,4966.0
2025-12-08,Expense,Other,Union,ccbill,2962.0
2025-12-07,Income,Other,ICICIcc,bill,2475.0
2025-12-06,Expense,Other,Union,ccbill,3072.0
2025-12-06,Income,Other,SBIcc,bill,7022.0
2025-12-06,Income,Other,HDFC,cb,27.0
2025-12-06,Expense,Other,SBIcc,kirana,260.0
2025-12-06,Expense,Other,SBIcc,medicines,125.0
2025-12-06,Expense,Other,SBIcc,snacks,200.0
2025-12-06,Expense,Other,Abank,ccbill,4856.0
2025-12-06,Income,Other,Navi,bill,16711.0
2025-12-05,Expense,Other,cash,transfer,1500.0
2025-12-05,Expense,Other,HDFC,kirana,950.0
2025-12-05,Expense,Other,HDFC,food,80.0
2025-12-05,Expense,Other,HDFC,pipe,940.0
2025-12-05,Income,Other,Axisneo,bill,1495.0
2025-12-04,Expense,Other,Abank,ccbill,4749.0
2025-12-04,Expense,Other,SBIcc,bread,600.0
2025-12-04,Expense,Other,SBIcc,disposals,1000.0
2025-12-04,Expense,Other,HDFC,milk,70.0
2025-12-04,Expense,Other,HDFC,kova,600.0
2025-12-04,Expense,Other,HDFC,crackers,4200.0
2025-12-04,Expense,Other,union,ccbill,3179.0
2025-12-03,Expense,nagesh,SBIcc,sundrirect,300.0
2025-12-03,Expense,Other,SBIcc,drink,100.0
2025-12-03,Expense,Other,nCChdfc,petrol,1000.0
2025-12-03,Expense,Other,HDFC,milk,210.0
2025-12-02,Income,Other,union,int,163.0
2025-12-02,Expense,Other,HDFC,tiffin,450.0
2025-12-02,Expense,Other,cash,banta,300.0
2025-12-02,Expense,Other,Abank,ccbill,4645.0
2025-12-02,Expense,Other,HDFC,milk,70.0
2025-12-02,Expense,Other,union,ccbill,3283.0
2025-12-02,Expense,Other,HDFC,bricks,10000.0
2025-12-02,Expense,srinu,cash,gonu sanchi,600.0
2025-12-02,Income,Other,union,int,407.0
2025-12-02,Expense,Other,HDFC,tea,66.0
2025-12-02,Expense,ayyappa,HDFC,compound beam,37000.0
2025-12-02,Expense,Other,SBIcc,washing machine,88.0
2025-12-02,Expense,Other,SBIcc,recharge,167.0
2025-12-02,Expense,nagesh,nCChdfc,sundirect,300.0
2025-12-02,Expense,Other,HDFC,gunapam,750.0
2025-12-01,Expense,Other,union,ccbill,3334.0
2025-12-01,Expense,Other,Abank,ccbill,4593.0
2025-12-01,Expense,Other,HDFC,cement,16300.0
2025-12-01,Expense,ayyappa,HDFC,beams,55000.0
2025-12-01,Expense,Other,nCChdfc,petrol,500.0
2025-12-01,Expense,Other,ICICIcc,amazon,1863.0
2025-12-01,Expense,Other,cash,beams,200.0
2025-12-01,Expense,Other,SBIcc,chicken,830.0
2025-12-01,Expense,mavayya garu,SBIcc,permit,300.0
2025-11-12,Income,Other,FAxisCC,cb,322.0
2025-11-12,Expense,Other,SBIcc,milk,130.0
2025-11-12,Expense,Other,SBIcc,food,600.0
2025-11-12,Expense,Other,SBIcc,recharge,644.0
2025-11-11,Expense,Other,SBIcc,vegetables,300.0
2025-11-11,Expense,Other,HDFC,iron,45000.0
2025-11-11,Expense,Other,SBIcc,milk,120.0
2025-11-11,Expense,Other,SBIcc,fish,1300.0
2025-11-11,Expense,Other,SBIcc,hardware,100.0
2025-11-11,Expense,Other,SBIcc,drinks,550.0
2025-11-10,Expense,Other,SBIcc,medicines,800.0
2025-11-10,Expense,Other,SBIcc,milk,85.0
2025-11-10,Expense,ayyappa,HDFC,basement,14000.0
2025-11-09,Expense,Other,SBIcc,kirana,1585.0
2025-11-09,Expense,Other,SBIcc,vegetables,330.0
2025-11-09,Expense,Other,SBIcc,medicines,2137.0
2025-11-09,Expense,Other,HDFC,kirana,165.0
2025-11-09,Expense,Other,ICICIcc,diapers,669.0
2025-11-09,Expense,Other,SBIcc,itr,571.0
2025-11-09,Expense,Other,HDFC,ammaji,1050.0
2025-11-09,Expense,Other,SBIcc,victory bazaar,236.0
2025-11-08,Income,Other,Union,dividend,27.0
2025-11-08,Expense,Other,SBIcc,medicines,70.0
2025-11-08,Income,saroj,HDFC,received,30000.0
2025-11-08,Expense,tanuj,HDFC,gift,2000.0
2025-11-08,Expense,Other,SBIcc,food,240.0
2025-11-08,Expense,Other,HDFC,ccbill,25422.0
2025-11-07,Income,Other,SBIcc,bill,13180.0
2025-11-07,Expense,ksn,SBIcc,recharge,800.0
2025-11-07,Expense,Other,HDFC,fascino,850.0
2025-11-06,Expense,Other,SBIcc,recharge,183.0
2025-11-06,Expense,Other,SBIcc,vegetables,235.0
2025-11-06,Expense,Other,nCChdfc,tatasky,200.0
2025-11-06,Expense,Other,nCChdfc,xerox,120.0
2025-11-06,Expense,Other,HDFC,kirana,170.0
2025-11-05,Expense,Other,HDFC,milk,45.0
2025-11-04,Expense,ammaji,cash,purchase,1800.0
2025-11-04,Income,Other,HDFC,lease,100000.0
2025-11-04,Expense,Other,HDFC,transfer,20000.0
2025-11-04,Expense,Other,cash,pothu,1500.0
2025-11-04,Income,Other,HDFC,cb,104.0
2025-11-04,Income,Other,SBIcc,bill,8035.0
2025-11-04,Expense,Other,SBIcc,train,1750.0
2025-11-04,Expense,Other,SBIcc,banana,100.0
2025-11-04,Expense,Other,SBIcc,kirana,230.0
2025-11-04,Expense,Other,SBIcc,cake,500.0
2025-11-02,Income,Other,FAxisCC,cb,16.0
2025-11-02,Expense,Other,HDFC,chetak,2135.0
2025-11-02,Expense,Other,nCChdfc,misc,80.0
2025-11-02,Expense,mavayya garu,nCChdfc,bus,474.0
2025-11-02,Expense,Other,iAxis,iron,16900.0
2025-11-02,Income,Other,SBIcc,bill,8959.0
2025-11-02,Expense,Other,cash,gonu sanchi,600.0
2025-11-02,Expense,Other,HDFC,milk,100.0
2025-11-01,Expense,Other,SBIcc,transfer,1020.0
2025-11-01,Income,Other,LICICI,commission,2640.0
2025-11-01,Expense,Other,HDFC,tea,30.0
2025-11-01,Expense,Other,HDFC,bricks,36700.0
2025-11-01,Expense,Other,HDFC,milk,100.0
2025-11-01,Income,Other,Axisneo,bill,3513.0
2025-11-01,Income,Other,SBIcc,bill,10149.0
2025-11-01,Expense,Other,nCChdfc,petrol,400.0
2025-10-12,Expense,Other,HDFC,cement,11700.0
2025-10-12,Expense,Other,nCChdfc,train,437.0
2025-10-12,Expense,Other,nCChdfc,milk,120.0
2025-10-12,Income,Other,SBIcc,bill,6273.0
2025-10-11,Income,Other,FAxisCC,cb,101.0
2025-10-11,Income,Other,HDFC,cb,29.0
2025-10-11,Expense,Other,cash,temple,100.0
2025-10-11,Income,Other,SBIcc,bill,4346.0
2025-10-11,Expense,ayyappa,HDFC,centering,27000.0
2025-10-11,Expense,Other,nCChdfc,tatasky,200.0
2025-10-11,Expense,Other,HDFC,ccbill,13230.0
2025-10-10,Expense,Other,HDFC,ration,70.0
2025-10-10,Income,Other,SBIcc,bill,15595.0
2025-10-10,Expense,Other,nCChdfc,petrol,350.0
2025-10-10,Expense,Other,SBIcc,welding,100.0
2025-10-10,Expense,Other,SBIcc,lic,1200.0
2025-10-09,Expense,Other,HDFC,milk,100.0
2025-10-09,Expense,Other,nCChdfc,recharge,100.0
2025-10-09,Expense,Other,SBIcc,ration,80.0
2025-10-09,Expense,Other,HDFC,transfer,4500.0
2025-10-09,Expense,Other,cash,maintenance,1200.0
2025-10-09,Expense,Other,cash,maintenance,1200.0
2025-10-09,Income,Other,FAxisCC,cb,417.0
2025-10-08,Expense,ramarao,HDFC,dhukku,1500.0
2025-10-08,Expense,Other,cash,transfer,4500.0
2025-10-08,Income,Other,SBIcc,bill,12419.0
2025-10-08,Expense,Other,nCChdfc,vegetables,310.0
2025-10-08,Expense,Other,HDFC,milk,70.0
2025-10-07,Expense,Other,nCChdfc,kirana,170.0
2025-10-07,Expense,Other,HDFC,victory bazaar,57.0
2025-10-07,Expense,ksn,nCChdfc,train,556.0
2025-10-07,Expense,Other,cash,misc,200.0
2025-10-07,Income,Other,LICICI,commission,8592.0
2025-10-07,Expense,Other,HDFC,milk,30.0
2025-10-06,Expense,Other,HDFC,fascino,70.0
2025-10-06,Expense,Other,HDFC,plumbing,400.0
2025-10-05,Expense,Other,nCChdfc,reliance,74.0
2025-10-05,Expense,Other,nCChdfc,geyser,150.0
2025-10-05,Expense,mavayya garu,HDFC,permit,300.0
2025-10-05,Income,Other,SBIcc,bill,3557.0
2025-10-05,Expense,Other,SBIcc,dmart,1884.0
2025-10-04,Expense,Other,SBIcc,washing machine,26.0
2025-10-04,Expense,Other,HDFC,kirana,465.0
2025-10-04,Income,Other,HDFC,cb,5.0
2025-10-04,Expense,Other,SBIcc,charges,593.0
2025-10-03,Income,Other,HDFC,received,40000.0
2025-10-03,Income,Other,kotak,zerodha,59000.0
2025-10-03,Expense,Other,cash,food,300.0
2025-10-03,Expense,Other,SBIcc,washing machine,58.0
2025-10-03,Expense,Other,nCChdfc,banana,100.0
2025-10-03,Income,Other,SBIcc,bill,8268.0
2025-10-03,Expense,Other,HDFC,lekari,30000.0
2025-10-03,Expense,Other,nCChdfc,duty,88386.0
2025-10-03,Expense,Other,nCChdfc,prawns,530.0
2025-10-03,Expense,Other,SBIcc,kirana,1215.0
2025-10-03,Expense,Other,HDFC,oxygen,240.0
2025-10-02,Expense,Other,HDFC,chetak,632.0
2025-10-02,Expense,Other,nCChdfc,petrol,100.0
2025-10-02,Expense,Other,HDFC,ration,240.0
2025-10-02,Expense,Other,HDFC,transfer,1000.0
2025-10-02,Expense,Other,HDFC,tiffin,50.0
2025-10-01,Expense,Other,HDFC,ration,219.0
2025-10-01,Expense,Other,SBIcc,vegetables,650.0
2025-10-01,Expense,Other,nCChdfc,cinema,100.0
2025-10-01,Expense,Other,HDFC,sand,15000.0
2025-10-01,Expense,Other,cash,beta,200.0
2025-10-01,Expense,Other,SBIcc,washing machine,116.0
2025-10-01,Expense,Other,SBIcc,kaaram,490.0
2025-10-01,Expense,Other,SBIcc,kirana,500.0
2025-09-12,Expense,Other,nCChdfc,eggs,84.0
2025-09-12,Expense,Other,HDFC,ccbill,13328.0
2025-09-12,Expense,Other,HDFC,kirana,90.0
2025-09-12,Expense,Other,HDFC,adhaar,75.0
2025-09-12,Expense,Other,HDFC,ccbill,1962.0
2025-09-12,Expense,Other,nCChdfc,milk,120.0
2025-09-12,Expense,Other,nCChdfc,transfer,300.0
2025-09-12,Expense,Other,HDFC,registraion,2500.0
2025-09-11,Expense,Other,nCChdfc,chicken,1290.0
2025-09-11,Expense,Other,cash,beta,3000.0
2025-09-11,Income,Other,cash,rice,700.0
2025-09-11,Expense,Other,nCChdfc,recharge,195.0
2025-09-11,Expense,ayyappa,HDFC,slab,60000.0
2025-09-11,Expense,Other,HDFC,tiffin,470.0
2025-09-10,Expense,Other,SBIcc,milk,70.0
2025-09-10,Expense,Other,nCChdfc,fruits,190.0
2025-09-10,Expense,Other,HDFC,ccbill,13378.0
2025-09-09,Expense,nagesh,cash,watering,500.0
2025-09-09,Expense,Other,HDFC,diapers,160.0
2025-09-09,Expense,Other,HDFC,ccbill,41310.0
2025-09-09,Expense,srinu,cash,watering,600.0
2025-09-08,Expense,Other,HDFC,transfer,2100.0
2025-09-08,Expense,Other,HDFC,milk,140.0
2025-09-07,Expense,nagesh,cash,raallu,200.0
2025-09-07,Expense,mom,HDFC,transfer,1000.0
2025-09-07,Expense,Other,nCChdfc,petrol,300.0
2025-09-05,Expense,Other,HDFC,flowers,2200.0
2025-09-05,Expense,Other,cash,surveyor,1000.0
2025-09-05,Expense,Other,HDFC,bag,150.0
2025-09-05,Expense,srinu,cash,karralu,300.0
2025-09-05,Expense,Other,nCChdfc,petrol,520.0
2025-09-05,Expense,Other,HDFC,milk,105.0
2025-09-05,Expense,Other,HDFC,ccbill,1128.0
2025-09-05,Expense,Other,nCChdfc,tiffin,26.0
2025-09-04,Expense,Other,HDFC,ccbill,5400.0
2025-09-04,Expense,Other,HDFC,decoration,2600.0
2025-09-03,Expense,Other,HDFC,milk,105.0
2025-09-02,Expense,ayyappa,HDFC,bed pilars,23000.0
2025-09-02,Expense,Other,cash,banta,500.0
2025-09-02,Expense,Other,iAxis,termite,700.0
2025-09-02,Expense,Other,iAxis,chicken,1100.0
2025-09-02,Expense,Other,HDFC,natukodi,800.0
2025-09-01,Expense,Other,nCChdfc,food,230.0
2025-09-01,Expense,ksn,nCChdfc,ear rings,6100.0
2025-08-12,Expense,Other,nCChdfc,milk,115.0
2025-08-11,Expense,Other,nCChdfc,vegetables,400.0
2025-08-11,Expense,Other,nCChdfc,fan ring,500.0
2025-08-11,Expense,Other,nCChdfc,milk,240.0
2025-08-11,Expense,ayyappa,HDFC,slab,33000.0
2025-08-11,Expense,Other,HDFC,iron,50000.0
2025-08-11,Expense,Other,cash,beta,100.0
2025-08-11,Expense,Other,HDFC,beta,2100.0
2025-08-11,Expense,ayyappa,HDFC,lunch,2000.0
2025-08-11,Expense,Other,HDFC,sand,13000.0
2025-08-11,Expense,Other,nCChdfc,kirana,230.0
2025-08-10,Expense,Other,HDFC,bore,150.0
2025-08-09,Expense,Other,nCChdfc,transfer,2000.0
2025-08-09,Expense,Other,cash,vro,1000.0
2025-08-09,Expense,Other,HDFC,transfer,6000.0
2025-08-09,Expense,Other,nCChdfc,charges,181.0
2025-08-08,Expense,Other,nCChdfc,charges,337.0
2025-08-08,Expense,raja bava,HDFC,petrol,1000.0
2025-08-08,Expense,Other,nCChdfc,transfer,15000.0
2025-08-08,Expense,Other,HDFC,ccbill,12547.0
2025-08-08,Income,Other,HDFC,cb,4.0
2025-08-08,Expense,Other,nCChdfc,rice,1320.0
2025-08-07,Expense,Other,nCChdfc,food,80.0
2025-08-07,Expense,Other,nCChdfc,train,1550.0
2025-08-07,Expense,Other,nCChdfc,train,1169.0
2025-08-07,Expense,srinu,cash,aakulu,300.0
2025-08-06,Expense,Other,cash,maintenance,1200.0
2025-08-06,Expense,Other,cash,jaya aunty,1500.0
2025-08-06,Expense,Other,cash,maintenance,1200.0
2025-08-05,Expense,Other,cash,poyyi,1000.0
2025-08-05,Expense,Other,nCChdfc,gas,790.0
2025-08-05,Expense,Other,HDFC,tenthouse,300.0
2025-08-05,Expense,mavayya garu,HDFC,permit,300.0
2025-08-05,Expense,srinu,cash,fense,600.0
2025-08-05,Expense,Other,nCChdfc,petrol,500.0
2025-08-04,Expense,Other,HDFC,train,1100.0
2025-08-03,Expense,Other,HDFC,milk,105.0
2025-08-03,Expense,Other,HDFC,food,4400.0
2025-08-03,Expense,ramu,nCChdfc,sundrirect,295.0
2025-08-03,Expense,Other,nCChdfc,gas,845.0
2025-08-02,Expense,Other,HDFC,tea,50.0
2025-08-02,Expense,ammaji,cash,coconut,1400.0
2025-08-02,Expense,Other,nCChdfc,kirana,1823.0
2025-08-02,Expense,Other,HDFC,cement,750.0
2025-08-02,Expense,Other,cash,housetax,300.0
2025-08-02,Expense,Other,SBIcc,victory bazaar,504.0
2025-08-02,Expense,Other,nCChdfc,traps,2270.0
2025-08-02,Expense,Other,nCChdfc,tatasky,200.0
2025-08-02,Expense,Other,iAxis,cement,45000.0
2025-08-02,Expense,Other,iAxis,iron,11700.0
2025-08-02,Expense,Other,iAxis,disposals,214.0
2025-08-02,Expense,Other,cash,rice,500.0
2025-08-02,Expense,Other,HDFC,milk,200.0
2025-08-02,Expense,Other,HDFC,transfer,500.0
2025-08-02,Expense,Other,cash,cement,100.0
2025-08-01,Expense,Other,HDFC,sweetcorn,60.0
2025-08-01,Expense,Other,HDFC,tea,80.0
2025-08-01,Expense,Other,HDFC,ccbill,339.0
2025-07-11,Expense,Other,nCChdfc,aditya,1430.0
2025-07-11,Expense,Other,nCChdfc,milk,145.0
2025-07-11,Expense,Other,CChdfc,amazon,478.0
2025-07-11,Expense,Other,HDFC,rope,305.0
2025-07-11,Expense,Other,HDFC,internet,3000.0
2025-07-11,Expense,Other,HDFC,ccbill,3118.0
2025-07-11,Income,Other,cash,rice,300.0
2025-07-10,Expense,Other,nCChdfc,food,85.0
2025-07-10,Expense,Other,nCChdfc,medicines,2732.0
2025-07-09,Expense,srinu,nCChdfc,food,100.0
2025-07-09,Expense,Other,HDFC,pipe,20.0
2025-07-09,Expense,srinu,cash,utaru,300.0
2025-07-09,Expense,nagesh,cash,utaru,250.0
2025-07-09,Expense,srinu,cash,utaru,300.0
2025-07-09,Expense,nagesh,cash,utaru,250.0
2025-07-09,Expense,msrinu,cash,utaru,600.0
2025-07-09,Expense,msrinu,cash,utaru,600.0
2025-07-09,Income,Other,IDFCcc,cb,171.0
2025-07-09,Expense,Other,nCChdfc,petrol,570.0
2025-07-09,Expense,msrinu,cash,utaru,600.0
2025-07-08,Expense,Other,HDFC,aditya,135.0
2025-07-08,Expense,Other,HDFC,milk,335.0
2025-07-08,Income,akka,cash,received,3000.0
2025-07-08,Expense,Other,cash,misc,300.0
2025-07-07,Expense,Other,nCChdfc,food,250.0
2025-07-07,Expense,Other,HDFC,milk,30.0
2025-07-07,Expense,Other,HDFC,food,70.0
2025-07-07,Expense,Other,HDFC,ccbill,36440.0
2025-07-06,Expense,Other,HDFC,milk,105.0
2025-07-06,Expense,Other,nCChdfc,vegetables,165.0
2025-07-05,Expense,Other,nCChdfc,pooja,300.0
2025-07-05,Expense,srinu,cash,cleaning,1100.0
2025-07-05,Expense,Other,HDFC,ccbill,5728.0
2025-07-05,Expense,Other,HDFC,light,1130.0
2025-07-05,Expense,Other,HDFC,beta,100.0
2025-07-05,Expense,Other,cash,transfer,23500.0
2025-07-05,Expense,Other,nCChdfc,tiffin,25.0
2025-07-05,Expense,Other,iAxis,vegetables,720.0
2025-07-05,Expense,Other,iAxis,kirana,1351.0
2025-07-05,Expense,Other,iAxis,kirana,195.0
2025-07-04,Expense,Other,nCChdfc,sundrirect,300.0
2025-07-04,Income,Other,kotak,zerodha,52503.0
2025-07-04,Expense,Other,nCChdfc,food,60.0
2025-07-03,Expense,Other,cash,doctor,200.0
2025-07-03,Expense,Other,HDFC,bigbasket,1778.0
2025-07-03,Expense,Other,nCChdfc,medicines,130.0
2025-07-03,Expense,Other,nCChdfc,petrol,410.0
2025-07-03,Expense,Other,cash,transfer,3000.0
2025-07-03,Expense,Other,HDFC,milk,100.0
2025-07-03,Expense,Other,HDFC,thowdu,1200.0
2025-07-03,Expense,Other,HDFC,stamps,300.0
2025-07-02,Expense,ammaji,cash,coconut,200.0
2025-07-02,Expense,Other,nCChdfc,petrol,223.0
2025-07-02,Expense,Other,HDFC,aditya,865.0
2025-07-02,Expense,mavayya garu,HDFC,permit,300.0
2025-07-02,Expense,Other,HDFC,milk,155.0
2025-07-01,Expense,Other,nCChdfc,petrol,420.0
2025-07-01,Expense,Other,cash,letter,200.0
2025-07-01,Expense,Other,HDFC,train,843.0
2025-07-01,Expense,Other,nCChdfc,kirana,2205.0
2025-07-01,Expense,Other,nCChdfc,rice,1700.0
2025-07-01,Expense,ramu,nCChdfc,sundirect,295.0
2025-07-01,Expense,Other,HDFC,letter,140.0
2025-07-01,Expense,Other,iAxis,recharge,175.0
2025-06-12,Expense,Other,HDFC,medicines,1821.0
2025-06-12,Expense,Other,nCChdfc,xerox,60.0
2025-06-12,Expense,Other,ICICIcc,recharge,199.0
2025-06-12,Expense,ayyappa,HDFC,brick work,22000.0
2025-06-12,Expense,Other,nCChdfc,milk,80.0
2025-06-11,Expense,Other,nCChdfc,medicines,827.0
2025-06-11,Expense,Other,nCChdfc,lic,1200.0
2025-06-11,Expense,Other,nCChdfc,kirana,330.0
2025-06-11,Income,saroj,HDFC,received,200000.0
2025-06-10,Expense,Other,HDFC,kirana,1351.0
2025-06-10,Expense,Other,HDFC,transfer,10000.0
2025-06-10,Expense,Other,nCChdfc,rice,1300.0
2025-06-10,Expense,Other,cash,maintenance,1200.0
2025-06-10,Expense,Other,nCChdfc,vegetables,145.0
2025-06-10,Expense,Other,cash,jaya aunty,1500.0
2025-06-10,Expense,Other,cash,dwakra,5100.0
2025-06-10,Expense,Other,cash,adj,450.0
2025-06-10,Income,Other,HDFC,cb,48.0
2025-06-10,Expense,Other,cash,maintenance,1200.0
2025-06-09,Expense,Other,HDFC,transfer,700.0
2025-06-09,Expense,Other,nCChdfc,drink,120.0
2025-06-09,Expense,srinu,cash,sarivi,300.0
2025-06-09,Expense,nagesh,cash,sarivi,250.0
2025-06-09,Expense,Other,HDFC,naaru,300.0
2025-06-08,Expense,Other,HDFC,withdraw,500.0
2025-06-07,Expense,Other,cash,maintenance,6200.0
2025-06-07,Expense,Other,cash,jaya aunty,1500.0
2025-06-07,Expense,Other,cash,maintenance,1200.0
2025-06-07,Expense,Other,cash,puttaparthi,1500.0
2025-06-07,Expense,Other,nCChdfc,train,1314.0
2025-06-07,Expense,Other,HDFC,train,10.0
2025-06-06,Expense,Other,nCChdfc,cake,110.0
2025-06-06,Expense,Other,HDFC,milk,185.0
2025-06-06,Expense,Other,HDFC,ccbill,11446.0
2025-06-06,Expense,Other,HDFC,charges,363.0
2025-06-06,Expense,Other,nCChdfc,transfer,16500.0
2025-06-05,Expense,Other,iAxis,paint,266.0
2025-06-05,Expense,venkanna,HDFC,jcb,10000.0
2025-06-05,Expense,Other,iAxis,xerox,90.0
2025-06-05,Expense,Other,nCChdfc,tiffin,100.0
2025-06-05,Income,Other,HDFC,cb,15.0
2025-06-05,Expense,Other,HDFC,wire,1200.0
2025-06-05,Expense,Other,nCChdfc,tatasky,200.0
2025-06-05,Expense,Other,HDFC,plumbing,48.0
2025-06-05,Expense,srinu,cash,matti,600.0
2025-06-05,Expense,Other,iAxis,lunch,200.0
2025-06-05,Expense,Other,HDFC,beta,400.0
2025-06-05,Expense,Other,HDFC,milk,100.0
2025-06-05,Expense,Other,HDFC,battery,80.0
2025-06-04,Expense,Other,HDFC,internet,3000.0
2025-06-04,Income,Other,HDFC,cb,6.0
2025-06-04,Expense,Other,HDFC,milk,120.0
2025-06-03,Expense,Other,HDFC,milk,105.0
2025-06-03,Expense,Other,cash,maintenance,1200.0
2025-06-03,Expense,mavayya garu,HDFC,permit,300.0
2025-06-03,Expense,Other,HDFC,internet,500.0
2025-06-03,Expense,Other,HDFC,ccbill,96649.0
2025-06-03,Income,Other,HDFC,cb,9.0
2025-06-03,Income,Other,Ricici,bill,170.0
2025-06-03,Expense,Other,HDFC,charges,234.0
2025-06-03,Expense,Other,cash,jaya aunty,1500.0
2025-06-03,Expense,Other,cash,maintenance,1200.0
2025-06-03,Income,Other,LICICI,commission,500.0
2025-06-02,Expense,subramanyam,cash,utaru,950.0
2025-06-02,Expense,subramanyam,cash,utaru,950.0
2025-06-02,Expense,subramanyam,cash,utaru,950.0
2025-06-02,Expense,srinu,cash,utaru,600.0
2025-06-02,Expense,Other,cash,misc,450.0
2025-06-02,Expense,Other,cash,transfer,5100.0
2025-06-02,Expense,nagesh,cash,utaru,250.0
2025-06-02,Income,Other,union,int,155.0
2025-06-02,Income,Other,HDFC,cb,6.0
2025-06-02,Expense,Other,HDFC,ccbill,5978.0
2025-06-02,Expense,Other,HDFC,xerox,10.0
2025-06-02,Expense,ramu,nCChdfc,sundirect,295.0
2025-06-02,Expense,Other,cash,tiffin,100.0
2025-06-01,Expense,Other,cash,jaya aunty,1500.0
2025-06-01,Expense,Other,cash,maintenance,1200.0
2025-06-01,Expense,Other,HDFC,stamp paper,150.0
2025-06-01,Expense,Other,HDFC,fastag,100.0
2025-06-01,Expense,Other,HDFC,meeseva,150.0
2025-06-01,Expense,Other,nCChdfc,mixture,100.0
2025-06-01,Expense,Other,cash,maintenance,1200.0
2025-05-12,Expense,Other,HDFC,kirana,2180.0
2025-05-12,Expense,Other,nCChdfc,train,1572.0
2025-05-12,Income,Other,iAxis,refund,230.0
2025-05-11,Expense,Other,cash,maintenance,1200.0
2025-05-11,Expense,Other,cash,jaya aunty,1500.0
2025-05-11,Expense,Other,cash,milk,600.0
2025-05-11,Expense,Other,nCChdfc,mesh,540.0
2025-05-11,Expense,Other,nCChdfc,insurance,1236.0
2025-05-11,Expense,Other,cash,iron,100000.0
2025-05-11,Expense,Other,HDFC,transfer,200.0
2025-05-11,Expense,Other,HDFC,tractor,1000.0
2025-05-11,Expense,ayyappa,HDFC,plastering,18000.0
2025-05-11,Expense,Other,cash,transfer,85500.0
2025-05-11,Expense,Other,HDFC,tape,225.0
2025-05-11,Expense,Other,cash,maintenance,1200.0
2025-05-10,Expense,Other,cash,bags,1400.0
2025-05-10,Income,Other,HDFC,int,2000.0
2025-05-10,Expense,Other,ICICIcc,amazon,399.0
2025-05-10,Expense,Other,nCChdfc,milk,70.0
2025-05-10,Expense,Other,nCChdfc,tatasky,200.0
2025-05-10,Expense,Other,HDFC,bags,400.0
2025-05-09,Expense,nagesh,cash,sarivi,250.0
2025-05-09,Expense,srinu,cash,sarivi,300.0
2025-05-09,Expense,Other,HDFC,naaru,550.0
2025-05-09,Expense,Other,HDFC,drink,76.0
2025-05-09,Expense,Other,cash,jaya aunty,1500.0
2025-05-09,Expense,Other,cash,drink,100.0
2025-05-08,Expense,lsrinu,HDFC,watering,1000.0
2025-05-07,Income,Other,HDFC,cb,126.0
2025-05-07,Expense,Other,HDFC,ccbill,125.0
2025-05-07,Expense,Other,HDFC,snacks,20.0
2025-05-07,Expense,Other,nCChdfc,snacks,140.0
2025-05-07,Expense,Other,nCChdfc,milk,100.0
2025-05-05,Expense,Other,cash,maintenance,1200.0
2025-05-05,Expense,Other,HDFC,ration,120.0
2025-05-05,Expense,ayyappa,HDFC,thadika,400.0
2025-05-05,Income,Other,HDFC,int,1400.0
2025-05-05,Expense,Other,HDFC,milk,140.0
2025-05-05,Expense,Other,cash,milk,1500.0
2025-05-05,Expense,Other,cash,jaya aunty,1500.0
2025-05-05,Expense,Other,nCChdfc,lic,1200.0
2025-05-05,Expense,Other,nCChdfc,recharge,200.0
2025-05-05,Expense,Other,ICICIcc,covers,794.0
2025-05-05,Expense,Other,iAxis,medicines,40.0
2025-05-05,Expense,Other,cash,maintenance,1200.0
2025-05-04,Expense,Other,HDFC,ccbill,1801.0
2025-05-04,Income,Other,HDFC,int,109.0
2025-05-04,Expense,Other,cash,jaya aunty,1500.0
2025-05-04,Expense,Other,cash,maintenance,1200.0
2025-05-04,Expense,Other,cash,maintenance,1200.0
2025-05-03,Expense,Other,HDFC,transfer,5000.0
2025-05-03,Expense,Other,HDFC,milk,125.0
2025-05-02,Expense,Other,cash,tiffin,100.0
2025-05-02,Expense,Other,HDFC,kankara,11500.0
2025-05-02,Expense,Other,cash,kankara,100.0
2025-05-02,Expense,subramanyam,cash,utaru,1900.0
2025-05-02,Expense,srinu,cash,utaru,300.0
2025-05-01,Expense,Other,HDFC,aditya,600.0
2025-05-01,Expense,Other,nCChdfc,fish,800.0
2025-05-01,Income,Other,HDFC,cb,21.0
2025-05-01,Expense,Other,Axisneo,recharge,3513.0
2025-05-01,Income,mavayya garu,HDFC,received,1000.0
2025-05-01,Income,balaji mavayya,cash,received,1435.0
2025-05-01,Expense,Other,cash,rice,600.0
2025-05-01,Expense,Other,cash,milk,105.0
2025-05-01,Expense,Other,cash,can,180.0
2025-05-01,Expense,Other,cash,tiffin,550.0
2025-05-01,Expense,mavayya garu,nCChdfc,permit,303.0
2025-05-01,Expense,Other,nCChdfc,transfer,800.0
2025-05-01,Income,Other,nCChdfc,bill,11042.0
2025-05-01,Expense,Other,HDFC,ccbill,5700.0
2025-05-01,Income,Other,HDFC,clothes,3000.0
2025-05-01,Expense,Other,nCChdfc,lic,2259.0
2025-05-01,Expense,Other,nCChdfc,tatasky,200.0
2025-04-12,Expense,Other,HDFC,utaru,3000.0
2025-04-12,Expense,Other,nCChdfc,vegetables,300.0
2025-04-12,Expense,Other,nCChdfc,kirana,1350.0
2025-04-12,Expense,Other,HDFC,utaru,1000.0
2025-04-11,Expense,ksn,nCChdfc,train,874.0
2025-04-11,Expense,Other,HDFC,ccbill,4157.0
2025-04-11,Expense,Other,HDFC,pmjjby,362.0
2025-04-10,Expense,Other,cash,dhadi,1400.0
2025-04-10,Expense,Other,HDFC,wire,28.0
2025-04-09,Income,Other,HDFC,received,434.0
2025-04-09,Expense,Other,HDFC,naaru,1300.0
2025-04-09,Expense,Other,HDFC,tiffin,50.0
2025-04-09,Expense,Other,nCChdfc,tiffin,50.0
2025-04-09,Expense,Other,nCChdfc,aditya,1175.0
2025-04-09,Expense,nagesh,cash,sarivi,500.0
2025-04-09,Expense,srinu,cash,sarivi,600.0
2025-04-09,Expense,Other,IDFCcc,transfer,9500.0
2025-04-09,Expense,Other,IDFCcc,charges,225.0
2025-04-09,Income,Other,cash,adj,350.0
2025-04-09,Expense,Other,cash,milk,2000.0
2025-04-09,Expense,Other,HDFC,ccbill,4478.0
2025-04-08,Expense,Other,HDFC,milk,170.0
2025-04-08,Income,akka,HDFC,received,6000.0
2025-04-08,Expense,Other,HDFC,ccbill,4431.0
2025-04-08,Expense,Other,nCChdfc,petrol,500.0
2025-04-08,Expense,Other,iAxis,rice,180.0
2025-04-08,Expense,Other,iAxis,kirana,644.0
2025-04-08,Expense,Other,HDFC,drink,60.0
2025-04-08,Expense,Other,iAxis,cake,80.0
2025-04-07,Expense,Other,CChdfc,transfer,25000.0
2025-04-07,Expense,Other,CChdfc,charges,422.0
2025-04-07,Income,Other,HDFC,int,1400.0
2025-04-07,Expense,Other,nCChdfc,vegetables,110.0
2025-04-06,Income,Other,LICICI,commission,2272.0
2025-04-06,Expense,Other,nCChdfc,rice,1580.0
2025-04-06,Expense,Other,nCChdfc,vegetables,65.0
2025-04-06,Expense,Other,nCChdfc,recharge,395.0
2025-04-06,Income,Other,nCChdfc,bill,6021.0
2025-04-06,Expense,Other,HDFC,milk,70.0
2025-04-06,Expense,ammaji,HDFC,transfer,700.0
2025-04-06,Expense,Other,HDFC,hair cut,500.0
2025-04-06,Expense,Other,nCChdfc,petrol,1000.0
2025-04-05,Income,Other,HDFC,utaru,7236.0
2025-04-05,Income,Other,HDFC,utaru,6145.0
2025-04-05,Income,Other,HDFC,utaru,10908.0
2025-04-05,Income,Other,HDFC,utaru,2168.0
2025-04-05,Income,Other,HDFC,tractor,1719.0
2025-04-05,Expense,Other,HDFC,milk,70.0
2025-04-05,Income,Other,HDFC,utaru,18889.0
2025-04-04,Expense,Other,HDFC,vegetables,85.0
2025-04-04,Expense,Other,HDFC,milk,140.0
2025-04-04,Expense,Other,nCChdfc,vegetables,275.0
2025-04-04,Expense,Other,nCChdfc,gas,836.0
2025-04-04,Expense,Other,cash,hospital,500.0
2025-04-03,Expense,Other,HDFC,blade,1200.0
2025-04-03,Expense,Other,nCChdfc,vegetables,150.0
2025-04-03,Expense,Other,nCChdfc,recharge,448.0
2025-04-03,Income,Other,HDFC,int,1400.0
2025-04-03,Expense,Other,nCChdfc,kirana,220.0
2025-04-03,Expense,Other,cash,rice,1000.0
2025-04-03,Expense,Other,HDFC,milk,105.0
2025-04-03,Income,ammaji,cash,received,1200.0
2025-04-03,Income,Other,HDFC,cb,15.0
2025-04-03,Expense,ksn,nCChdfc,train,427.0
2025-04-03,Income,Other,kotak,zerodha,100000.0
2025-04-02,Expense,Other,nCChdfc,vegetables,240.0
2025-04-02,Expense,Other,HDFC,milk,140.0
2025-04-02,Expense,Other,Ricici,recharge,170.0
2025-04-02,Income,Other,Ricici,bill,1695.0
2025-04-01,Expense,Other,nCChdfc,tiffin,100.0
2025-04-01,Expense,balaji mavayya,HDFC,handloan,40000.0
2025-04-01,Expense,Other,cash,gilaka,1200.0
2025-04-01,Income,Other,LICICI,commission,1461.0
2025-04-01,Expense,Other,nCChdfc,petrol,390.0
2025-03-12,Expense,Other,HDFC,fertiliser,250.0
2025-03-12,Expense,Other,HDFC,dry bore,5000.0
2025-03-12,Expense,Other,HDFC,ration,70.0
2025-03-12,Expense,Other,HDFC,ccbill,43363.0
2025-03-12,Expense,Other,HDFC,ccbill,3982.0
2025-03-12,Income,Other,nCChdfc,bill,10564.0
2025-03-12,Expense,Other,HDFC,electrical,125.0
2025-03-12,Expense,Other,cash,transfer,600.0
2025-03-12,Expense,Other,HDFC,train,160.0
2025-03-12,Expense,Other,cash,milk,800.0
2025-03-12,Expense,Other,nCChdfc,train,1120.0
2025-03-12,Income,Other,HDFC,cb,35.0
2025-03-12,Expense,Other,cash,maintenance,1200.0
2025-03-12,Expense,Other,cash,maintenance,1200.0
2025-03-12,Expense,Other,HDFC,utaru,1000.0
2025-03-12,Expense,Other,HDFC,utaru,3000.0
2025-03-12,Expense,Other,cash,jaya aunty,1500.0
2025-03-12,Expense,Other,nCChdfc,lic,1200.0
2025-03-12,Income,Other,HDFC,received,1200.0
2025-03-11,Expense,Other,HDFC,ccbill,24011.0
2025-03-11,Expense,Other,HDFC,tailor,650.0
2025-03-10,Expense,Other,HDFC,cab,150.0
2025-03-10,Expense,Other,HDFC,food,100.0
2025-03-10,Expense,Other,nCChdfc,tirumala,150.0
2025-03-10,Expense,Other,nCChdfc,recharge,800.0
2025-03-10,Expense,Other,nCChdfc,train,347.0
2025-03-10,Expense,Other,nCChdfc,food,234.0
2025-03-10,Expense,Other,cash,tirumala,1500.0
2025-03-09,Expense,srinu,cash,gothulu,300.0
2025-03-09,Expense,nagesh,cash,utaru,250.0
2025-03-09,Expense,Other,CChdfc,amazon,625.0
2025-03-09,Expense,Other,HDFC,ccbill,54022.0
2025-03-09,Expense,nagesh,cash,gothulu,250.0
2025-03-09,Expense,msrinu,cash,utaru,900.0
2025-03-08,Expense,Other,cash,thega,200.0
2025-03-08,Income,Other,nCChdfc,bill,10290.0
2025-03-08,Expense,Other,cash,milk,1400.0
2025-03-08,Expense,Other,nCChdfc,insurance,1200.0
2025-03-08,Expense,Other,cash,misc,700.0
2025-03-08,Income,Other,HDFC,cb,35.0
2025-03-08,Expense,Other,HDFC,watering,1000.0
2025-03-08,Expense,Other,cash,maintenance,1200.0
2025-03-08,Expense,Other,ICICIcc,amazon,808.0
2025-03-08,Expense,Other,nCChdfc,train,3200.0
2025-03-08,Expense,Other,cash,maintenance,1200.0
2025-03-08,Expense,Other,cash,jaya aunty,1500.0
2025-03-07,Expense,Other,nCChdfc,tiffin,70.0
2025-03-07,Expense,Other,nCChdfc,happy,1212.0
2025-03-07,Expense,Other,nCChdfc,lic,1200.0
2025-03-07,Expense,Other,cash,ration,100.0
2025-03-07,Expense,Other,nCChdfc,recharge,200.0
2025-03-06,Expense,Other,Ricici,transfer,1500.0
2025-03-05,Expense,Other,HDFC,milk,70.0
2025-03-05,Expense,Other,HDFC,bricks,7950.0
2025-03-05,Expense,Other,HDFC,tiffin,25.0
2025-03-05,Expense,Other,HDFC,cement,11100.0
2025-03-05,Expense,ayyappa,HDFC,metlu,9000.0
2025-03-05,Expense,nagesh,cash,kuridi,250.0
2025-03-05,Expense,srinu,cash,misc,600.0
2025-03-05,Expense,ksn,nCChdfc,tatasky,200.0
2025-03-05,Expense,Other,iAxis,snacks,235.0
2025-03-05,Income,Other,Ricici,bill,4144.0
2025-03-04,Expense,subramanyam,cash,utaru,1250.0
2025-03-04,Expense,subramanyam,cash,utaru,1350.0
2025-03-04,Expense,Other,HDFC,milk,170.0
2025-03-04,Expense,Other,HDFC,tea,30.0
2025-03-04,Expense,Other,HDFC,petrol,100.0
2025-03-04,Expense,Other,cash,transfer,11000.0
2025-03-04,Expense,raja bava,nCChdfc,food,1140.0
2025-03-04,Expense,Other,nCChdfc,petrol,1000.0
2025-03-04,Expense,Other,nCChdfc,tiffin,100.0
2025-03-04,Expense,subramanyam,cash,utaru,1350.0
2025-03-03,Expense,Other,HDFC,milk,100.0
2025-03-03,Expense,Other,HDFC,kirana,1208.0
2025-03-03,Expense,Other,HDFC,ration,80.0
2025-03-02,Expense,Other,cash,maintenance,1200.0
2025-03-02,Expense,Other,SBIcc,victory bazaar,134.0
2025-03-02,Expense,Other,cash,temple,700.0
2025-03-02,Expense,ksn,HDFC,train,427.0
2025-03-02,Expense,Other,HDFC,kirana,175.0
2025-03-02,Expense,Other,HDFC,pooja,100.0
2025-03-02,Expense,Other,HDFC,milk,105.0
2025-03-02,Income,Other,HDFC,int,1400.0
2025-03-02,Expense,Other,nCChdfc,kirana,120.0
2025-03-02,Expense,Other,HDFC,temple,100.0
2025-03-02,Expense,Other,cash,maintenance,1200.0
2025-03-02,Expense,Other,cash,jaya aunty,1500.0
2025-03-01,Expense,Other,cash,gilaka,900.0
2025-03-01,Expense,Other,HDFC,tea,20.0
2025-02-12,Expense,Other,HDFC,ksgiri,950.0
2025-02-12,Expense,Other,HDFC,transfer,500.0
2025-02-11,Expense,Other,HDFC,ccbill,9981.0
2025-02-11,Income,Other,nCChdfc,bill,7206.0
2025-02-10,Expense,Other,cash,milk,1600.0
2025-02-10,Income,Other,Licici,commission,1941.0
2025-02-10,Income,Other,nCChdfc,bill,6677.0
2025-02-10,Expense,Other,nCChdfc,xerox,30.0
2025-02-10,Expense,ayyappa,HDFC,pillars,21000.0
2025-02-10,Expense,Other,HDFC,transfer,5000.0
2025-02-10,Expense,Other,HDFC,current bill,100.0
2025-02-10,Expense,Other,iAxis,milk,120.0
2025-02-09,Expense,Other,HDFC,milk,70.0
2025-02-09,Expense,Other,HDFC,milk,160.0
2025-02-09,Expense,Other,nCChdfc,insurance,1200.0
2025-02-09,Expense,Other,nCChdfc,tiffin,100.0
2025-02-09,Expense,Other,nCChdfc,vegetables,40.0
2025-02-09,Income,Other,nCChdfc,bill,23751.0
2025-02-09,Expense,nagesh,cash,dhukku,500.0
2025-02-09,Expense,srinu,cash,dhukku,600.0
2025-02-09,Expense,ramarao,HDFC,dhukku,1500.0
2025-02-09,Expense,Other,nCChdfc,chicken,330.0
2025-02-08,Expense,Other,cash,fish,500.0
2025-02-08,Expense,Other,iAxis,test,100.0
2025-02-08,Expense,Other,iAxis,tiffin,25.0
2025-02-08,Expense,Other,HDFC,ccbill,11269.0
2025-02-08,Expense,Other,HDFC,drink,50.0
2025-02-07,Income,Other,LICICI,commission,2109.0
2025-02-07,Income,Other,nCChdfc,bill,23093.0
2025-02-07,Expense,Other,nCChdfc,fish,900.0
2025-02-07,Expense,Other,HDFC,charges,590.0
2025-02-07,Expense,Other,HDFC,milk,30.0
2025-02-07,Income,Other,HDFC,int,105.0
2025-02-06,Income,balaji mavayya,HDFC,received,20000.0
2025-02-06,Expense,Other,nCChdfc,food,80.0
2025-02-06,Expense,Other,nCChdfc,recharge,199.0
2025-02-06,Expense,Other,nCChdfc,big basket,1226.0
2025-02-06,Expense,Other,cash,milk,1800.0
2025-02-06,Expense,Other,HDFC,milk,110.0
2025-02-06,Expense,Other,HDFC,transfer,600.0
2025-02-06,Expense,Other,HDFC,ccbill,13033.0
2025-02-05,Expense,Other,HDFC,transfer,20.0
2025-02-05,Expense,Other,HDFC,bricks,5000.0
2025-02-05,Income,Other,kotak,zerodha,45900.0
2025-02-05,Expense,ksn,HDFC,train,407.0
2025-02-05,Expense,Other,nCChdfc,prawns,1300.0
2025-02-05,Expense,Other,HDFC,ccbill,11339.0
2025-02-05,Expense,Other,HDFC,transfer,2600.0
2025-02-05,Income,Other,nCChdfc,bill,5541.0
2025-02-05,Income,Other,HDFC,cb,92.0
2025-02-05,Expense,Other,cash,misc,300.0
2025-02-04,Expense,nagesh,cash,parulu,1100.0
2025-02-04,Expense,Other,HDFC,milk,100.0
2025-02-04,Expense,Other,HDFC,kirana,180.0
2025-02-04,Expense,Other,nCChdfc,xerox,120.0
2025-02-04,Income,Other,nCChdfc,bill,98365.0
2025-02-04,Expense,Other,HDFC,tiffin,50.0
2025-02-04,Income,Other,cash,mango,5000.0
2025-02-03,Expense,Other,HDFC,ccbill,1853.0
2025-02-03,Expense,mavayya garu,HDFC,permit,300.0
2025-02-03,Income,Other,LICICI,commission,4198.0
2025-02-03,Expense,Other,HDFC,milk,105.0
2025-02-03,Expense,Other,nCChdfc,gas,844.0
2025-02-02,Expense,Other,HDFC,transfer,3000.0
2025-02-02,Income,Other,HDFC,cb,12.0
2025-02-02,Expense,Other,HDFC,tiffin,50.0
2025-02-02,Expense,Other,HDFC,petrol,100.0
2025-02-02,Expense,Other,HDFC,milk,75.0
2025-02-02,Income,Other,nCChdfc,bill,68208.0
2025-02-02,Expense,Other,nCChdfc,snacks,50.0
2025-02-02,Expense,Other,nCChdfc,tiffin,25.0
2025-02-02,Expense,nagesh,cash,watering,250.0
2025-02-02,Income,ammaji,cash,received,1100.0
2025-02-02,Expense,ammaji,HDFC,lic,2420.0
2025-02-02,Expense,Other,HDFC,transfer,400.0
2025-02-01,Expense,Other,HDFC,kirana,362.0
2025-02-01,Expense,Other,HDFC,diesel,1500.0
2025-02-01,Expense,Other,HDFC,petrol,400.0
2025-02-01,Expense,Other,nCChdfc,vegetables,355.0
2025-02-01,Expense,Other,nCChdfc,gas,844.0
2025-02-01,Expense,Other,HDFC,beta,300.0
2025-02-01,Expense,Other,cash,matti,600.0
2025-01-12,Expense,Other,HDFC,hospital,1600.0
2025-01-11,Income,Other,Licici,commission,645.0
2025-01-11,Expense,ayyappa,HDFC,centering,15000.0
2025-01-10,Expense,Other,HDFC,milk,105.0
2025-01-10,Income,Other,HDFC,int,104.0
2025-01-10,Expense,Other,HDFC,eggs,200.0
2025-01-10,Expense,Other,HDFC,ccbill,9453.0
2025-01-10,Expense,Other,HDFC,ccbill,11981.0
2025-01-10,Expense,Other,HDFC,ccbill,1344.0
2025-01-10,Expense,Other,iAxis,recharge,200.0
2025-01-09,Expense,srinu,cash,watering,300.0
2025-01-09,Expense,Other,HDFC,kirana,450.0
2025-01-09,Income,Other,HDFC,cb,16.0
2025-01-08,Expense,Other,HDFC,milk,75.0
2025-01-08,Expense,Other,iAxis,vegetables,315.0
2025-01-08,Expense,Other,ICICIcc,amazon,300.0
2025-01-07,Expense,ramu,iAxis,sundrirect,315.0
2025-01-07,Income,Other,HDFC,int,144.0
2025-01-07,Expense,Other,cash,milk,1800.0
2025-01-07,Income,Other,HDFC,cb,27.0
2025-01-07,Expense,akka,HDFC,surveyor,2000.0
2025-01-07,Expense,Other,iAxis,train,830.0
2025-01-07,Expense,akka,HDFC,raallu,400.0
2025-01-07,Expense,Other,HDFC,ccbill,11276.0
2025-01-07,Expense,Other,HDFC,transfer,3000.0
2025-01-06,Expense,ksn,Ricici,train,427.0
2025-01-06,Expense,ramu,Ricici,sundrirect,315.0
2025-01-06,Income,Other,cash,misc,400.0
2025-01-06,Expense,Other,Ricici,gas,1780.0
2025-01-06,Expense,Other,Ricici,lic,1200.0
2025-01-06,Expense,Other,HDFC,vegetables,100.0
2025-01-06,Expense,Other,cash,transfer,500.0
2025-01-06,Income,Other,HDFC,cb,42.0
2025-01-06,Income,Other,HDFC,cb,21.0
2025-01-06,Expense,Other,Ricici,vegetables,40.0
2025-01-06,Income,Other,Ricici,bill,2095.0
2025-01-05,Income,Other,HDFC,cb,16.0
2025-01-05,Expense,Other,Ricici,kirana,50.0
2025-01-05,Expense,Other,HDFC,tiffin,200.0
2025-01-04,Expense,Other,HDFC,ccbill,11346.0
2025-01-04,Expense,Other,iAxis,recharge,19.0
2025-01-04,Income,ammaji,cash,received,1200.0
2025-01-04,Income,raja bava,HDFC,received,10000.0
2025-01-04,Expense,Other,iAxis,transfer,200.0
2025-01-04,Expense,Other,HDFC,transfer,5000.0
2025-01-04,Expense,Other,iAxis,kirana,140.0
2025-01-04,Expense,Other,kotak,jloan,44679.0
2025-01-04,Expense,Other,LICICI,transfer,62659.0
2025-01-03,Income,Other,HDFC,cb,11.0
2025-01-03,Expense,Other,CChdfc,gold,5400.0
2025-01-03,Expense,ayyappa,HDFC,starters,8000.0
2025-01-03,Expense,Other,cash,temple,400.0
2025-01-03,Income,Other,nCChdfc,bill,11660.0
2025-01-03,Expense,Other,nCChdfc,petrol,3000.0
2025-01-02,Expense,Other,HDFC,ccbill,1566.0
2025-01-02,Expense,Other,HDFC,milk,105.0
2025-01-02,Income,eshwari,HDFC,received,3500.0
2025-01-01,Expense,Other,cash,gopi,17000.0
2025-01-01,Expense,Other,cash,watering,300.0
2025-01-01,Income,Other,HDFC,int,1729.0
2025-01-01,Expense,Other,iAxis,fruits,350.0
2025-01-01,Income,Other,cash,received,300.0
2025-01-01,Expense,Other,iAxis,misc,90.0
2024-12-12,Income,nagesh,cheruvu,utaru,500.0
2024-12-12,Expense,Other,nCChdfc,tatasky,200.0
2024-12-12,Expense,Other,SBIcc,recharge,201.0
2024-12-12,Income,subramanyam,cheruvu,utaru,800.0
2024-12-12,Expense,nagesh,cash,utaru,200.0
2024-12-11,Income,Other,HDFC,cb,2.0
2024-12-11,Expense,Other,nCChdfc,eggs,72.0
2024-12-11,Expense,Other,cash,transfer,40000.0
2024-12-11,Expense,Other,nCChdfc,petrol,410.0
2024-12-11,Expense,Other,SBIcc,vegetables,355.0
2024-12-11,Income,akka,HDFC,received,7500.0
2024-12-11,Income,Other,cash,received,1200.0
2024-12-11,Expense,Other,cash,misc,100.0
2024-12-11,Expense,Other,HDFC,milk,70.0
2024-12-11,Expense,Other,union,ccbill,3436.0
2024-12-11,Income,eshwari,HDFC,received,1000.0
2024-12-11,Expense,Other,HDFC,banana,40.0
2024-12-11,Expense,Other,Abank,ccbill,4492.0
2024-12-10,Expense,Other,cash,gas,100.0
2024-12-10,Expense,Other,nCChdfc,gas,1689.0
2024-12-10,Expense,Other,HDFC,milk,100.0
2024-12-09,Expense,Other,Abank,ccbill,4393.0
2024-12-09,Expense,Other,union,ccbill,3534.0
2024-12-09,Income,Other,Axisneo,bill,4776.0
2024-12-09,Expense,Other,nCChdfc,petrol,420.0
2024-12-09,Expense,Other,HDFC,thowdu,400.0
2024-12-09,Expense,Other,HDFC,milk,100.0
2024-12-08,Income,Other,Axisneo,bill,3909.0
2024-12-08,Expense,Other,HDFC,milk,80.0
2024-12-08,Expense,Other,union,ccbill,3584.0
2024-12-08,Expense,Other,Abank,ccbill,4344.0
2024-12-07,Expense,Other,nCChdfc,chicken,260.0
2024-12-07,Expense,Other,HDFC,milk,70.0
2024-12-07,Expense,Other,nCChdfc,petrol,400.0
2024-12-07,Income,sudhakar,cheruvu,utaru,400.0
2024-12-07,Income,sudhakar,kancherla,utaru,1600.0
2024-12-07,Income,nagesh,cheruvu,utaru,250.0
2024-12-07,Expense,Other,SBIcc,lic,507.0
2024-12-07,Income,nagesh,mkottu,thati aaku,250.0
2024-12-07,Expense,sudhakar,cash,utaru,500.0
2024-12-07,Expense,Other,HDFC,current bill,49.0
2024-12-07,Expense,nagesh,cash,thati aaku,200.0
2024-12-07,Expense,Other,HDFC,current bill,120.0
2024-12-07,Expense,Other,HDFC,current bill,448.0
2024-12-07,Expense,Other,HDFC,transfer,1500.0
2024-12-06,Expense,balaji mavayya,nCChdfc,train,1260.0
2024-12-06,Expense,Other,nCChdfc,current bill,4833.0
2024-12-06,Expense,Other,nCChdfc,current bill,116.0
2024-12-06,Expense,Other,nCChdfc,current bill,24.0
2024-12-06,Expense,Other,nCChdfc,current bill,528.0
2024-12-06,Expense,Other,cash,dwakra,8000.0
2024-12-06,Expense,Other,union,ccbill,3679.0
2024-12-06,Expense,Other,Abank,ccbill,4249.0
2024-12-06,Income,akka,cash,received,4000.0
2024-12-06,Expense,Other,HDFC,transfer,500.0
2024-12-06,Expense,Other,nCChdfc,gas,844.0
2024-12-05,Expense,Other,SBIcc,milk,1000.0
2024-12-05,Income,Other,SBIcc,bill,17323.0
2024-12-05,Expense,Other,nCChdfc,tatasky,200.0
2024-12-05,Expense,Other,nCChdfc,current bill,504.0
2024-12-05,Expense,Other,SBIcc,transfer,1000.0
2024-12-04,Expense,Other,HDFC,vegetables,70.0
2024-12-04,Expense,Other,Union,ccbill,3773.0
2024-12-04,Expense,Other,SBIcc,vegetables,40.0
2024-12-04,Expense,Other,SBIcc,aha,299.0
2024-12-04,Expense,Other,nCChdfc,kppalem,478.0
2024-12-04,Expense,Other,nCChdfc,d2,3937.0
2024-12-04,Expense,Other,nCChdfc,tatasky,250.0
2024-12-04,Expense,sai bava,SBIcc,train,1180.0
2024-12-04,Expense,Other,SBIcc,firstcry,942.0
2024-12-04,Expense,Other,Abank,ccbill,4155.0
2024-12-03,Expense,Other,nCChdfc,tiffin,20.0
2024-12-03,Expense,haribabu,cash,blade,400.0
2024-12-03,Expense,Other,CChdfc,victory bazaar,523.0
2024-12-03,Income,haribabu,kancherla,parulu,600.0
2024-12-03,Income,haribabu,mutth,parulu,600.0
2024-12-03,Expense,Other,HDFC,fense,65.0
2024-12-03,Income,Other,iAxis,cb,250.0
2024-12-03,Expense,Other,HDFC,vegetables,60.0
2024-12-02,Expense,Other,ICICIcc,s22,84.0
2024-12-02,Expense,Other,Abank,ccbill,4064.0
2024-12-02,Income,Other,FAxisCC,cb,40.0
2024-12-02,Expense,Other,Union,ccbill,6642.0
2024-12-02,Expense,Other,DHDFC,bosch fridge,220.0
2024-12-02,Income,osuri,cash,received,100000.0
2024-12-01,Income,Other,DHDFC,bill,14837.0
2024-12-01,Expense,Other,DHDFC,recharge,500.0
2024-12-01,Expense,Other,mAxis,petrol,1000.0
2024-12-01,Expense,Other,ICICIcc,s22,125.0
2024-12-01,Expense,Other,DHDFC,bosch fridge,49.0
2024-12-01,Expense,Other,cash,movie,1000.0
2024-11-12,Expense,nagesh,cash,utaru,200.0
2024-11-12,Income,nagesh,kancherla,utaru,500.0
2024-11-12,Income,subramanyam,mutth,utaru,600.0
2024-11-12,Income,subramanyam,kancherla,utaru,1700.0
2024-11-12,Expense,Other,HDFC,milk,40.0
2024-11-12,Expense,Other,nCChdfc,petrol,420.0
2024-11-12,Income,Other,FAxisCC,cb,76.0
2024-11-12,Income,subramanyam,kottu,utaru,1100.0
2024-11-11,Expense,Other,nCChdfc,coconut,200.0
2024-11-11,Expense,Other,cash,maintenance,1200.0
2024-11-11,Expense,Other,SBIcc,recharge,175.0
2024-11-11,Expense,Other,nCChdfc,petrol,500.0
2024-11-11,Expense,Other,cash,maintenance,1200.0
2024-11-11,Income,Other,union,int,6366.0
2024-11-11,Expense,Other,cash,vegetables,200.0
2024-11-11,Expense,Other,cash,siddanthi,1000.0
2024-11-11,Income,Other,SBIcc,bill,7597.0
2024-11-11,Expense,Other,SBIcc,washing machine,172.0
2024-11-11,Income,Other,FAxisCC,cb,1965.0
2024-11-10,Expense,Other,SBIcc,amazon,2711.0
2024-11-10,Expense,Other,FAxisCC,flipkart,39318.0
2024-11-10,Income,Other,FAxisCC,cb,81.0
2024-11-10,Expense,Other,HDFC,recharge,500.0
2024-11-09,Expense,Other,HDFC,fish,300.0
2024-11-09,Income,nagesh,culture,net,250.0
2024-11-09,Expense,Other,HDFC,net,760.0
2024-11-09,Expense,Other,SBIcc,fridge,227.0
2024-11-09,Expense,Other,SBIcc,disposals,80.0
2024-11-09,Expense,Other,iAxis,transfer,2000.0
2024-11-09,Expense,Other,nCChdfc,chicken,300.0
2024-11-09,Expense,nagesh,cash,net,200.0
2024-11-09,Income,Other,SBIcc,bill,8592.0
2024-11-09,Expense,Other,HDFC,aditya,120.0
2024-11-09,Expense,Other,HDFC,vegetables,385.0
2024-11-08,Income,mavayya garu,HDFC,received,1000.0
2024-11-07,Expense,sai bava,nCChdfc,train,1180.0
2024-11-07,Expense,Other,SBIcc,washing machine,281.0
2024-11-07,Income,Other,SBIcc,bill,9525.0
2024-11-06,Expense,akka,HDFC,goldloan,4000.0
2024-11-06,Expense,Other,HDFC,milk,70.0
2024-11-06,Income,Other,SBIcc,bill,16284.0
2024-11-05,Expense,Other,HDFC,transfer,1500.0
2024-11-05,Expense,Other,HDFC,vegetables,215.0
2024-11-05,Expense,Other,SBIcc,medplus,1084.0
2024-11-05,Expense,Other,HDFC,petrol,400.0
2024-11-04,Expense,Other,HDFC,food,40.0
2024-11-04,Expense,Other,cash,food,250.0
2024-11-04,Expense,Other,cash,anesthesia,3000.0
2024-11-04,Expense,Other,cash,chaitanya hosp,600.0
2024-11-04,Expense,Other,HDFC,medicines,6530.0
2024-11-04,Expense,Other,nCChdfc,sweets,800.0
2024-11-04,Expense,Other,nCChdfc,food,100.0
2024-11-04,Income,Other,FAxisCC,cb,8.0
2024-11-04,Income,Other,SBIcc,bill,1589.0
2024-11-04,Expense,Other,SBIcc,charges,589.0
2024-11-04,Expense,Other,SBIcc,medicines,2371.0
2024-11-04,Expense,Other,SBIcc,food,194.0
2024-11-03,Expense,Other,iAxis,charges,590.0
2024-11-03,Expense,ramarao,HDFC,blade,800.0
2024-11-03,Income,akka,HDFC,received,4100.0
2024-11-03,Expense,Other,iAxis,petrol,340.0
2024-11-03,Expense,Other,cash,vro,2000.0
2024-11-03,Expense,Other,HDFC,xerox,36.0
2024-11-03,Expense,Other,HDFC,vegetables,100.0
2024-11-03,Expense,mavayya garu,nCChdfc,permit,350.0
2024-11-03,Expense,haribabu,cash,blade,200.0
2024-11-03,Expense,ramarao,cash,blade,2000.0
2024-11-03,Expense,ramarao,iAxis,petrol,500.0
2024-11-03,Income,ramarao,mutth,blade,3300.0
2024-11-03,Income,haribabu,mutth,blade,300.0
2024-11-02,Expense,Other,Kotak,charges,446.0
2024-11-02,Expense,Other,HDFC,ccbill,73756.0
2024-11-01,Expense,Other,Amazon,Home,1157.0
2024-11-01,Expense,Other,DHDFC,bosch fridge,274.0
2024-11-01,Income,akka,HDFC,received,7000.0
2024-11-01,Income,Other,FAxisCC,cb,384.0
2024-11-01,Expense,Other,mAxis,milk,100.0
2024-11-01,Income,Other,HDFC,cb,8.0
2024-11-01,Expense,Other,HDFC,ccbill,4626.0
2024-10-12,Expense,Other,SBIcc,permit,900.0
2024-10-12,Expense,Other,HDFC,rat paste,205.0
2024-10-12,Expense,Other,HDFC,tiffin,120.0
2024-10-12,Expense,Other,SBIcc,washing machine,145.0
2024-10-12,Income,Other,SBIcc,bill,10096.0
2024-10-12,Expense,Other,nCChdfc,fried rice,160.0
2024-10-12,Expense,Other,CChdfc,face wash,546.0
2024-10-12,Expense,Other,HDFC,train,1388.0
2024-10-11,Expense,Other,HDFC,milk,70.0
2024-10-11,Expense,Other,HDFC,milk,140.0
2024-10-11,Expense,Other,FAxisCC,bigbasket,1376.0
2024-10-10,Income,Other,SBIcc,bill,19370.0
2024-10-10,Expense,balaji mavayya,CChdfc,divya,19000.0
2024-10-10,Expense,akka,iAxis,iphone,49946.0
2024-10-10,Expense,Other,SBIcc,washing machine,200.0
2024-10-10,Expense,Other,HDFC,charges,18.0
2024-10-09,Expense,Other,HDFC,milk,70.0
2024-10-09,Income,Other,HDFC,cb,12.0
2024-10-09,Expense,Other,nCChdfc,tiffin,20.0
2024-10-09,Expense,mavayya garu,nCChdfc,permit,350.0
2024-10-09,Expense,Other,iAxis,tea,10.0
2024-10-09,Income,Other,FAxisCC,cb,16.0
2024-10-09,Expense,Other,HDFC,karra,600.0
2024-10-09,Income,Other,Abank,NaviLoan,200000.0
2024-10-09,Expense,Other,nCChdfc,net,760.0
2024-10-09,Income,nagesh,culture,net,250.0
2024-10-08,Expense,Other,nCChdfc,ramu,285.0
2024-10-08,Expense,Other,nCChdfc,petrol,1000.0
2024-10-08,Expense,Other,SBIcc,washing machine,254.0
2024-10-08,Income,Other,SBIcc,bill,10334.0
2024-10-08,Expense,Other,SBIcc,reliance,246.0
2024-10-08,Expense,Other,HDFC,fastag,100.0
2024-10-08,Expense,Other,HDFC,milk,80.0
2024-10-08,Expense,Other,nCChdfc,juice,120.0
2024-10-08,Expense,Other,nCChdfc,sweets,480.0
2024-10-07,Expense,Other,cash,food,100.0
2024-10-07,Expense,Other,HDFC,rice,1400.0
2024-10-07,Expense,Other,HDFC,milk,70.0
2024-10-07,Expense,Other,nCChdfc,rice,150.0
2024-10-07,Expense,Other,nCChdfc,eggs,70.0
2024-10-07,Expense,Other,nCChdfc,kirana,560.0
2024-10-07,Expense,Other,SBIcc,reliance,138.0
2024-10-07,Expense,Other,nCChdfc,chicken,300.0
2024-10-07,Expense,Other,SBIcc,transfer,2000.0
2024-10-07,Expense,nagesh,nCChdfc,recharge,200.0
2024-10-07,Expense,nagesh,cash,manure,500.0
2024-10-07,Expense,mohan,cash,peda,2500.0
2024-10-07,Income,nagesh,kottu,manure,250.0
2024-10-06,Expense,balaji mavayya,nCChdfc,train,80.0
2024-10-06,Expense,Other,SBIcc,washing machine,307.0
2024-10-06,Expense,Other,kotak,AF,2000.0
2024-10-06,Income,Other,nCChdfc,cb,8.0
2024-10-06,Expense,Other,nCChdfc,vegetables,125.0
2024-10-06,Expense,Other,kotak,zerodha,2000.0
2024-10-06,Expense,Other,HDFC,transfer,10000.0
2024-10-06,Expense,Other,HDFC,ccbill,4373.0
2024-10-06,Expense,Other,HDFC,cutting,1000.0
2024-10-05,Expense,mavayya garu,SBIcc,permit,350.0
2024-10-05,Expense,Other,nCChdfc,eggs,120.0
2024-10-05,Income,Other,HDFC,int,1786.0
2024-10-05,Expense,Other,SBIcc,washing machine,333.0
2024-10-05,Expense,ksn,nCChdfc,train,427.0
2024-10-04,Expense,nagesh,cash,watering,500.0
2024-10-04,Expense,Other,nCChdfc,bigbasket,2195.0
2024-10-04,Expense,Other,HDFC,petrol,500.0
2024-10-04,Expense,mavayya garu,nCChdfc,permit,350.0
2024-10-03,Expense,Other,HDFC,vegetables,95.0
2024-10-03,Expense,Other,HDFC,fish market,3400.0
2024-10-03,Income,mavayya garu,cash,1,2500.0
2024-10-03,Expense,Other,HDFC,ccbill,11228.0
2024-10-03,Income,Other,HDFC,cb,3.0
2024-10-03,Expense,Other,CChdfc,gas,844.0
2024-10-03,Expense,Other,HDFC,ramarao,100.0
2024-10-03,Income,haribabu,mutth,blade,300.0
2024-10-03,Expense,Other,nCChdfc,milk,105.0
2024-10-02,Expense,Other,HDFC,kaju,10270.0
2024-10-01,Expense,Other,HDFC,transfer,1000.0
2024-10-01,Expense,Other,mAxis,petrol,500.0
2024-09-12,Expense,Other,HDFC,milk,65.0
2024-09-12,Expense,Other,nCChdfc,thowdu,150.0
2024-09-11,Expense,Other,HDFC,milk,140.0
2024-09-11,Expense,Other,HDFC,transfer,1500.0
2024-09-11,Expense,Other,HDFC,refund,1399.0
2024-09-11,Income,Other,cash,received,800.0
2024-09-10,Expense,Other,ICICIcc,amazon,403.0
2024-09-10,Expense,Other,HDFC,milk,100.0
2024-09-10,Expense,Other,nCChdfc,petrol,300.0
2024-09-10,Expense,Other,nCChdfc,medicines,105.0
2024-09-10,Expense,ramu,nCChdfc,sundirect,285.0
2024-09-09,Expense,Other,kotak,zerodha,5000.0
2024-09-09,Expense,Other,cash,sbigen,5000.0
2024-09-09,Income,Other,HDFC,cb,2.0
2024-09-09,Expense,Other,HDFC,ccbill,7823.0
2024-09-09,Income,Other,kotak,ipo,656.0
2024-09-09,Income,Other,HDFC,gas,43.0
2024-09-09,Expense,Other,nCChdfc,xerox,50.0
2024-09-09,Expense,ramu,nCChdfc,sundirect,285.0
2024-09-09,Expense,Other,HDFC,milk,70.0
2024-09-09,Expense,Other,HDFC,transfer,2800.0
2024-09-08,Expense,Other,nCChdfc,permit,450.0
2024-09-08,Expense,Other,HDFC,transfer,8000.0
2024-09-08,Income,Other,kotak,dhan,3934.0
2024-09-08,Expense,mavayya garu,nCChdfc,permit,350.0
2024-09-07,Expense,Other,SBIcc,victory bazaar,821.0
2024-09-07,Expense,Other,HDFC,banana,100.0
2024-09-07,Income,Other,HDFC,int,287.0
2024-09-07,Expense,Other,nCChdfc,kirana,230.0
2024-09-07,Expense,sai bava,nCChdfc,train,1620.0
2024-09-07,Expense,Other,nCChdfc,tatasky,200.0
2024-09-07,Expense,Other,cash,bellam,100.0
2024-09-07,Expense,Other,nCChdfc,vegetables,300.0
2024-09-07,Expense,Other,kotak,dhan,14112.0
2024-09-06,Expense,Other,nCChdfc,mutton,700.0
2024-09-05,Expense,Other,ICICIcc,pureit,29.0
2024-09-05,Expense,Other,HDFC,recharge,300.0
2024-09-05,Expense,Other,SBIcc,victory bazaar,1294.0
2024-09-05,Expense,Other,cash,maintenance,1000.0
2024-09-05,Expense,Other,cash,maintenance,1000.0
2024-09-05,Expense,Other,HDFC,fruits,2200.0
2024-09-04,Expense,Other,HDFC,transfer,5000.0
2024-09-04,Expense,Other,nCChdfc,mandi,1100.0
2024-09-04,Expense,ksn,nCChdfc,train,554.0
2024-09-04,Expense,devi,nCChdfc,recharge,179.0
2024-09-04,Expense,Other,HDFC,ccbill,18116.0
2024-09-04,Income,Other,HDFC,cb,14.0
2024-09-03,Expense,Other,nCChdfc,petrol,444.0
2024-09-03,Expense,Other,cash,katthi,850.0
2024-09-03,Expense,Other,nCChdfc,milk,105.0
2024-09-03,Expense,Other,CChdfc,leo,955.0
2024-09-03,Expense,Other,HDFC,transfer,3000.0
2024-09-03,Income,Other,HDFC,trees,2500.0
2024-09-03,Expense,Other,cash,dwakra,4000.0
2024-09-02,Expense,Other,HDFC,kirana,10000.0
2024-09-02,Income,manikanta,HDFC,received,10320.0
2024-09-01,Expense,mavayya garu,nCChdfc,permit,350.0
2024-09-01,Expense,Other,mAxis,milk,100.0
2024-08-12,Expense,venkanna,HDFC,tractor,10500.0
2024-08-12,Income,eshwari,HDFC,received,1000.0
2024-08-12,Expense,Other,HDFC,ccbill,4562.0
2024-08-12,Income,Other,HDFC,cb,15.0
2024-08-12,Expense,ramu,nCChdfc,sundirect,285.0
2024-08-12,Expense,Other,HDFC,internet,1500.0
2024-08-12,Expense,Other,HDFC,recharge,633.0
2024-08-11,Expense,Other,nCChdfc,petrol,400.0
2024-08-11,Expense,Other,HDFC,ccbill,17839.0
2024-08-11,Expense,ramu,nCChdfc,sundirect,285.0
2024-08-11,Expense,ksn,HDFC,train,427.0
2024-08-11,Expense,Other,HDFC,fascino,120.0
2024-08-10,Expense,mavayya garu,nCChdfc,permit,350.0
2024-08-10,Expense,Other,CChdfc,medicines,1185.0
2024-08-10,Expense,Other,iAxis,vegetables,480.0
2024-08-10,Expense,Other,cash,rice,600.0
2024-08-10,Expense,Other,HDFC,banana,100.0
2024-08-10,Expense,ksn,nCChdfc,train,859.0
2024-08-09,Expense,Other,HDFC,milk,100.0
2024-08-09,Expense,mavayya garu,nCChdfc,permit,350.0
2024-08-09,Expense,Other,HDFC,debit card,358.0
2024-08-08,Income,Other,HDFC,cb,5.0
2024-08-08,Income,Other,CChdfc,cb,6.0
2024-08-08,Expense,Other,HDFC,milk,70.0
2024-08-08,Expense,Other,HDFC,ccbill,1813.0
2024-08-08,Expense,sai bava,CChdfc,train,2370.0
2024-08-07,Income,srinu,kottu,manure,1200.0
2024-08-07,Income,nagesh,kottu,manure,500.0
2024-08-07,Expense,Other,nCChdfc,petrol,380.0
2024-08-07,Expense,Other,HDFC,tiffin,81.0
2024-08-07,Expense,Other,HDFC,charges,590.0
2024-08-07,Expense,mohan,cash,peda,500.0
2024-08-07,Income,mohan,kottu,peda,2500.0
2024-08-07,Expense,srinu,cash,manure,1000.0
2024-08-07,Expense,srinu,cash,manure,600.0
2024-08-07,Expense,nagesh,cash,manure,500.0
2024-08-07,Expense,srinu,cash,manure,1200.0
2024-08-06,Expense,Other,iAxis,petrol,400.0
2024-08-06,Expense,Other,HDFC,vegetables,135.0
2024-08-05,Expense,Other,nCChdfc,current bill,87.0
2024-08-05,Expense,Other,nCChdfc,medicines,128.0
2024-08-05,Income,Other,HDFC,lic,844465.0
2024-08-05,Expense,ramu,nCChdfc,sundirect,285.0
2024-08-05,Expense,Other,HDFC,ccbill,4345.0
2024-08-04,Expense,Other,nCChdfc,engine,555.0
2024-08-04,Expense,Other,nCChdfc,vegetables,250.0
2024-08-04,Expense,Other,cash,milk,805.0
2024-08-04,Expense,Other,cash,eggs,100.0
2024-08-04,Expense,nagesh,cash,watering,300.0
2024-08-04,Income,nagesh,kancherla,watering,500.0
2024-08-04,Expense,Other,iAxis,petrol,400.0
2024-08-04,Expense,Other,iAxis,petrol,600.0
2024-08-04,Expense,Other,cash,engine,200.0
2024-08-03,Expense,Other,nCChdfc,juice,290.0
2024-08-03,Expense,Other,nCChdfc,milk,105.0
2024-08-03,Expense,Other,HDFC,hospital,550.0
2024-08-03,Expense,Other,nCChdfc,petrol,500.0
2024-08-02,Expense,Other,HDFC,flowers,350.0
2024-08-02,Expense,Other,HDFC,medicines,337.0
2024-08-01,Income,Other,HDFC,cb,31.0
2024-08-01,Expense,Other,tDHDFC,B3,860.0
2024-08-01,Expense,Other,tDHDFC,kppalem,175.0
2024-08-01,Expense,Other,HDFC,ccbill,4000.0
2024-08-01,Expense,Other,tDHDFC,D2,176.0
2024-08-01,Expense,Other,HDFC,ccbill,2000.0
2024-08-01,Expense,Other,tDHDFC,bsnl,761.0
2024-08-01,Expense,Other,CChdfc,food,355.0
2024-08-01,Expense,Other,tDHDFC,gas,944.0
2024-08-01,Income,Other,mAxis,ccbill,11186.0
2024-07-12,Expense,Other,nCChdfc,petrol,213.0
2024-07-12,Expense,Other,cash,rice,800.0
2024-07-12,Expense,Other,HDFC,milk,30.0
2024-07-11,Income,Other,HDFC,cb,18.0
2024-07-11,Expense,Other,cash,thowdu,500.0
2024-07-11,Expense,Other,HDFC,mining,1000.0
2024-07-11,Expense,Other,HDFC,milk,100.0
2024-07-10,Expense,Other,HDFC,transfer,3000.0
2024-07-10,Expense,Other,nCChdfc,petrol,400.0
2024-07-10,Income,Other,kotak,zerodha,451.0
2024-07-09,Expense,nagesh,nCChdfc,airtel,200.0
2024-07-09,Expense,Other,nCChdfc,petrol,450.0
2024-07-08,Expense,ksn,HDFC,recharge,800.0
2024-07-08,Expense,Other,SBIcc,vegetables,115.0
2024-07-08,Income,Other,HDFC,cb,30.0
2024-07-08,Expense,ksn,HDFC,train,427.0
2024-07-08,Expense,Other,nCChdfc,transfer,1500.0
2024-07-07,Expense,Other,HDFC,ccbill,8577.0
2024-07-07,Expense,Other,nCChdfc,medicines,110.0
2024-07-07,Income,Other,HDFC,cb,5.0
2024-07-07,Expense,balaji mavayya,nCChdfc,paid,2000.0
2024-07-07,Expense,Other,HDFC,ccbill,832.0
2024-07-07,Expense,nagesh,cash,manure,500.0
2024-07-07,Expense,Other,HDFC,milk,70.0
2024-07-07,Income,srinu,mutth,manure,600.0
2024-07-07,Expense,Other,HDFC,parking,25.0
2024-07-07,Income,Other,cash,received,300.0
2024-07-07,Income,nagesh,mutth,manure,250.0
2024-07-07,Expense,Other,nCChdfc,ticket,20.0
2024-07-07,Expense,srinu,cash,manure,500.0
2024-07-07,Expense,Other,HDFC,tea,20.0
2024-07-06,Expense,Other,HDFC,food,40.0
2024-07-06,Expense,Other,CChdfc,adj,815.0
2024-07-06,Expense,ramu,nCChdfc,sundirect,285.0
2024-07-06,Expense,Other,HDFC,auto,300.0
2024-07-06,Expense,Other,HDFC,fascino,300.0
2024-07-06,Income,Other,HDFC,received,15400.0
2024-07-06,Expense,Other,nCChdfc,xerox,10.0
2024-07-05,Income,Other,HDFC,cb,13.0
2024-07-05,Expense,Other,nCChdfc,gulukulu,240.0
2024-07-05,Expense,Other,iAxis,petrol,500.0
2024-07-05,Expense,Other,HDFC,ccbill,9327.0
2024-07-05,Expense,nagesh,cash,watering,500.0
2024-07-05,Income,nagesh,kottu,watering,250.0
2024-07-05,Expense,Other,HDFC,tiffin,10.0
2024-07-04,Expense,Other,HDFC,tiffin,20.0
2024-07-04,Expense,Other,cash,maintenance,1000.0
2024-07-04,Income,Other,cash,received,100.0
2024-07-04,Income,Other,HDFC,received,1000.0
2024-07-04,Expense,nagesh,cash,watering,300.0
2024-07-04,Income,nagesh,mutth,watering,500.0
2024-07-04,Expense,Other,nCChdfc,engine,180.0
2024-07-04,Expense,Other,cash,maintenance,1000.0
2024-07-04,Expense,Other,nCChdfc,tiffin,20.0
2024-07-04,Expense,Other,nCChdfc,medicines,29.0
2024-07-03,Expense,mavayya garu,HDFC,transfer,2000.0
2024-07-03,Expense,Other,HDFC,photos,200.0
2024-07-03,Expense,Other,nCChdfc,xerox,160.0
2024-07-03,Expense,Other,nCChdfc,courier,80.0
2024-07-03,Expense,Other,cash,si,1000.0
2024-07-03,Income,Other,Kotak,int,95.0
2024-07-03,Expense,Other,HDFC,transfer,500.0
2024-07-03,Expense,Other,nCChdfc,milk,105.0
2024-07-03,Expense,Other,Kotak,zerodha,50000.0
2024-07-03,Expense,Other,cash,Home,270.0
2024-07-02,Expense,balaji mavayya,HDFC,expenses,20000.0
2024-07-01,Expense,Other,DHDFC,aditya,990.0
2024-07-01,Expense,Other,nCChdfc,soda,20.0
2024-07-01,Expense,mavayya garu,nCChdfc,permit,350.0
2024-07-01,Expense,Other,cash,transfer,2500.0
2024-07-01,Expense,Other,mAxis,milk,100.0
2024-07-01,Expense,Other,mAxis,petrol,1700.0
2024-07-01,Expense,raja bava,DHDFC,medplus,556.0
2024-07-01,Expense,Other,DHDFC,krishna sweets,190.0
2024-07-01,Expense,Other,tDHDFC,tatasky,250.0
2024-06-12,Expense,Other,nCChdfc,petrol,400.0
2024-06-12,Expense,sai bava,nCChdfc,train,1200.0
2024-06-12,Income,nagesh,kottu,fense,250.0
2024-06-12,Expense,Other,nCChdfc,food,80.0
2024-06-12,Expense,Other,HDFC,fascino,100.0
2024-06-11,Expense,Other,nCChdfc,gas,845.0
2024-06-11,Expense,ksn,nCChdfc,tatasky,200.0
2024-06-11,Expense,Other,HDFC,ccbill,58512.0
2024-06-11,Income,Other,HDFC,int,226.0
2024-06-11,Expense,Other,HDFC,milk,110.0
2024-06-11,Expense,Other,cash,rice,700.0
2024-06-10,Expense,Other,HDFC,ccbill,12541.0
2024-06-10,Expense,Other,ICICIcc,limit,70000.0
2024-06-10,Expense,Other,cash,maintenance,1200.0
2024-06-10,Expense,Other,HDFC,milk,100.0
2024-06-10,Expense,Other,cash,maintenance,1200.0
2024-06-10,Expense,Other,nCChdfc,fish,1150.0
2024-06-10,Income,Other,cash,received,1600.0
2024-06-10,Income,Other,HDFC,cb,33.0
2024-06-10,Expense,Other,iAxis,xerox,20.0
2024-06-09,Expense,Other,HDFC,vegetables,210.0
2024-06-09,Expense,Other,HDFC,banana,50.0
2024-06-09,Expense,Other,nCChdfc,xerox,42.0
2024-06-08,Expense,Other,HDFC,milk,70.0
2024-06-08,Expense,Other,HDFC,internet,3000.0
2024-06-08,Income,Other,HDFC,cb,138.0
2024-06-08,Income,Other,HDFC,cb,6.0
2024-06-08,Expense,Other,HDFC,ccbill,7348.0
2024-06-07,Income,srinu,mutth,manure,1200.0
2024-06-07,Expense,ksn,nCChdfc,train,426.0
2024-06-07,Expense,Other,nCChdfc,tiffin,60.0
2024-06-07,Expense,Other,HDFC,tiffin,60.0
2024-06-07,Expense,srinu,cash,manure,700.0
2024-06-07,Income,nagesh,mutth,manure,500.0
2024-06-06,Expense,Other,nCChdfc,temple,50.0
2024-06-06,Expense,Other,HDFC,cab,750.0
2024-06-06,Expense,Other,HDFC,auto,1100.0
2024-06-05,Expense,Other,nCChdfc,clothes,230.0
2024-06-05,Expense,Other,nCChdfc,medicines,110.0
2024-06-05,Expense,Other,nCChdfc,bigbasket,2396.0
2024-06-05,Income,Other,nCChdfc,cb,590.0
2024-06-05,Expense,Other,HDFC,fruits,450.0
2024-06-04,Expense,Other,cash,movie,700.0
2024-06-04,Expense,Other,cash,peddiraju,1100.0
2024-06-04,Expense,Other,cash,ecg,200.0
2024-06-04,Expense,Other,nCChdfc,rusk,50.0
2024-06-04,Income,nagesh,kottu,watering,500.0
2024-06-04,Expense,Other,HDFC,tiffin,34.0
2024-06-04,Expense,Other,HDFC,echo,2000.0
2024-06-04,Expense,Other,HDFC,iron,2900.0
2024-06-04,Income,Other,HDFC,int,118.0
2024-06-04,Expense,Other,nCChdfc,milk,70.0
2024-06-04,Expense,Other,cash,fuse,100.0
2024-06-04,Expense,Other,HDFC,transfer,900.0
2024-06-04,Expense,Other,cash,dwakra,4000.0
2024-06-03,Expense,Other,CChdfc,leo,1979.0
2024-06-03,Expense,Other,HDFC,panasakay,200.0
2024-06-03,Expense,Other,nCChdfc,milk,105.0
2024-06-03,Expense,Other,nCChdfc,corn,100.0
2024-06-03,Expense,Other,cash,transfer,2800.0
2024-06-03,Expense,Other,nCChdfc,petrol,500.0
2024-06-03,Expense,Other,cash,nagesh,2000.0
2024-06-02,Income,dad,HDFC,received,3000.0
2024-06-01,Expense,Other,tDHDFC,big basket,2303.0
2024-06-01,Expense,Other,mAxis,petrol,500.0
2024-06-01,Expense,raja bava,cash,cash,200.0
2024-06-01,Expense,Other,HDFC,internet,3000.0
2024-05-12,Income,Other,union,int,31.0
2024-05-12,Expense,Other,cash,dwakra,4000.0
2024-05-12,Expense,Other,cash,maintenance,1200.0
2024-05-12,Expense,Other,cash,maintenance,1200.0
2024-05-12,Expense,Other,nCChdfc,tiffin,50.0
2024-05-12,Expense,Other,HDFC,ccbill,58662.0
2024-05-12,Income,Other,HDFC,cb,74.0
2024-05-12,Income,Other,HDFC,adj,313.0
2024-05-12,Expense,venkanna,HDFC,jcb,10000.0
2024-05-12,Expense,Other,HDFC,transfer,3100.0
2024-05-11,Expense,Other,cash,dwakra,4000.0
2024-05-10,Expense,Other,ICICIcc,prime,399.0
2024-05-10,Expense,Other,cash,jaya aunty,1500.0
2024-05-10,Expense,Other,cash,journalists,4000.0
2024-05-10,Expense,Other,HDFC,ration,80.0
2024-05-10,Expense,Other,nCChdfc,transfer,2000.0
2024-05-10,Expense,Other,HDFC,transfer,10000.0
2024-05-09,Expense,Other,HDFC,milk,70.0
2024-05-09,Income,Other,HDFC,cb,14.0
2024-05-09,Expense,Other,HDFC,ccbill,4634.0
2024-05-08,Expense,Other,nCChdfc,petrol,500.0
2024-05-08,Expense,Other,cash,corn,100.0
2024-05-08,Expense,Other,HDFC,milk,70.0
2024-05-08,Expense,Other,HDFC,kirana,220.0
2024-05-08,Expense,Other,nCChdfc,xerox,20.0
2024-05-07,Expense,Other,nCChdfc,tiffin,60.0
2024-05-07,Expense,Other,HDFC,fertilisers,400.0
2024-05-07,Expense,Other,HDFC,fertilisers,400.0
2024-05-07,Expense,Other,HDFC,fertilisers,300.0
2024-05-07,Expense,Other,HDFC,fertilisers,850.0
2024-05-07,Expense,Other,HDFC,fertilisers,250.0
2024-05-07,Expense,Other,nCChdfc,petrol,500.0
2024-05-07,Expense,Other,HDFC,tea,20.0
2024-05-07,Income,Other,HDFC,refund,462.0
2024-05-07,Expense,srinu,cash,manure,1200.0
2024-05-07,Income,Other,kotak,zerodha,31339.0
2024-05-07,Expense,Other,nCChdfc,gas,845.0
2024-05-07,Income,Other,HDFC,int,17.0
2024-05-07,Income,Other,kotak,AF,375.0
2024-05-07,Income,Other,HDFC,cb,26.0
2024-05-07,Expense,nagesh,cash,manure,500.0
2024-05-07,Expense,Other,HDFC,barakam,200.0
2024-05-07,Expense,Other,cash,maintenance,1000.0
2024-05-07,Income,nagesh,kottu,manure,500.0
2024-05-07,Income,srinu,kottu,manure,1200.0
2024-05-07,Expense,Other,HDFC,fertilisers,900.0
2024-05-06,Expense,Other,HDFC,ccbill,550.0
2024-05-06,Expense,Other,HDFC,ccbill,8120.0
2024-05-06,Income,Other,HDFC,cb,273.0
2024-05-06,Income,akka,HDFC,received,12000.0
2024-05-06,Expense,Other,cash,auto,300.0
2024-05-06,Expense,Other,HDFC,panthulu,1200.0
2024-05-06,Expense,Other,cash,panthulu,3000.0
2024-05-06,Expense,Other,cash,temple,400.0
2024-05-06,Expense,Other,HDFC,pooja,100.0
2024-05-05,Expense,Other,SBIcc,charges,117.0
2024-05-05,Expense,Other,cash,tap,600.0
2024-05-04,Expense,Other,cash,hospital,200.0
2024-05-04,Income,Other,kotak,dhan,2124.0
2024-05-04,Income,Other,Kotak,zerodha,49820.0
2024-05-04,Expense,Other,cash,leo,200.0
2024-05-04,Expense,Other,nCChdfc,milk,70.0
2024-05-04,Expense,Other,HDFC,medicines,240.0
2024-05-04,Expense,Other,nCChdfc,coconut,160.0
2024-05-04,Income,Other,HDFC,int,345.0
2024-05-03,Expense,Other,HDFC,vegetables,200.0
2024-05-03,Expense,Other,cash,transfer,30000.0
2024-05-03,Expense,Other,nCChdfc,xerox,60.0
2024-05-03,Expense,Other,HDFC,photos,840.0
2024-05-03,Expense,akka,CChdfc,internet,3717.0
2024-05-03,Expense,Other,nCChdfc,vegetables,170.0
2024-05-02,Income,Other,FAxisCC,train,855.0
2024-05-01,Expense,mavayya garu,nCChdfc,permit,350.0
2024-05-01,Expense,Other,HDFC,transfer,2600.0
2024-05-01,Expense,Other,tDHDFC,Food,272.0
2024-04-12,Expense,Other,nCChdfc,tiffin,100.0
2024-04-12,Expense,Other,HDFC,milk,65.0
2024-04-12,Expense,Other,nCChdfc,hair cut,500.0
2024-04-12,Expense,balaji mavayya,HDFC,loan,40000.0
2024-04-11,Expense,Other,HDFC,transfer,2500.0
2024-04-11,Expense,Other,HDFC,milk,100.0
2024-04-11,Income,balaji mavayya,cash,received,10700.0
2024-04-11,Expense,Other,HDFC,transfer,20000.0
2024-04-11,Expense,Other,nCChdfc,medicines,220.0
2024-04-11,Expense,Other,nCChdfc,vegetables,240.0
2024-04-11,Expense,Other,nCChdfc,kirana,402.0
2024-04-11,Expense,Other,nCChdfc,petrol,400.0
2024-04-10,Expense,raja bava,cash,petrol,600.0
2024-04-10,Expense,Other,cash,misc,550.0
2024-04-10,Expense,Other,HDFC,milk,70.0
2024-04-10,Expense,Other,HDFC,fascino,840.0
2024-04-10,Income,Other,kotak,AF,636.0
2024-04-10,Expense,Other,cash,dwakra,4000.0
2024-04-10,Expense,Other,HDFC,transfer,5600.0
2024-04-09,Expense,Other,HDFC,milk,70.0
2024-04-09,Expense,Other,nCChdfc,gas,1689.0
2024-04-09,Expense,Other,HDFC,vegetables,125.0
2024-04-09,Expense,Other,cash,maintenance,1200.0
2024-04-09,Expense,Other,cash,maintenance,1200.0
2024-04-09,Expense,Other,cash,jaya aunty,1500.0
2024-04-09,Expense,Other,cash,milk,1500.0
2024-04-08,Expense,Other,nCChdfc,Janasena,500.0
2024-04-08,Expense,Other,HDFC,milk,110.0
2024-04-07,Income,srinu,cheruvu,manure,1200.0
2024-04-07,Expense,nagesh,cash,manure,200.0
2024-04-07,Expense,Other,cash,maintenance,1000.0
2024-04-07,Income,Other,nCChdfc,bill,20452.0
2024-04-07,Expense,Other,nCChdfc,tiffin,60.0
2024-04-07,Expense,Other,HDFC,tea,20.0
2024-04-07,Income,nagesh,cheruvu,manure,500.0
2024-04-07,Expense,Other,HDFC,transfer,5000.0
2024-04-07,Expense,srinu,cash,manure,400.0
2024-04-06,Expense,Other,nCChdfc,misc,37.0
2024-04-06,Expense,Other,FAxisCC,lounge,6.0
2024-04-06,Expense,Other,nCChdfc,milk,140.0
2024-04-06,Expense,Other,nCChdfc,cab,500.0
2024-04-06,Expense,raja bava,nCChdfc,train,2150.0
2024-04-06,Expense,Other,cash,cab,250.0
2024-04-06,Expense,Other,SBIcc,aditya,566.0
2024-04-06,Expense,ksn,nCChdfc,train,367.0
2024-04-06,Expense,Other,cash,auto,250.0
2024-04-06,Expense,Other,nCChdfc,coconut,110.0
2024-04-05,Expense,sudhakar,cash,utaru,1600.0
2024-04-05,Expense,Other,HDFC,washing machine,3200.0
2024-04-05,Expense,sudhakar,cash,utaru,400.0
2024-04-05,Expense,sudhakar,cash,utaru,800.0
2024-04-05,Expense,Other,nCChdfc,tap,1080.0
2024-04-05,Expense,sudhakar,cash,utaru,400.0
2024-04-04,Expense,ksn,nCChdfc,train,427.0
2024-04-04,Expense,Other,iAxis,petrol,350.0
2024-04-04,Expense,Other,cash,eggs,200.0
2024-04-04,Expense,nagesh,cash,watering,550.0
2024-04-04,Expense,nagesh,cash,watering,450.0
2024-04-04,Expense,Other,nCChdfc,gas,845.0
2024-04-04,Expense,Other,nCChdfc,kppalem,90.0
2024-04-04,Expense,Other,nCChdfc,D2,175.0
2024-04-04,Expense,Other,nCChdfc,milk,70.0
2024-04-04,Expense,Other,CChdfc,medicines,862.0
2024-04-03,Expense,Other,cash,chepuru,200.0
2024-04-03,Expense,Other,cash,si,10000.0
2024-04-03,Expense,Other,cash,maintenance,1000.0
2024-04-03,Expense,Other,cash,maintenance,2000.0
2024-04-03,Expense,Other,HDFC,petrol,1000.0
2024-04-03,Expense,Other,cash,transfer,430.0
2024-04-03,Income,Other,cash,received,650.0
2024-04-03,Expense,Other,cash,spraying,300.0
2024-04-03,Expense,Other,cash,certificate,200.0
2024-04-03,Expense,Other,cash,coconut,300.0
2024-04-03,Income,Other,HDFC,cb,27.0
2024-04-02,Income,lalitha pinni,cash,received,7000.0
2024-04-02,Expense,Other,HDFC,train,850.0
2024-04-02,Expense,Other,HDFC,kunda,550.0
2024-04-01,Expense,Other,nCChdfc,Food,50.0
2024-04-01,Income,Other,HDFC,int,256.0
2024-04-01,Expense,Other,mAxis,hair cut,550.0
2024-03-12,Expense,Other,SBIcc,medicines,30.0
2024-03-12,Expense,Other,HDFC,rusk,50.0
2024-03-12,Income,Other,nCChdfc,bill,8919.0
2024-03-12,Expense,Other,HDFC,tiffin,60.0
2024-03-12,Expense,Other,SBIcc,kirana,168.0
2024-03-12,Expense,Other,HDFC,beta,300.0
2024-03-12,Expense,Other,nCChdfc,lunch,300.0
2024-03-11,Income,Other,nCChdfc,bill,14789.0
2024-03-11,Expense,Other,CChdfc,myntra,7804.0
2024-03-11,Income,eshwari,HDFC,iqoo,2500.0
2024-03-10,Expense,Other,HDFC,haircut,600.0
2024-03-10,Expense,Other,HDFC,notice,75.0
2024-03-10,Expense,Other,nCChdfc,petrol,400.0
2024-03-10,Expense,Other,nCChdfc,xerox,300.0
2024-03-10,Expense,Other,iAxis,misc,40.0
2024-03-10,Expense,Other,cash,post,300.0
2024-03-09,Expense,Other,HDFC,transfer,2600.0
2024-03-09,Expense,Other,iAxis,eggs,70.0
2024-03-09,Expense,Other,HDFC,milk,70.0
2024-03-09,Expense,Other,CChdfc,medplus,1001.0
2024-03-08,Expense,Other,HDFC,transfer,350.0
2024-03-08,Income,Other,nCChdfc,cb,515.0
2024-03-08,Expense,Other,nCChdfc,bigbasket,2350.0
2024-03-08,Expense,Other,nCChdfc,food,60.0
2024-03-08,Expense,Other,cash,jaya aunty,1500.0
2024-03-08,Expense,Other,cash,maintenance,1200.0
2024-03-08,Expense,Other,cash,maintenance,1200.0
2024-03-08,Expense,Other,cash,milk,1500.0
2024-03-07,Income,Other,HDFC,cb,6.0
2024-03-07,Income,Other,HDFC,int,371.0
2024-03-07,Expense,Other,cash,jaya aunty,1500.0
2024-03-07,Expense,Other,HDFC,fertilisers,1700.0
2024-03-07,Expense,Other,HDFC,milk,1400.0
2024-03-07,Expense,Other,nCChdfc,tiffin,60.0
2024-03-07,Expense,Other,HDFC,tiffin,60.0
2024-03-07,Expense,Other,HDFC,petrol,500.0
2024-03-07,Expense,srinu,cash,manure,1000.0
2024-03-07,Expense,nagesh,cash,manure,500.0
2024-03-07,Income,srinu,cheruvu,manure,1200.0
2024-03-07,Income,nagesh,cheruvu,manure,500.0
2024-03-07,Expense,Other,HDFC,fertilisers,5900.0
2024-03-07,Expense,Other,HDFC,fertilisers,2900.0
2024-03-06,Expense,Other,nCChdfc,milk,70.0
2024-03-06,Expense,Other,nCChdfc,bigbasket,2271.0
2024-03-06,Expense,mavayya garu,nCChdfc,recharge,779.0
2024-03-06,Expense,Other,nCChdfc,train,400.0
2024-03-06,Expense,Other,HDFC,xerox,20.0
2024-03-06,Income,Other,nCChdfc,cb,400.0
2024-03-05,Income,Other,kotak,dhan,122.0
2024-03-05,Expense,Other,HDFC,vegetables,265.0
2024-03-05,Expense,Other,nCChdfc,milk,140.0
2024-03-04,Expense,Other,HDFC,ccbill,2130.0
2024-03-04,Expense,Other,SBIcc,pan card,1000.0
2024-03-04,Expense,Other,nCChdfc,milk,70.0
2024-03-04,Income,Other,HDFC,cb,14.0
2024-03-03,Income,Other,cash,received,1000.0
2024-03-03,Expense,Other,nCChdfc,milk,210.0
2024-03-03,Expense,akka,CChdfc,amazon,377.0
2024-03-02,Income,dad,HDFC,received,23163.0
2024-02-12,Expense,Other,HDFC,milk,65.0
2024-02-12,Expense,Other,HDFC,lunch,200.0
2024-02-12,Expense,Other,nCChdfc,kirana,1079.0
2024-02-12,Expense,Other,nCChdfc,petrol,470.0
2024-02-12,Expense,Other,nCChdfc,tiffin,25.0
2024-02-12,Expense,Other,nCChdfc,tiffin,40.0
2024-02-12,Income,Other,LICICI,commission,5351.0
2024-02-11,Expense,Other,HDFC,milk,98.0
2024-02-11,Expense,Other,FAxisCC,bigbasket,2264.0
2024-02-10,Income,Other,nCChdfc,bill,11331.0
2024-02-10,Expense,ksn,cash,eshwanri,1000.0
2024-02-10,Income,ramarao,mutth,utaru,50.0
2024-02-10,Expense,Other,HDFC,milk,90.0
2024-02-10,Income,eshwari,cash,received,1000.0
2024-02-10,Expense,Other,HDFC,transfer,1000.0
2024-02-10,Income,ramarao,cheruvu,utaru,300.0
2024-02-10,Expense,Other,ICICIcc,amazon,673.0
2024-02-10,Expense,ramarao,HDFC,utaru,1000.0
2024-02-10,Income,Other,HDFC,utaru,15332.0
2024-02-10,Income,ramarao,kancherla,utaru,150.0
2024-02-10,Income,Other,HDFC,int,202.0
2024-02-10,Expense,Other,cash,milk,1500.0
2024-02-10,Expense,Other,nCChdfc,bigbasket,1912.0
2024-02-09,Expense,Other,nCChdfc,gas,845.0
2024-02-09,Expense,Other,nCChdfc,myntra,533.0
2024-02-09,Expense,Other,iAxis,myntra,105.0
2024-02-09,Income,Other,nCChdfc,bill,11745.0
2024-02-09,Income,Other,kotak,Fyers,5018.0
2024-02-09,Income,Other,LICICI,commission,2925.0
2024-02-09,Expense,Other,HDFC,milk,70.0
2024-02-09,Expense,Other,nCChdfc,bigbasket,1852.0
2024-02-09,Expense,nagesh,nCChdfc,sundirect,285.0
2024-02-09,Expense,Other,HDFC,parivahan,2135.0
2024-02-08,Expense,Other,HDFC,vegetables,100.0
2024-02-08,Income,Other,SBIcc,washing machine,34.0
2024-02-08,Expense,Other,nCChdfc,vegetables,150.0
2024-02-08,Expense,Other,iAxis,transfer,2000.0
2024-02-08,Income,Other,nCChdfc,bill,18901.0
2024-02-08,Expense,Other,HDFC,milk,60.0
2024-02-07,Income,Other,cash,punasa,1000.0
2024-02-07,Expense,Other,cash,lic,100.0
2024-02-07,Income,Other,HDFC,int,61.0
2024-02-07,Income,Other,Axisneo,cb,300.0
2024-02-07,Income,Other,nCChdfc,cb,449.0
2024-02-07,Expense,Other,nCChdfc,bigbasket,2341.0
2024-02-07,Income,Other,cash,sarivi,5000.0
2024-02-06,Expense,Other,HDFC,vegetables,45.0
2024-02-06,Expense,raja bava,nCChdfc,train,540.0
2024-02-06,Expense,Other,nCChdfc,mutton,500.0
2024-02-06,Expense,Other,nCChdfc,milk,140.0
2024-02-06,Income,Other,nCChdfc,bill,15008.0
2024-02-05,Expense,Other,nCChdfc,decoration,530.0
2024-02-05,Expense,Other,nCChdfc,flowers,150.0
2024-02-05,Expense,Other,SBIcc,washing machine,22521.0
2024-02-05,Income,Other,nCChdfc,bill,18231.0
2024-02-05,Expense,Other,HDFC,food,70.0
2024-02-05,Expense,akka,HDFC,gold,7000.0
2024-02-05,Expense,ksn,nCChdfc,train,427.0
2024-02-05,Expense,Other,nCChdfc,milk,105.0
2024-02-05,Expense,Other,cash,milk,1400.0
2024-02-04,Expense,Other,cash,milk,1500.0
2024-02-04,Expense,Other,CChdfc,aditya,365.0
2024-02-04,Expense,Other,nCChdfc,milk,70.0
2024-02-04,Income,Other,nCChdfc,bill,12664.0
2024-02-04,Expense,devi,cash,devi,1500.0
2024-02-04,Expense,Other,HDFC,transfer,3000.0
2024-02-03,Expense,Other,nCChdfc,xerox,60.0
2024-02-03,Expense,ksn,CChdfc,train,437.0
2024-02-03,Expense,Other,CChdfc,insurance,2280.0
2024-02-03,Expense,Other,nCChdfc,milk,105.0
2024-02-03,Expense,Other,HDFC,kirana,280.0
2024-02-03,Income,Other,nCChdfc,bill,18707.0
2024-02-02,Expense,Other,mAxis,MRI,8100.0
2024-02-02,Expense,Other,DHDFC,victory bazaar,180.0
2024-02-02,Expense,Other,HDFC,xray,400.0
2024-02-02,Expense,Other,HDFC,ambulance,2000.0
2024-02-02,Expense,Other,mAxis,Bvrm hsptl,10946.0
2024-02-02,Expense,Other,DHDFC,tests,2500.0
2024-02-02,Expense,Other,mAxis,petrol,1500.0
2024-02-02,Expense,Other,DHDFC,operation,70000.0
2024-02-02,Expense,Other,mAxis,room,2500.0
2024-02-02,Income,Other,nCChdfc,bill,2595.0
2024-02-02,Income,Other,tDHDFC,bill,33221.0
2024-02-02,Income,Other,HDFC,received,50000.0
2024-02-02,Expense,Other,HDFC,medicines,490.0
2024-02-02,Expense,balaji mavayya,HDFC,emi,1300.0
2024-02-01,Income,Other,cash,received,500.0
2024-02-01,Expense,Other,DHDFC,recharge,500.0
2024-02-01,Expense,mavayya garu,nCChdfc,permit,350.0
2024-02-01,Income,Other,nCChdfc,bill,3946.0
2024-02-01,Expense,Other,HDFC,transfer,500.0
2024-02-01,Expense,Other,HDFC,dwakra,5000.0
2024-02-01,Income,Other,tDHDFC,bill,27319.0
2024-01-12,Expense,Other,HDFC,ccbill,2745.0
2024-01-12,Income,Other,HDFC,cb,107.0
2024-01-12,Income,Other,HDFC,int,45.0
2024-01-12,Expense,Other,iAxis,noodles,80.0
2024-01-11,Expense,Other,iAxis,tax,45000.0
2024-01-11,Income,Other,HDFC,int,92.0
2024-01-11,Expense,Other,HDFC,ccbill,95477.0
2024-01-11,Expense,Other,CChdfc,dmart,1151.0
2024-01-11,Income,Other,HDFC,cb,2.0
2024-01-11,Income,akka,HDFC,received,20000.0
2024-01-11,Expense,Other,iAxis,rapido,31.0
2024-01-11,Income,Other,LICICI,commission,5192.0
2024-01-10,Expense,balaji mavayya,HDFC,maala,200.0
2024-01-10,Expense,Other,HDFC,transfer,22000.0
2024-01-10,Expense,Other,cash,adj,3150.0
2024-01-10,Expense,Other,HDFC,transfer,4001.0
2024-01-10,Expense,Other,cash,banana,100.0
2024-01-10,Expense,subramanyam,cash,utaru,2900.0
2024-01-10,Income,Other,HDFC,cb,13.0
2024-01-10,Income,Other,HDFC,int,660.0
2024-01-10,Income,Other,HDFC,received,19000.0
2024-01-10,Expense,Other,HDFC,ccbill,8460.0
2024-01-10,Expense,Other,HDFC,crop loan,106000.0
2024-01-09,Income,Other,HDFC,cb,21.0
2024-01-09,Expense,Other,HDFC,ccbill,1932.0
2024-01-09,Expense,Other,iAxis,fish,1500.0
2024-01-09,Expense,mavayya garu,iAxis,recharge,799.0
2024-01-09,Income,Other,HDFC,cb,25.0
2024-01-09,Income,Other,HDFC,int,1017.0
2024-01-08,Expense,Other,HDFC,milk,120.0
2024-01-08,Expense,Other,HDFC,commission,3000.0
2024-01-08,Expense,Other,HDFC,ccbill,2380.0
2024-01-08,Income,Other,HDFC,cb,7.0
2024-01-08,Expense,Other,CChdfc,recharge,69.0
2024-01-08,Income,Other,kotak,dhan,15000.0
2024-01-08,Expense,Other,HDFC,leo,900.0
2024-01-08,Expense,Other,HDFC,steel kottu loan,50000.0
2024-01-07,Income,Other,HDFC,cb,4.0
2024-01-07,Income,Other,HDFC,int,695.0
2024-01-07,Expense,Other,SBIcc,victory bazaar,356.0
2024-01-07,Expense,Other,HDFC,ccbill,248.0
2024-01-06,Expense,mohan,HDFC,peda,3400.0
2024-01-06,Income,Other,HDFC,int,53.0
2024-01-06,Expense,Other,cash,peda,100.0
2024-01-06,Expense,Other,iAxis,milk,70.0
2024-01-06,Expense,Other,HDFC,maintenance,1000.0
2024-01-06,Expense,Other,HDFC,maintenance,1000.0
2024-01-06,Expense,Other,HDFC,jaya aunty,1500.0
2024-01-06,Expense,Other,HDFC,milk,1500.0
2024-01-06,Expense,Other,HDFC,charges,17.0
2024-01-06,Expense,mohan,HDFC,peda,3600.0
2024-01-06,Income,mohan,mutth,peda,5000.0
2024-01-05,Expense,Other,iAxis,milk,105.0
2024-01-05,Expense,Other,iAxis,petrol,400.0
2024-01-05,Income,nagesh,mutth,watering,250.0
2024-01-05,Expense,nagesh,cash,watering,500.0
2024-01-05,Expense,Other,HDFC,food,85.0
2024-01-05,Expense,Other,CChdfc,medplus,219.0
2024-01-05,Income,Other,HDFC,utaru,3618.0
2024-01-05,Expense,Other,SBIcc,aditya,1025.0
2024-01-05,Income,Other,HDFC,utaru,2088.0
2024-01-05,Income,Other,HDFC,utaru,3726.0
2024-01-05,Income,Other,HDFC,utaru,1368.0
2024-01-05,Income,Other,HDFC,received,50.0
2024-01-04,Income,Other,SBIcc,limit,100000.0
2024-01-04,Expense,Other,iAxis,train,1150.0
2024-01-04,Income,Other,HDFC,int,1049.0
2024-01-04,Expense,Other,HDFC,vegetables,180.0
2024-01-04,Expense,Other,iAxis,vegetables,180.0
2024-01-04,Expense,Other,CChdfc,kirana,427.0
2024-01-03,Expense,Other,nCChdfc,D2,2588.0
2024-01-03,Expense,Other,CChdfc,kirana,491.0
2024-01-03,Expense,Other,nCChdfc,B3,2600.0
2024-01-03,Income,Other,HDFC,cb,2.0
2024-01-03,Expense,Other,HDFC,vegetables,55.0
2024-01-03,Expense,Other,HDFC,ccbill,10751.0
2024-01-03,Expense,Other,nCChdfc,big basket,1355.0
2024-01-03,Expense,Other,cash,milk,1850.0
2024-01-03,Expense,devi,cash,devi,1500.0
2024-01-03,Expense,Other,cash,medicines,300.0
2024-01-03,Expense,Other,cash,panthulu,4000.0
2024-01-02,Expense,Other,FAxisCC,train,1100.0
2024-01-02,Expense,Other,DHDFC,flipkart,198.0
2024-01-02,Income,akka,HDFC,received,32170.0
2024-01-01,Income,Other,DHDFC,ccbill,5148.0
2024-01-01,Expense,Other,DHDFC,parivahan,2138.0
2024-01-01,Expense,akka,CChdfc,transfer,38670.0
2024-01-01,Income,mavayya garu,HDFC,10,5000.0
2024-01-01,Expense,Other,HDFC,ccbill,1000.0
2024-01-01,Expense,Other,HDFC,ccbill,7566.0
2024-01-01,Income,Other,HDFC,int,803.0
2023-12-12,Expense,Other,DHDFC,krishna sweets,280.0
2023-12-12,Expense,Other,HDFC,Home,60.0
2023-12-12,Expense,Other,mAxis,milk,100.0
2023-12-12,Expense,Other,ICICIcc,s22,166.0
2023-12-11,Expense,Other,ICICIcc,s22,206.0
2023-12-11,Expense,Other,DHDFC,recharge,1490.0
2023-12-11,Expense,Other,HDFC,transfer,1000.0
2023-12-11,Expense,mavayya garu,axisCC,parivahan,2138.0
2023-12-11,Expense,Other,axisCC,transfer,14950.0
2023-12-11,Expense,sai bava,CChdfc,train,1198.0
2023-12-10,Income,balaji mavayya,HDFC,received,7227.0
2023-12-10,Expense,Other,ICICIcc,s22,246.0
2023-12-10,Expense,Other,DHDFC,bosch fridge,506.0
2023-12-10,Expense,Other,DHDFC,kppalem,437.0
2023-12-10,Income,akka,HDFC,received,4500.0
2023-12-10,Expense,raja bava,FAxisCC,iphone,222.0
2023-12-10,Expense,akka,FAxisCC,jathin,757.0
2023-12-10,Expense,akka,FAxisCC,iphone,2976.0
2023-12-10,Expense,Other,HDFC,ccbill,14000.0
2023-12-10,Income,akka,HDFC,received,23000.0
2023-12-10,Expense,akka,FAxisCC,moto,25906.0
2023-12-09,Income,manikanta,HDFC,received,287.0
2023-12-09,Income,akka,HDFC,received,4716.0
2023-12-09,Expense,Other,ICICIcc,s22,285.0
2023-12-09,Expense,Other,DHDFC,bosch fridge,535.0
2023-12-09,Expense,Other,DHDFC,bosch fridge,96.0
2023-12-08,Expense,Other,DHDFC,krishna sweets,300.0
2023-12-08,Expense,Other,ICICIcc,s22,324.0
2023-12-08,Expense,Other,HDFC,jathin,2410.0
2023-12-07,Expense,Other,HDFC,ccbill,2000.0
2023-12-06,Expense,Other,tDHDFC,big basket,823.0
2023-12-06,Income,Other,FAxisCC,cb,124.0
2023-12-05,Expense,Other,HDFC,transfer,2000.0
2023-12-05,Expense,Other,ICICIcc,s22,437.0
2023-12-05,Expense,Other,DHDFC,big basket,568.0
2023-12-05,Expense,Other,DHDFC,clothes,298.0
2023-12-05,Expense,Other,DHDFC,victory bazaar,1506.0
2023-12-05,Expense,Other,DHDFC,krishna sweets,655.0
2023-12-05,Expense,Other,DHDFC,reliance,603.0
2023-12-05,Expense,Other,nCChdfc,Food,140.0
2023-12-05,Income,mavayya garu,HDFC,3,1500.0
2023-12-05,Expense,Other,axisCC,swiggy,200.0
2023-12-05,Expense,Other,DHDFC,petrol,1500.0
2023-12-05,Expense,Other,HDFC,ccbill,1000.0
2023-12-04,Expense,sai bava,FAxisCC,train,1576.0
2023-12-04,Expense,Other,ICICIcc,s22,474.0
2023-12-04,Expense,Other,DHDFC,recharge,350.0
2023-12-04,Expense,Other,Amazon,Home,672.0
2023-12-04,Expense,Other,DHDFC,Home,1569.0
2023-12-03,Expense,balaji mavayya,CChdfc,vivoT1,31856.0
2023-12-03,Expense,Other,ICICIcc,s22,511.0
2023-12-03,Expense,Other,Union,charges,17.0
2023-12-03,Expense,raja bava,FAxisCC,train,155.0
2023-12-03,Expense,mavayya garu,FAxisCC,permit,353.0
2023-12-02,Expense,Other,ICICIcc,s22,547.0
2023-12-02,Expense,Other,HDFC,ccbill,8120.0
2023-12-01,Expense,Other,CChdfc,transfer,955.0
2023-12-01,Expense,Other,HDFC,jathin,159.0
2023-12-01,Expense,Other,DHDFC,petrol,292.0
2023-12-01,Expense,Other,ICICIcc,s22,582.0
2023-11-12,Expense,Other,tDHDFC,recharge,179.0
2023-11-12,Expense,Other,mAxis,petrol,300.0
2023-11-12,Expense,raja bava,CChdfc,screen guard,250.0
2023-11-12,Expense,Other,FAxisCC,flipkart,6000.0
2023-11-12,Expense,Other,mAxis,petrol,2000.0
2023-11-12,Income,Other,FAxisCC,cb,1509.0
2023-11-11,Expense,Other,tDHDFC,bsnl,761.0
2023-11-11,Expense,Other,tDHDFC,gas,944.0
2023-11-11,Expense,Other,tDHDFC,kppalem,488.0
2023-11-11,Expense,Other,tDHDFC,B3,860.0
2023-11-11,Expense,Other,Amazon,ramu,200.0
2023-11-11,Expense,Other,tDHDFC,D2,176.0
2023-11-11,Expense,ksn,tDHDFC,tatasky,307.0
2023-11-11,Expense,Other,DHDFC,ramu,69.0
2023-11-11,Income,Other,axisCC,bill,590.0
2023-11-11,Expense,Other,FAxisCC,adjustment,1.0
2023-11-11,Expense,Other,mAxis,petrol,150.0
2023-11-10,Expense,Other,DHDFC,medicines,1500.0
2023-11-10,Expense,Other,DHDFC,victory bazaar,345.0
2023-11-10,Income,Other,FAxisCC,cb,21.0
2023-11-10,Expense,Other,tDHDFC,big basket,2954.0
2023-11-09,Income,Other,FAxisCC,cb,2195.0
2023-11-08,Expense,Other,DHDFC,mulaswamy,372.0
2023-11-08,Expense,Other,DHDFC,bill,212.0
2023-11-08,Expense,Other,DHDFC,reliance,389.0
2023-11-08,Expense,Other,DHDFC,Home,580.0
2023-11-08,Expense,Other,cash,leo,700.0
2023-11-08,Income,Other,FAxisCC,cb,51.0
2023-11-08,Expense,Other,DHDFC,recharge,177.0
2023-11-08,Expense,Other,DHDFC,ramu,259.0
2023-11-08,Expense,Other,HDFC,charges,590.0
2023-11-08,Expense,Other,DHDFC,victory bazaar,528.0
2023-11-07,Income,balaji mavayya,HDFC,received,5560.0
2023-11-07,Income,Other,FAxisCC,cb,25.0
2023-11-07,Income,Other,DHDFC,refund,305.0
2023-11-06,Income,Other,Amazon,cb,1000.0
2023-11-06,Expense,Other,tDHDFC,bus,801.0
2023-11-06,Expense,Other,DHDFC,train,403.0
2023-11-06,Expense,Other,axisCC,swiggy,512.0
2023-11-06,Expense,Other,tDHDFC,transfer,1000.0
2023-11-05,Expense,Other,HDFC,transfer,8000.0
2023-11-05,Expense,Other,HDFC,Food,90.0
2023-11-05,Income,Other,FAxisCC,cb,50.0
2023-11-05,Expense,Other,Kotak,drawings,10000.0
2023-11-05,Income,Other,Kotak,dhan,11134.0
2023-11-05,Expense,mavayya garu,nCChdfc,permit,350.0
2023-11-05,Expense,mavayya garu,DHDFC,fastag,500.0
2023-11-05,Expense,Other,DHDFC,petrol,280.0
2023-11-04,Expense,ksn,HDFC,chit,5000.0
2023-11-03,Expense,Other,CChdfc,atomberg,5584.0
2023-11-02,Expense,Other,DHDFC,petrol,292.0
2023-11-01,Income,Other,FAxisCC,cb,36.0
2023-11-01,Expense,Other,DHDFC,aditya,1787.0
2023-11-01,Expense,Other,HDFC,ccbill,1334.0
2023-10-12,Expense,Other,nCChdfc,milk,100.0
2023-10-12,Income,Other,axisCC,bill,19488.0
2023-10-12,Expense,Other,mAxis,victory bazaar,565.0
2023-10-11,Income,Other,FAxisCC,cb,98.0
2023-10-11,Income,Other,DHDFC,refund,195.0
2023-10-11,Income,raja bava,HDFC,received,23000.0
2023-10-11,Expense,Other,HDFC,transfer,1000.0
2023-10-11,Expense,Other,cash,Home,900.0
2023-10-11,Expense,Other,ICICIcc,amazon,400.0
2023-10-11,Expense,Other,tDHDFC,reliance,390.0
2023-10-11,Expense,Other,CChdfc,train,2700.0
2023-10-10,Expense,Other,HDFC,ccbill,2000.0
2023-10-10,Expense,Other,HDFC,ccbill,6729.0
2023-10-08,Expense,Other,HDFC,Home,330.0
2023-10-07,Income,sai bava,HDFC,received,3958.0
2023-10-07,Expense,Other,cash,misc,1000.0
2023-10-07,Expense,Other,DHDFC,aditya,1035.0
2023-10-07,Income,Other,sdhan,manikanta,80000.0
2023-10-07,Income,akka,HDFC,received,50000.0
2023-10-07,Income,Other,HDFC,received,3000.0
2023-10-07,Income,Other,cash,received,7000.0
2023-10-07,Expense,Other,HDFC,Food,65.0
2023-10-07,Expense,Other,HDFC,ccbill,5735.0
2023-10-06,Expense,Other,HDFC,Food,50.0
2023-10-05,Expense,Other,nCChdfc,leo,1398.0
2023-10-05,Expense,ksn,DHDFC,tatasky,200.0
2023-10-04,Expense,Other,Amazon,train,583.0
2023-10-04,Expense,Other,kotak,ind,826.0
2023-10-04,Expense,Other,Amazon,recharge,155.0
2023-10-04,Income,Other,FAxisCC,cb,139.0
2023-10-04,Expense,Other,DHDFC,petrol,280.0
2023-10-03,Expense,Other,HDFC,ccbill,1128.0
2023-10-03,Income,Other,HDFC,received,1000.0
2023-10-03,Expense,Other,DHDFC,petrol,280.0
2023-10-03,Expense,Other,DHDFC,reliance,426.0
2023-10-02,Income,Other,FAxisCC,cb,385.0
2023-10-01,Income,mom,cash,received,1500.0
2023-10-01,Expense,raja bava,Amazon,train,198.0
2023-10-01,Expense,Other,cash,transfer,2000.0
2023-10-01,Expense,raja bava,CChdfc,train,843.0
2023-10-01,Expense,raja bava,CChdfc,train,123.0
2023-10-01,Expense,Other,Amazon,recharge,99.0
2023-09-12,Expense,Other,DHDFC,aditya,1102.0
2023-09-12,Expense,Other,mAxis,clothes,450.0
2023-09-11,Income,Other,Amazon,cb,200.0
2023-09-11,Expense,Other,ICICIcc,iqoo,19228.0
2023-09-11,Expense,raja bava,IDFCcc,airpods,23262.0
2023-09-11,Expense,Other,DHDFC,petrol,500.0
2023-09-11,Expense,Other,cash,hospital,200.0
2023-09-11,Income,Other,cash,received,500.0
2023-09-11,Income,balaji mavayya,HDFC,received,1000.0
2023-09-11,Income,ksn,cash,received,1500.0
2023-09-11,Expense,Other,HDFC,ccbill,1721.0
2023-09-11,Expense,sai bava,nCChdfc,train,1152.0
2023-09-11,Expense,Other,nCChdfc,Food,735.0
2023-09-10,Expense,Other,DHDFC,recharge,363.0
2023-09-10,Expense,Other,DHDFC,ramu,269.0
2023-09-10,Expense,Other,tDHDFC,nagesh,147.0
2023-09-09,Expense,Other,DHDFC,tatasky,250.0
2023-09-09,Expense,Other,DHDFC,nagesh,406.0
2023-09-09,Income,Other,Amazon,cb,1000.0
2023-09-09,Income,sai bava,HDFC,received,15918.0
2023-09-09,Expense,Other,DHDFC,clothes,1531.0
2023-09-08,Expense,Other,HDFC,ccbill,9019.0
2023-09-08,Expense,Other,HDFC,ccbill,2000.0
2023-09-08,Expense,Other,HDFC,ccbill,4000.0
2023-09-08,Expense,Other,HDFC,ccbill,1995.0
2023-09-08,Income,Other,HDFC,received,1500.0
2023-09-08,Expense,Other,FAxisCC,flipkart,1465.0
2023-09-08,Expense,Other,HDFC,transfer,3100.0
2023-09-08,Income,Other,HDFC,received,523.0
2023-09-08,Expense,Other,cash,transfer,2900.0
2023-09-08,Expense,Other,cash,transfer,5000.0
2023-09-07,Expense,Other,HDFC,ccbill,1000.0
2023-09-07,Expense,Other,HDFC,ccbill,2000.0
2023-09-07,Expense,Other,DHDFC,nagesh,147.0
2023-09-07,Expense,devi,DHDFC,devi,155.0
2023-09-06,Expense,Other,DHDFC,petrol,2000.0
2023-09-06,Income,balaji mavayya,HDFC,received,5560.0
2023-09-06,Income,mavayya garu,HDFC,3,1500.0
2023-09-06,Expense,mavayya garu,nCChdfc,permit,350.0
2023-09-06,Expense,Other,HDFC,ccbill,6007.0
2023-09-05,Expense,Other,HDFC,ccbill,3000.0
2023-09-05,Expense,Other,cash,transfer,5000.0
2023-09-05,Expense,Other,cash,Home,800.0
2023-09-04,Expense,Other,HDFC,ccbill,1050.0
2023-09-04,Expense,ksn,DHDFC,tatasky,200.0
2023-09-04,Income,akka,Amazon,received,1410.0
2023-09-04,Expense,Other,DHDFC,train,362.0
2023-09-03,Expense,Other,sdhan,jogendra,40000.0
2023-09-03,Income,Other,Kotak,dhan,40000.0
2023-09-03,Expense,raja bava,cash,cash,400.0
2023-09-03,Expense,mavayya garu,FAxisCC,permit,353.0
2023-09-03,Expense,Other,Kotak,drawings,40000.0
2023-09-02,Expense,Other,HDFC,big basket,2353.0
2023-09-02,Income,Other,HDFC,received,2000.0
2023-09-02,Income,Other,DHDFC,cb,254.0
2023-09-01,Expense,Other,ICICIcc,fancy number,5200.0
2023-09-01,Expense,Other,Amazon,recharge,98.0
2023-09-01,Expense,Other,DHDFC,clothes,4969.0
2023-09-01,Expense,Other,DHDFC,petrol,507.0
2023-09-01,Expense,mom,HDFC,clothes,3150.0
2023-09-01,Income,mom,HDFC,received,500.0
2023-08-12,Expense,Other,HDFC,ccbill,40455.0
2023-08-12,Expense,mavayya garu,nCChdfc,permit,350.0
2023-08-12,Income,Other,HDFC,cb,28.0
2023-08-12,Expense,Other,mAxis,transfer,500.0
2023-08-12,Expense,Other,tDHDFC,current bill,319.0
2023-08-12,Expense,Other,tDHDFC,tatasky,250.0
2023-08-12,Expense,Other,tDHDFC,kppalem,458.0
2023-08-12,Expense,Other,tDHDFC,B3,271.0
2023-08-12,Income,Other,mAxis,ccbill,1541.0
2023-08-12,Expense,Other,HDFC,ccbill,1000.0
2023-08-11,Expense,Other,DHDFC,petrol,500.0
2023-08-11,Expense,Other,tDHDFC,tatasky,250.0
2023-08-10,Expense,Other,tDHDFC,b3,1089.0
2023-08-10,Expense,Other,tDHDFC,bsnl,1051.0
2023-08-10,Expense,Other,ICICIcc,jathin,1775.0
2023-08-10,Expense,Other,tDHDFC,d2,2432.0
2023-08-10,Expense,Other,tDHDFC,d5,334.0
2023-08-10,Expense,Other,HDFC,train,400.0
2023-08-10,Expense,Other,tDHDFC,tatasky,250.0
2023-08-09,Expense,Other,DHDFC,train,1154.0
2023-08-09,Expense,akka,HDFC,petrol,1010.0
2023-08-08,Expense,Other,cash,transfer,15000.0
2023-08-07,Expense,Other,tDHDFC,victory bazaar,465.0
2023-08-07,Expense,Other,DHDFC,reliance,453.0
2023-08-06,Expense,Other,DHDFC,recharge,719.0
2023-08-06,Expense,Other,DHDFC,tatasky,200.0
2023-08-06,Expense,akka,Amazon,amazon,549.0
2023-08-05,Expense,ksn,DHDFC,medicines,1205.0
2023-08-05,Expense,Other,DHDFC,nagesh,259.0
2023-08-03,Expense,Other,Kotak,upstox,266.0
2023-08-03,Expense,Other,HDFC,ccbill,2124.0
2023-08-03,Expense,Other,DHDFC,nagesh,259.0
2023-08-03,Expense,raja bava,FAxisCC,train,1363.0
2023-08-03,Expense,Other,DHDFC,gas,1145.0
2023-08-03,Expense,Other,ICICIcc,Home,225.0
2023-08-02,Expense,Other,Amazon,Home,99.0
2023-08-02,Expense,mavayya garu,DHDFC,permit,353.0
2023-08-02,Expense,Other,cash,transfer,1000.0
2023-08-02,Expense,Other,HDFC,medicines,1050.0
2023-08-02,Expense,Other,ICICIcc,jathin,2305.0
2023-08-01,Expense,Other,HDFC,medicines,194.0
2023-08-01,Expense,raja bava,FAxisCC,train,835.0
2023-08-01,Expense,Other,HDFC,ccbill,1000.0
2023-07-12,Expense,Other,mAxis,dmart,1722.0
2023-07-12,Expense,akka,HDFC,petrol,1000.0
2023-07-12,Expense,Other,tDHDFC,dmart,1448.0
2023-07-12,Expense,Other,nCChdfc,transfer,1000.0
2023-07-11,Expense,Other,tDHDFC,big basket,2266.0
2023-07-09,Expense,Other,HDFC,ccbill,7000.0
2023-07-09,Expense,akka,nCChdfc,fruits,47.0
2023-07-09,Expense,akka,HDFC,pooja,150.0
2023-07-09,Expense,mavayya garu,DHDFC,train,1198.0
2023-07-09,Expense,Other,DHDFC,train,395.0
2023-07-09,Expense,akka,HDFC,hardware,1780.0
2023-07-09,Expense,mavayya garu,DHDFC,bus,1200.0
2023-07-09,Expense,akka,nCChdfc,kirana,989.0
2023-07-09,Expense,Other,nCChdfc,Food,350.0
2023-07-09,Expense,Other,HDFC,transfer,2000.0
2023-07-09,Expense,akka,HDFC,fruits,615.0
2023-07-09,Expense,balaji mavayya,DHDFC,train,790.0
2023-07-08,Expense,sai bava,FAxisCC,wallpaper,1655.0
2023-07-08,Expense,Other,tDHDFC,petrol,1000.0
2023-07-08,Expense,Other,tDHDFC,tatasky,250.0
2023-07-08,Expense,Other,DHDFC,jathin,831.0
2023-07-07,Expense,Other,nCChdfc,Home,142.0
2023-07-07,Expense,Other,tDHDFC,petrol,300.0
2023-07-07,Expense,Other,tDHDFC,tatasky,250.0
2023-07-07,Expense,Other,Amazon,nagesh,259.0
2023-07-06,Expense,mavayya garu,nCChdfc,permit,350.0
2023-07-06,Expense,Other,axisCC,swiggy,343.0
2023-07-06,Expense,Other,DHDFC,petrol,1000.0
2023-07-06,Expense,unionbank,HDFC,charges,235.0
2023-07-04,Income,Other,HDFC,int,108.0
2023-07-04,Expense,Other,DHDFC,victory bazaar,271.0
2023-07-04,Expense,Other,DHDFC,petrol,280.0
2023-07-04,Expense,akka,FAxisCC,swiggy,255.0
2023-07-04,Expense,Other,DHDFC,nagesh,259.0
2023-07-03,Expense,Other,DHDFC,petrol,280.0
2023-07-03,Expense,Other,DHDFC,reliance,736.0
2023-07-03,Income,mavayya garu,HDFC,2,1000.0
2023-07-03,Expense,Other,DHDFC,aditya,445.0
2023-07-03,Expense,mavayya garu,FAxisCC,permit,353.0
2023-07-02,Income,Other,mAxis,ccbill,9600.0
2023-07-02,Expense,Other,HDFC,ccbill,1000.0
2023-07-01,Expense,Other,Amazon,nagesh,240.0
2023-07-01,Income,Other,HDFC,int,85.0
2023-07-01,Income,Other,mAxis,ccbill,18803.0
2023-07-01,Expense,Other,DHDFC,nagesh,200.0
2023-07-01,Expense,Other,DHDFC,tatasky,100.0
2023-07-01,Expense,Other,cash,transfer,1000.0
2023-07-01,Expense,raja bava,CChdfc,train,3184.0
2023-06-12,Expense,Other,tDHDFC,big basket,2318.0
2023-06-12,Expense,Other,mAxis,pizzahut,275.0
2023-06-12,Expense,mavayya garu,nCChdfc,permit,350.0
2023-06-12,Expense,Other,FAxisCC,train,799.0
2023-06-11,Expense,Other,DHDFC,bus,819.0
2023-06-10,Income,Other,HDFC,received,240.0
2023-06-10,Expense,Other,cash,Home,300.0
2023-06-09,Expense,Other,DHDFC,train,523.0
2023-06-09,Expense,balaji mavayya,DHDFC,train,877.0
2023-06-09,Expense,Other,DHDFC,ramu,260.0
2023-06-09,Expense,mavayya garu,nCChdfc,permit,350.0
2023-06-09,Expense,Other,DHDFC,bosch fridge,35942.0
2023-06-09,Expense,Other,HDFC,transfer,1200.0
2023-06-08,Expense,Other,tDHDFC,medicines,1458.0
2023-06-08,Expense,Other,tDHDFC,train,426.0
2023-06-08,Expense,Other,HDFC,ccbill,1000.0
2023-06-08,Expense,Other,HDFC,ccbill,42000.0
2023-06-07,Income,Other,HDFC,int,625.0
2023-06-07,Expense,Other,HDFC,dad,50.0
2023-06-07,Expense,Other,nCChdfc,xerox,5.0
2023-06-06,Expense,Other,nCChdfc,transfer,5000.0
2023-06-06,Expense,Other,HDFC,internet,3000.0
2023-06-06,Expense,Other,HDFC,ccbill,1000.0
2023-06-06,Expense,Other,HDFC,ccbill,2000.0
2023-06-05,Income,Other,FAxisCC,cb,110.0
2023-06-05,Income,Other,cash,received,800.0
2023-06-05,Expense,Other,nCChdfc,Food,410.0
2023-06-05,Expense,Other,HDFC,transfer,5000.0
2023-06-05,Income,balaji mavayya,HDFC,received,5560.0
2023-06-05,Expense,Other,HDFC,ccbill,56408.0
2023-06-04,Income,Other,DHDFC,refund,220.0
2023-06-04,Expense,Other,HDFC,ccbill,6000.0
2023-06-04,Expense,Other,DHDFC,tatasky,100.0
2023-06-04,Expense,Other,DHDFC,petrol,512.0
2023-06-04,Expense,Other,cash,leo,400.0
2023-06-04,Expense,akka,FAxisCC,swiggy,281.0
2023-06-03,Expense,Other,DHDFC,victory bazaar,826.0
2023-06-03,Expense,Other,Amazon,ticket,1050.0
2023-06-03,Expense,Other,HDFC,ccbill,3000.0
2023-06-02,Expense,Other,Amazon,nagesh,260.0
2023-06-02,Expense,Other,cash,Home,200.0
2023-06-02,Expense,Other,HDFC,surgery,16800.0
2023-06-02,Expense,Other,DHDFC,petrol,1003.0
2023-06-02,Expense,mavayya garu,DHDFC,fastag,200.0
2023-06-01,Expense,Other,DHDFC,diesel,2000.0
2023-06-01,Expense,Other,Amazon,recharge,480.0
2023-05-12,Expense,Other,tDHDFC,medicines,1577.0
2023-05-12,Income,Other,HDFC,cb,173.0
2023-05-12,Expense,Other,HDFC,ccbill,17262.0
2023-05-12,Expense,Other,HDFC,ccbill,21000.0
2023-05-12,Income,akka,HDFC,received,3800.0
2023-05-12,Expense,Other,HDFC,ccbill,1000.0
2023-05-12,Expense,Other,cash,transfer,3000.0
2023-05-12,Expense,Other,HDFC,Food,20.0
2023-05-11,Expense,ksn,tDHDFC,train,857.0
2023-05-11,Expense,ksn,DHDFC,train,857.0
2023-05-11,Expense,Other,nCChdfc,Food,200.0
2023-05-11,Expense,Other,HDFC,Food,355.0
2023-05-10,Expense,Other,tDHDFC,reliance,215.0
2023-05-10,Expense,ksn,DHDFC,tatasky,200.0
2023-05-10,Expense,Other,DHDFC,amazon,399.0
2023-05-09,Expense,Other,DHDFC,blinkit,431.0
2023-05-09,Expense,akka,HDFC,Food,125.0
2023-05-09,Income,akka,HDFC,received,1767.0
2023-05-08,Expense,Other,tDHDFC,mulaswamy,1328.0
2023-05-08,Expense,Other,DHDFC,mulaswamy,749.0
2023-05-08,Income,Other,HDFC,received,2077.0
2023-05-07,Expense,Other,DHDFC,recharge,379.0
2023-05-07,Expense,Other,DHDFC,train,3314.0
2023-05-07,Expense,Other,DHDFC,train,448.0
2023-05-07,Expense,ksn,DHDFC,medicines,1205.0
2023-05-07,Expense,Other,DHDFC,medicines,1327.0
2023-05-07,Expense,ksn,HDFC,chit,5000.0
2023-05-06,Expense,ksn,Amazon,recharge,91.0
2023-05-06,Expense,Other,DHDFC,medicines,1325.0
2023-05-06,Expense,ksn,DHDFC,medicines,1206.0
2023-05-06,Expense,ksn,HDFC,chit,5000.0
2023-05-06,Expense,manikanta,axisCC,swiggy,240.0
2023-05-05,Expense,Other,HDFC,ccbill,2000.0
2023-05-05,Expense,ksn,DHDFC,train,437.0
2023-05-05,Income,ksn,HDFC,received,5000.0
2023-05-05,Expense,Other,DHDFC,aditya,1481.0
2023-05-04,Income,balaji mavayya,HDFC,received,7430.0
2023-05-03,Expense,Other,HDFC,ccbill,1000.0
2023-05-03,Expense,devi,Amazon,devi,155.0
2023-05-03,Expense,Other,HDFC,Food,330.0
2023-05-03,Expense,Other,DHDFC,firstcry,2019.0
2023-05-03,Income,Other,ICICIcc,credit,15357.0
2023-05-03,Expense,Other,HDFC,ccbill,1999.0
2023-05-03,Expense,Other,DHDFC,pent house,448.0
2023-05-02,Expense,raja bava,DHDFC,train,155.0
2023-05-02,Expense,raja bava,DHDFC,train,744.0
2023-05-02,Expense,Other,HDFC,ccbill,1073.0
2023-05-02,Expense,Other,DHDFC,petrol,384.0
2023-05-01,Expense,balaji mavayya,Amazon,ticket,1470.0
2023-05-01,Income,Other,Kotak,Zerodha,293.0
2023-05-01,Expense,Other,ICICIcc,transfer,3100.0
2023-05-01,Expense,balaji mavayya,CChdfc,ticket,1327.0
2023-05-01,Expense,Other,HDFC,ccbill,1000.0
2023-04-12,Expense,Other,tDHDFC,B3,860.0
2023-04-12,Expense,Other,tDHDFC,gas,1889.0
2023-04-12,Expense,Other,tDHDFC,D2,176.0
2023-04-12,Expense,Other,tDHDFC,bsnl,762.0
2023-04-11,Expense,Other,DHDFC,train,215.0
2023-04-11,Expense,Other,tDHDFC,petrol,250.0
2023-04-10,Income,Other,HDFC,int,414.0
2023-04-09,Expense,sai bava,DHDFC,train,1642.0
2023-04-09,Expense,ksn,DHDFC,recharge,666.0
2023-04-09,Expense,Other,DHDFC,train,1127.0
2023-04-09,Expense,Other,tDHDFC,petrol,1000.0
2023-04-09,Expense,Other,cash,Home,900.0
2023-04-08,Expense,Other,HDFC,transfer,17000.0
2023-04-08,Expense,Other,tDHDFC,petrol,1500.0
2023-04-08,Expense,Other,FAxisCC,flipkart,2722.0
2023-04-08,Expense,Other,HDFC,ccbill,3500.0
2023-04-07,Expense,Other,HDFC,ccbill,1000.0
2023-04-07,Expense,Other,DHDFC,train,448.0
2023-04-06,Expense,Other,tDHDFC,gas,1145.0
2023-04-05,Expense,Other,HDFC,shopping,450.0
2023-04-05,Expense,Other,nCChdfc,Food,250.0
2023-04-04,Expense,Other,HDFC,transfer,1850.0
2023-04-04,Expense,Other,DHDFC,petrol,280.0
2023-04-04,Expense,Other,HDFC,dwakra,2000.0
2023-04-03,Expense,Other,HDFC,medicines,130.0
2023-04-03,Expense,Other,mAxis,recharge,500.0
2023-04-03,Income,Other,mAxis,ccbill,1730.0
2023-04-03,Expense,Other,DHDFC,petrol,500.0
2023-04-03,Income,Other,DHDFC,ccbill,59117.0
2023-04-02,Expense,Other,HDFC,ccbill,1000.0
2023-04-02,Expense,Other,DHDFC,Home,49.0
2023-04-02,Expense,Other,DHDFC,petrol,243.0
2023-04-02,Expense,Other,DHDFC,train,2272.0
2023-04-02,Expense,Other,HDFC,Home,50.0
2023-04-02,Expense,Other,HDFC,ccbill,1000.0
2023-04-01,Expense,amma,HDFC,mom,3000.0
2023-04-01,Expense,Other,HDFC,Food,520.0
2023-04-01,Income,Other,HDFC,int,43.0
2023-03-12,Expense,Other,CChdfc,train,625.0
2023-03-11,Expense,Other,HDFC,ccbill,1000.0
2023-03-10,Expense,Other,cash,transfer,3000.0
2023-03-09,Expense,Other,nCChdfc,Food,310.0
2023-03-09,Expense,sai bava,HDFC,petrol,1000.0
2023-03-09,Expense,sai bava,HDFC,fish,1800.0
2023-03-09,Expense,Other,HDFC,Home,60.0
2023-03-08,Expense,Other,DHDFC,ramu,259.0
2023-03-07,Expense,Other,HDFC,ccbill,1000.0
2023-03-07,Expense,Other,CChdfc,adjustment,883.0
2023-03-07,Income,Other,Amazon,cb,27.0
2023-03-06,Expense,Other,HDFC,ccbill,1000.0
2023-03-06,Expense,mavayya garu,nCChdfc,permit,350.0
2023-03-05,Expense,mavayya garu,nCChdfc,permit,350.0
2023-03-05,Expense,Other,HDFC,transfer,2500.0
2023-03-05,Income,mavayya garu,HDFC,2,1000.0
2023-03-05,Income,Other,cash,received,800.0
2023-03-05,Expense,Other,nCChdfc,transfer,4000.0
2023-03-05,Expense,Other,cash,transfer,16800.0
2023-03-05,Expense,Other,HDFC,ccbill,3000.0
2023-03-04,Income,raja bava,HDFC,received,8750.0
2023-03-03,Expense,raja bava,FAxisCC,train,3569.0
2023-03-03,Expense,Other,DHDFC,petrol,280.0
2023-03-03,Expense,Other,Amazon,Home,187.0
2023-03-02,Expense,Other,DHDFC,recharge,666.0
2023-03-02,Expense,Other,cash,Food,700.0
2023-03-02,Expense,Other,DHDFC,petrol,1005.0
2023-03-02,Expense,Other,cash,surgery,600.0
2023-03-02,Expense,ksn,HDFC,medicines,625.0
2023-03-02,Expense,Other,cash,transfer,3000.0
2023-03-01,Expense,ksn,Amazon,medicines,1156.0
2023-03-01,Expense,Other,Amazon,train,428.0
2023-03-01,Expense,akka,FAxisCC,clothes,6005.0
2023-02-12,Expense,Other,tDHDFC,adjustment,1005.0
2023-02-12,Income,Other,nCChdfc,bill,5516.0
2023-02-12,Income,Other,DHDFC,ccbill,64843.0
2023-02-12,Income,Other,tDHDFC,bill,18710.0
2023-02-12,Income,akka,cash,received,3700.0
2023-02-12,Income,akka,HDFC,received,300.0
2023-02-11,Income,Other,cash,received,500.0
2023-02-11,Income,Other,tDHDFC,bill,22266.0
2023-02-10,Income,Other,DHDFC,ccbill,46697.0
2023-02-10,Expense,Other,tDHDFC,transfer,12000.0
2023-02-09,Expense,Other,HDFC,ccbill,3316.0
2023-02-09,Expense,akka,ICICIcc,transfer,150267.0
2023-02-09,Expense,Other,HDFC,ccbill,23059.0
2023-02-09,Expense,Other,DHDFC,gruhapravesam,4591.0
2023-02-09,Expense,akka,HDFC,gruhapravesam,1500.0
2023-02-09,Expense,Other,HDFC,ccbill,1000.0
2023-02-08,Expense,Other,IDFCcc,clothes,3316.0
2023-02-08,Expense,Other,kotak,ind,938.0
2023-02-08,Expense,Other,tDHDFC,received,4000.0
2023-02-08,Expense,Other,nCChdfc,tyre puncture,290.0
2023-02-08,Expense,Other,Kotak,indmoney,1000.0
2023-02-08,Income,akka,HDFC,received,216000.0
2023-02-08,Expense,Other,DHDFC,victory bazaar,602.0
2023-02-08,Expense,Other,tDHDFC,clothes,14657.0
2023-02-08,Expense,Other,nCChdfc,big basket,2608.0
2023-02-08,Expense,Other,DHDFC,clothes,1253.0
2023-02-08,Expense,Other,tDHDFC,big basket,2252.0
2023-02-07,Income,akka,HDFC,received,1900.0
2023-02-07,Expense,akka,Amazon,swiggy,215.0
2023-02-06,Expense,Other,HDFC,ccbill,1000.0
2023-02-06,Expense,Other,nCChdfc,Home,120.0
2023-02-06,Expense,Other,DHDFC,gas,1144.0
2023-02-06,Expense,Other,DHDFC,petrol,2000.0
2023-02-05,Income,Other,HDFC,cb,400.0
2023-02-05,Expense,Other,HDFC,ccbill,1001.0
2023-02-05,Expense,Other,HDFC,transfer,3000.0
2023-02-04,Expense,ksn,DHDFC,medicines,1205.0
2023-02-04,Expense,Other,HDFC,ccbill,1000.0
2023-02-04,Expense,Other,HDFC,ccbill,2464.0
2023-02-03,Expense,Other,HDFC,ccbill,1000.0
2023-02-03,Expense,raja bava,FAxisCC,train,2364.0
2023-02-03,Income,akka,Amazon,received,500.0
2023-02-03,Income,Other,ICICIcc,credit,185000.0
2023-02-02,Expense,Other,cash,surgery,2500.0
2023-02-02,Expense,Other,cash,surgery,1200.0
2023-02-02,Expense,Other,HDFC,transfer,5000.0
2023-02-02,Income,ksn,cash,received,5000.0
2023-02-02,Expense,Other,Amazon,recharge,197.0
2023-02-02,Expense,Other,ICICIcc,shopping,335.0
2023-02-02,Expense,Other,HDFC,ccbill,1000.0
2023-02-02,Expense,Other,HDFC,surgery,198.0
2023-02-01,Expense,Other,HDFC,ccbill,1000.0
2023-02-01,Expense,Other,cash,transfer,4000.0
2023-02-01,Expense,raja bava,Amazon,train,173.0
2023-02-01,Expense,Other,HDFC,ccbill,1074.0
2023-02-01,Expense,Other,DHDFC,adjustment,299.0
2023-02-01,Expense,Other,DHDFC,aditya,2127.0
2023-01-12,Expense,Other,HDFC,ccbill,2000.0
2023-01-12,Expense,Other,HDFC,ccbill,1000.0
2023-01-12,Expense,Other,mAxis,petrol,300.0
2023-01-12,Expense,Other,HDFC,ccbill,21139.0
2023-01-11,Income,Other,nCChdfc,bill,2220.0
2023-01-11,Expense,Other,axisCC,charges,590.0
2023-01-11,Expense,Other,tDHDFC,petrol,1000.0
2023-01-10,Income,Other,nCChdfc,bill,3992.0
2023-01-10,Income,Other,HDFC,int,976.0
2023-01-10,Expense,Other,tDHDFC,reliance,436.0
2023-01-10,Income,Other,tDHDFC,bill,14910.0
2023-01-09,Expense,sai bava,DHDFC,fastag,1000.0
2023-01-09,Expense,sai bava,nCChdfc,clothes,400.0
2023-01-09,Expense,Other,HDFC,dry wash,250.0
2023-01-09,Income,akka,HDFC,received,5401.0
2023-01-09,Expense,Other,DHDFC,recharge,719.0
2023-01-09,Expense,mavayya garu,nCChdfc,permit,350.0
2023-01-09,Expense,Other,tDHDFC,petrol,3050.0
2023-01-08,Expense,Other,HDFC,ccbill,2305.0
2023-01-08,Expense,Other,HDFC,misc,16.0
2023-01-08,Income,Other,DHDFC,ccbill,27315.0
2023-01-07,Expense,Other,DHDFC,ramu,259.0
2023-01-07,Expense,Other,HDFC,ccbill,1000.0
2023-01-07,Income,Other,HDFC,int,351.0
2023-01-06,Expense,Other,DHDFC,ramu,259.0
2023-01-06,Expense,mavayya garu,nCChdfc,permit,350.0
2023-01-06,Income,Other,DHDFC,ccbill,51811.0
2023-01-05,Expense,Other,HDFC,ccbill,1604.0
2023-01-05,Income,manikanta,HDFC,received,1500.0
2023-01-05,Expense,sai bava,nCChdfc,aadhaar,50.0
2023-01-05,Expense,manikanta,axisCC,swiggy,217.0
2023-01-05,Income,Other,HDFC,received,600.0
2023-01-05,Expense,ksn,DHDFC,train,438.0
2023-01-05,Expense,Other,HDFC,ccbill,2740.0
2023-01-05,Expense,Other,DHDFC,petrol,3000.0
2023-01-05,Expense,Other,DHDFC,reliance,445.0
2023-01-05,Expense,Other,HDFC,ccbill,1000.0
2023-01-05,Income,Other,DHDFC,ccbill,40222.0
2023-01-04,Income,raja bava,misc,mutton,1400.0
2023-01-04,Expense,manikanta,axisCC,movie,457.0
2023-01-04,Expense,akka,cash,cash,500.0
2023-01-04,Expense,Other,HDFC,Food,240.0
2023-01-04,Expense,saari,DHDFC,clothes,4226.0
2023-01-04,Income,Other,HDFC,int,289.0
2023-01-04,Expense,Other,DHDFC,train,410.0
2023-01-04,Expense,Other,DHDFC,petrol,280.0
2023-01-04,Income,Other,Kotak,bal c/f,80037.0
2023-01-04,Expense,Other,DHDFC,victory bazaar,1327.0
2023-01-04,Expense,Other,cash,Home,1050.0
2023-01-04,Expense,raja bava,misc,courier,400.0
2023-01-04,Income,Other,DHDFC,ccbill,38511.0
2023-01-03,Expense,Other,DHDFC,big basket,1546.0
2023-01-03,Expense,Other,CChdfc,firstcry,2296.0
2023-01-03,Expense,ksn,Amazon,electricity,66.0
2023-01-03,Expense,Other,ICICIcc,Home,279.0
2023-01-03,Income,Other,Amazon,cb,1000.0
2023-01-03,Expense,ksn,DHDFC,tatasky,200.0
2023-01-02,Income,Other,Kotak,dhan,57000.0
2023-01-02,Expense,Other,HDFC,ccbill,6880.0
2023-01-02,Expense,Other,HDFC,ccbill,1000.0
2023-01-02,Expense,Other,HDFC,ccbill,1000.0
2023-01-02,Expense,Other,Amazon,aha,399.0
2023-01-02,Expense,Other,HDFC,jathin,2300.0
2023-01-02,Expense,Other,HDFC,Home,200.0
2023-01-02,Income,balaji mavayya,HDFC,received,2800.0
2023-01-02,Expense,Other,HDFC,surgery,7600.0
2023-01-02,Income,dad,HDFC,received,6000.0
2023-01-01,Income,Other,HDFC,int,286.0
2023-01-01,Expense,Other,HDFC,transfer,500.0
2023-01-01,Expense,Other,DHDFC,petrol,287.0
2022-12-12,Expense,Other,ICICIcc,s22,617.0
2022-12-11,Expense,Other,DHDFC,recharge,641.0
2022-12-11,Expense,Other,DHDFC,gas,1095.0
2022-12-11,Expense,ksn,Amazon,train,433.0
2022-12-10,Expense,Other,ICICIcc,s22,921.0
2022-12-09,Income,akka,cash,Reimbursed,500.0
2022-12-08,Expense,Other,HDFC,Home,112.0
2022-12-08,Expense,Other,DHDFC,petrol,607.0
2022-12-08,Expense,Other,DHDFC,Home,143.0
2022-12-07,Income,Other,HDFC,cb,400.0
2022-12-07,Income,Other,Union,div,17.0
2022-12-06,Expense,dad,Amazon,train,207.0
2022-12-06,Expense,Other,HDFC,medicines,190.0
2022-12-06,Income,Other,HDFC,Reimbursed,5000.0
2022-12-06,Income,Other,HDFC,Reimbursed,450.0
2022-12-06,Expense,Other,CChdfc,emi,71.0
2022-12-06,Expense,Other,ICICIcc,train,967.0
2022-12-06,Expense,Other,cash,Home,300.0
2022-12-06,Expense,Other,HDFC,withdraw,100.0
2022-12-05,Expense,Other,Ola,wolf,2100.0
2022-12-05,Expense,Other,cash,cash,4000.0
2022-12-04,Expense,dad,Amazon,Reimbursed,22.0
2022-12-04,Expense,dad,Amazon,gas,991.0
2022-12-04,Expense,Other,ICICIcc,wolf,1000.0
2022-12-04,Expense,dad,Amazon,bill,1913.0
2022-12-04,Expense,Other,Amazon,recharge,460.0
2022-12-03,Expense,Jogendra,Union,charges,17.0
2022-12-02,Income,Jogendra,Amazon,cb,489.0
2022-12-02,Income,dad,HDFC,Reimbursed,10000.0
2022-12-02,Income,Other,HDFC,train,960.0
2022-12-01,Expense,Other,ICICIcc,wolf,200.0
2022-12-01,Expense,Other,Amazon,wolf,160.0
2022-12-01,Expense,Other,HDFC,Food,1000.0
2022-12-01,Expense,Other,Amazon,Home,399.0
2022-12-01,Expense,Other,ICICIcc,wolf,340.0
2022-11-12,Income,Other,CChdfc,ipo,50706.0
2022-11-12,Expense,Other,HDFC,Food,600.0
2022-11-12,Expense,Other,Amazon,train,865.0
2022-11-12,Expense,Other,HDFC,ccbill,8798.0
2022-11-11,Expense,Other,DHDFC,medicines,353.0
2022-11-11,Expense,Other,Amazon,recharge,179.0
2022-11-11,Expense,Other,DHDFC,transfer,805.0
2022-11-11,Income,Other,FAxisCC,cb,135.0
2022-11-11,Expense,raja bava,Amazon,train,183.0
2022-11-11,Expense,Other,cash,transfer,300.0
2022-11-11,Expense,Other,mAxis,victory bazaar,1430.0
2022-11-11,Expense,Other,Kotak,Zerodha,50000.0
2022-11-11,Expense,Other,axisCC,clothes,1789.0
2022-11-10,Expense,Other,HDFC,ccbill,7872.0
2022-11-10,Income,Other,Amazon,cb,278.0
2022-11-09,Expense,Other,HDFC,ccbill,1000.0
2022-11-08,Expense,Other,HDFC,Food,260.0
2022-11-08,Expense,Other,Kotak,dhan,5000.0
2022-11-07,Expense,Other,CChdfc,emi,59.0
2022-11-07,Income,Other,FAxisCC,cb,40.0
2022-11-07,Expense,Other,HDFC,charges,5.0
2022-11-07,Expense,Other,Ola,Home,220.0
2022-11-06,Expense,Other,Amazon,recharge,99.0
2022-11-06,Expense,naga ratnam,Amazon,train,398.0
2022-11-06,Expense,naga ratnam,Amazon,recharge,99.0
2022-11-06,Expense,lakshmi aunty,Amazon,train,433.0
2022-11-05,Income,Other,FAxisCC,cb,9.0
2022-11-05,Income,Other,Amazon,refund,737.0
2022-11-05,Income,Other,HDFC,wolf,1000.0
2022-11-05,Expense,Other,HDFC,ccbill,8279.0
2022-11-03,Income,Jogendra,Ola,postpe,300.0
2022-11-03,Expense,Jogendra,Slice,transfer,500.0
2022-11-01,Expense,Jogendra,HDFC,paint,200.0
2022-11-01,Income,Other,HDFC,deposit,7000.0
2022-10-12,Expense,Other,HDFC,bus stand,250.0
2022-10-12,Expense,Other,FAxisCC,recharge,1499.0
2022-10-11,Expense,Other,HDFC,ccbill,39090.0
2022-10-11,Income,Other,HDFC,cb,200.0
2022-10-11,Expense,Other,DHDFC,transfer,2000.0
2022-10-11,Income,akka,Amazon,Reimbursed,3000.0
2022-10-11,Expense,Other,Amazon,train,213.0
2022-10-10,Expense,Other,HDFC,Food,185.0
2022-10-10,Expense,akka,RBLcc,geyser,235.0
2022-10-10,Income,raja bava,misc,aditya,775.0
2022-10-10,Expense,raja bava,misc,clothes,800.0
2022-10-10,Expense,Other,Kotak,dhan,20000.0
2022-10-10,Expense,Other,Kotak,Zerodha,180000.0
2022-10-08,Income,Other,Kotak,fyers,36994.0
2022-10-08,Income,Other,Kotak,Long Fyers,32266.0
2022-10-08,Income,Other,FAxisCC,cb,93.0
2022-10-08,Expense,Other,DHDFC,Food,1339.0
2022-10-08,Expense,Other,DHDFC,birth place,425.0
2022-10-08,Expense,Other,DHDFC,meat,599.0
2022-10-08,Expense,Other,HDFC,Home,800.0
2022-10-08,Expense,Other,DHDFC,Food,1406.0
2022-10-08,Expense,Other,DHDFC,Home,255.0
2022-10-08,Expense,Other,DHDFC,birth place,20000.0
2022-10-06,Expense,Other,HDFC,ccbill,5876.0
2022-10-06,Expense,Other,HDFC,movie,300.0
2022-10-06,Expense,Other,HDFC,Food,450.0
2022-10-06,Expense,kala aunty,HDFC,sainath,465.0
2022-10-05,Expense,Other,Ola,shopping,2310.0
2022-10-05,Expense,Other,Amazon,wolf,159.0
2022-10-05,Income,Other,HDFC,cash,4000.0
2022-10-04,Income,Other,HDFC,Reimbursed,550.0
2022-10-02,Expense,Other,Amazon,train,90.0
2022-10-02,Income,Jogendra,FAxisCC,cb,644.0
2022-10-02,Expense,Other,HDFC,raja marriage,78.0
2022-10-01,Expense,Other,Amazon,wolf,100.0
2022-10-01,Income,Jogendra,HDFC,upstox,800.0
2022-10-01,Expense,mom,HDFC,shopping,3300.0
2022-10-01,Expense,Other,Amazon,others,1612.0
2022-10-01,Expense,Other,ICICIcc,others,2655.0
2022-10-01,Expense,Jogendra,Slice,shopping,2995.0
2022-09-12,Income,Other,Kotak,Zerodha,10000.0
2022-09-12,Expense,Other,DHDFC,clothes,450.0
2022-09-12,Expense,Other,DHDFC,recharge,200.0
2022-09-12,Expense,Other,HDFC,deworming,250.0
2022-09-11,Income,Other,HDFC,cb,11.0
2022-09-10,Expense,Other,mAxis,Home,436.0
2022-09-10,Expense,raja bava,DHDFC,train,1696.0
2022-09-09,Expense,E4,DHDFC,recharge,609.0
2022-09-09,Income,Other,Amazon,cb,145.0
2022-09-08,Expense,Other,ICICIcc,recharge,690.0
2022-09-08,Expense,Other,HDFC,ccbill,3787.0
2022-09-08,Expense,Other,DHDFC,outstanding,72344.0
2022-09-08,Expense,Other,Amazon,train,235.0
2022-09-08,Income,Other,HDFC,Reimbursed,1000.0
2022-09-07,Expense,Other,HDFC,ccbill,5775.0
2022-09-06,Expense,blouse,HDFC,sreemantham,5438.0
2022-09-06,Expense,Other,Union,charges,147.0
2022-09-06,Expense,bhojanalu,HDFC,sreemantham,3500.0
2022-09-06,Expense,drinks,HDFC,sreemantham,1060.0
2022-09-06,Expense,flowers,HDFC,sreemantham,900.0
2022-09-06,Expense,Other,cash,transfer,1000.0
2022-09-06,Expense,Other,cash,sreemantham,500.0
2022-09-06,Expense,Other,HDFC,charges,5.0
2022-09-06,Expense,Other,HDFC,sreemantham,500.0
2022-09-06,Expense,disposable,HDFC,sreemantham,855.0
2022-09-05,Expense,Other,Kotak,fyers,9000.0
2022-09-05,Expense,Other,Kotak,Commodity,9000.0
2022-09-05,Expense,Other,Kotak,Long Fyers,500.0
2022-09-05,Income,Other,HDFC,Reimbursed,200.0
2022-09-05,Expense,Other,Kotak,Zerodha,150000.0
2022-09-05,Expense,Other,Kotak,upstox,12000.0
2022-09-04,Expense,Other,RBLcc,Home,2049.0
2022-09-04,Expense,Other,Postpe,transfer,543.0
2022-09-03,Expense,dad,Amazon,train,1526.0
2022-09-03,Expense,dad,Amazon,Leo,674.0
2022-09-02,Expense,Other,HDFC,raja marriage,3290.0
2022-09-02,Expense,Jogendra,HDFC,Food,170.0
2022-09-02,Expense,Other,HDFC,raja marriage,4778.0
2022-09-01,Income,Other,HDFC,wolf,100.0
2022-09-01,Income,Jogendra,ICICIcc,refund,197.0
2022-09-01,Expense,Other,ICICIcc,wolf,200.0
2022-08-12,Expense,Other,HDFC,ccbill,1000.0
2022-08-12,Expense,Other,HDFC,Food,208.0
2022-08-12,Expense,Other,Kotak,dhan,10000.0
2022-08-12,Expense,Other,CChdfc,train,580.0
2022-08-12,Income,Other,mAxis,ccbill,32307.0
2022-08-11,Expense,Other,DHDFC,fuel,1002.0
2022-08-11,Expense,mavayya garu,DHDFC,train,175.0
2022-08-11,Expense,mavayya garu,Amazon,train,12.0
2022-08-10,Expense,Other,Amazon,recharge,330.0
2022-08-10,Income,Other,cash,cash,480.0
2022-08-10,Expense,Other,DHDFC,recharge,281.0
2022-08-10,Expense,Other,HDFC,ccbill,1000.0
2022-08-09,Expense,Other,HDFC,ccbill,8000.0
2022-08-09,Expense,Other,HDFC,ccbill,8000.0
2022-08-09,Expense,ksn,DHDFC,train,483.0
2022-08-08,Income,Other,Kotak,dhan,2795.0
2022-08-08,Expense,Other,Amazon,recharge,148.0
2022-08-07,Expense,pizza,Amazon,Food,490.0
2022-08-07,Expense,Other,Ola,Home,632.0
2022-08-06,Expense,Other,Amazon,train,153.0
2022-08-06,Expense,Other,Amazon,harshith,312.0
2022-08-06,Income,Other,RBLcc,ccbill,100.0
2022-08-06,Expense,Other,Amazon,recharge,319.0
2022-08-05,Expense,Other,HDFC,ccbill,20000.0
2022-08-05,Expense,Other,Slice,Food,203.0
2022-08-05,Expense,Other,Slice,cb,64.0
2022-08-05,Expense,Other,Postpe,Food,442.0
2022-08-04,Expense,Jogendra,HDFC,Reimbursed,9705.0
2022-08-04,Expense,Other,ICICIcc,medicines,1174.0
2022-08-04,Expense,Other,HDFC,No description,500.0
2022-08-02,Income,Other,HDFC,cb,6.0
2022-08-01,Expense,Other,Slice,recharge,200.0
2022-08-01,Expense,Jogendra,FAxisCC,shopping,644.0
2022-07-12,Expense,ksn,HDFC,bus stand,6700.0
2022-07-12,Expense,Other,mAxis,petrol,283.0
2022-07-12,Expense,mavayya garu,CChdfc,fastag,1990.0
2022-07-12,Expense,Other,DHDFC,clothes,2260.0
2022-07-11,Expense,Other,cash,transfer,1000.0
2022-07-11,Expense,Other,DHDFC,nagesh,240.0
2022-07-11,Expense,Other,DHDFC,ccbill,12181.0
2022-07-11,Expense,Other,HDFC,ccbill,1000.0
2022-07-11,Expense,Other,mAxis,petrol,303.0
2022-07-11,Income,Other,mAxis,ccbill,69046.0
2022-07-10,Expense,akka,RBLcc,geyser,6145.0
2022-07-10,Expense,dad,FAxisCC,Home,1951.0
2022-07-10,Expense,dad,FAxisCC,akka,649.0
2022-07-10,Income,Other,Kotak,Zerodha,100000.0
2022-07-10,Expense,Other,cash,transfer,17000.0
2022-07-10,Income,Other,Kotak,dhan,16450.0
2022-07-09,Expense,Other,cash,transfer,1000.0
2022-07-09,Expense,akka,cash,akka,500.0
2022-07-09,Expense,Other,HDFC,recharge,10.0
2022-07-09,Expense,Other,DHDFC,recharge,197.0
2022-07-08,Expense,Other,ICICIcc,Food,641.0
2022-07-08,Expense,Other,Amazon,movie,71.0
2022-07-08,Income,Other,HDFC,bday,5000.0
2022-07-07,Expense,Other,RBLcc,Home,1117.0
2022-07-07,Expense,milk,HDFC,Home,377.0
2022-07-07,Expense,Other,HDFC,ccbill,1821.0
2022-07-07,Income,Other,ICICIcc,ccbill,507.0
2022-07-06,Expense,Other,ICICIcc,Home,2004.0
2022-07-06,Income,Other,cash,Reimbursed,1700.0
2022-07-06,Expense,Other,HDFC,Food,320.0
2022-07-06,Expense,bhojanalu,HDFC,sreemantham,10000.0
2022-07-06,Expense,Other,HDFC,ccbill,7326.0
2022-07-06,Expense,Other,Amazon,train,208.0
2022-07-06,Income,Other,HDFC,Reimbursed,2000.0
2022-07-06,Expense,Other,Amazon,Home,569.0
2022-07-06,Expense,Other,Amazon,recharge,300.0
2022-07-06,Expense,Other,Slice,Home,750.0
2022-07-05,Expense,Other,ICICIcc,amazon,8920.0
2022-07-05,Expense,Other,HDFC,Food,195.0
2022-07-05,Expense,Other,HDFC,Reimbursed,20.0
2022-07-05,Expense,Other,Amazon,recharge,99.0
2022-07-05,Expense,Other,Amazon,recharge,35.0
2022-07-04,Expense,Other,ICICIcc,wolf,2700.0
2022-07-03,Expense,dad,HDFC,croma,8091.0
2022-07-02,Expense,Jogendra,Union,charges,177.0
2022-07-02,Expense,Other,HDFC,nanamma,10000.0
2022-07-01,Expense,Other,Amazon,others,80.0
2022-07-01,Expense,Other,HDFC,ccbill,9073.0
2022-07-01,Expense,Other,ICICIcc,others,4020.0
2022-07-01,Expense,Other,HDFC,xerox,15.0
2022-07-01,Expense,Other,Ola,game,1000.0
2022-07-01,Income,Other,CChdfc,cb,21.0
2022-06-12,Expense,raja bava,Amazon,train,308.0
2022-06-12,Expense,raja bava,DHDFC,train,877.0
2022-06-12,Expense,mavayya garu,Amazon,recharge,480.0
2022-06-12,Expense,Other,ICICIcc,big basket,1879.0
2022-06-12,Expense,Other,Amazon,nagesh,240.0
2022-06-11,Expense,Other,HDFC,ccbill,1663.0
2022-06-10,Income,Other,Kotak,Zerodha,96013.0
2022-06-10,Expense,Other,HDFC,medicines,340.0
2022-06-10,Income,Other,mAxis,ccbill,11019.0
2022-06-10,Income,Other,HDFC,int,4.0
2022-06-10,Income,dad,HDFC,Reimbursed,3000.0
2022-06-09,Expense,Other,ICICIcc,transfer,7784.0
2022-06-09,Expense,Other,DHDFC,recharge,200.0
2022-06-09,Expense,raja bava,DHDFC,train,704.0
2022-06-09,Income,raja bava,misc,hospital,500.0
2022-06-08,Expense,Other,HDFC,ccbill,2000.0
2022-06-08,Income,Other,HDFC,car wash,600.0
2022-06-08,Expense,Other,cash,transfer,500.0
2022-06-07,Income,dad,HDFC,Reimbursed,10000.0
2022-06-06,Income,Other,ICICIcc,ccbill,100.0
2022-06-06,Expense,Other,Amazon,train,432.0
2022-06-06,Income,Other,Amazon,transfer,4281.0
2022-06-06,Income,Other,HDFC,cb,150.0
2022-06-06,Expense,Other,Amazon,recharge,10.0
2022-06-06,Expense,Other,cash,transfer,2000.0
2022-06-06,Expense,Other,Amazon,recharge,460.0
2022-06-05,Income,Other,Kotak,Zerodha,158743.0
2022-06-05,Income,Other,Kotak,Commodity,9216.0
2022-06-04,Expense,Other,Kotak,Zerodha,40000.0
2022-06-04,Expense,Other,HDFC,Food,110.0
2022-06-04,Expense,Other,HDFC,ccbill,7420.0
2022-06-03,Expense,Other,Amazon,train,567.0
2022-06-03,Income,dad,HDFC,Reimbursed,570.0
2022-06-02,Expense,Other,Amazon,train,190.0
2022-06-02,Expense,Other,HDFC,amma,8200.0
2022-06-02,Expense,Jogendra,HDFC,hair cut,1000.0
2022-06-01,Expense,dad,FAxisCC,shopping,4902.0
2022-06-01,Expense,dad,Ola,shopping,1999.0
2022-05-12,Expense,Other,HDFC,Home,121.0
2022-05-12,Expense,Other,sdhan,manikanta,97000.0
2022-05-12,Expense,Other,sdhan,jogendra,160000.0
2022-05-12,Expense,raja bava,Amazon,train,152.0
2022-05-12,Expense,Other,sdhan,yashoda,100000.0
2022-05-12,Income,Other,Amazon,cb,750.0
2022-05-12,Expense,Other,HDFC,ccbill,1000.0
2022-05-11,Expense,mavayya garu,Amazon,train,153.0
2022-05-11,Expense,Other,DHDFC,nagesh,240.0
2022-05-11,Expense,Other,HDFC,transfer,1000.0
2022-05-11,Expense,Other,HDFC,ccbill,1000.0
2022-05-11,Expense,Other,DHDFC,recharge,803.0
2022-05-10,Expense,Other,HDFC,ccbill,1277.0
2022-05-10,Expense,Other,DHDFC,recharge,455.0
2022-05-10,Expense,Other,CChdfc,siddhik,17266.0
2022-05-10,Income,Other,HDFC,cb,5.0
2022-05-10,Income,Other,cash,nanamma,2000.0
2022-05-10,Income,Other,Amazon,cb,330.0
2022-05-10,Expense,Other,HDFC,ccbill,1000.0
2022-05-10,Expense,Other,CChdfc,siddhik,15000.0
2022-05-09,Expense,Other,DHDFC,recharge,121.0
2022-05-09,Expense,raja bava,DHDFC,train,1435.0
2022-05-09,Expense,Other,HDFC,ccbill,1573.0
2022-05-09,Expense,raja bava,DHDFC,train,288.0
2022-05-09,Expense,Other,HDFC,transfer,2000.0
2022-05-09,Expense,Other,cash,Home,200.0
2022-05-09,Expense,Other,cash,Food,100.0
2022-05-09,Expense,Other,HDFC,ccbill,1083.0
2022-05-08,Income,Other,Kotak,upstox,961.0
2022-05-08,Expense,Other,CChdfc,other emi,235.0
2022-05-08,Income,Other,Union,amma,500.0
2022-05-08,Expense,Other,HDFC,car wash,600.0
2022-05-08,Expense,Other,RBLcc,leo,1852.0
2022-05-07,Income,Other,HDFC,cb,21.0
2022-05-07,Expense,Other,HDFC,ccbill,1000.0
2022-05-07,Expense,Other,HDFC,recharge,61.0
2022-05-07,Expense,Other,HDFC,sun direct,50.0
2022-05-07,Expense,Other,HDFC,Home,30.0
2022-05-07,Expense,Other,HDFC,ccbill,500.0
2022-05-05,Expense,Other,HDFC,ccbill,1228.0
2022-05-05,Expense,Other,HDFC,ccbill,1000.0
2022-05-04,Income,Other,cash,cash,4000.0
2022-05-04,Expense,Jogendra,Slice,recharge,455.0
2022-05-04,Income,Jogendra,HDFC,Reimbursed,12850.0
2022-05-04,Expense,Jogendra,cash,cash,5000.0
2022-05-03,Income,Jogendra,Union,div,20.0
2022-05-01,Expense,Jogendra,HDFC,medicines,60.0
2022-05-01,Income,Jogendra,HDFC,game,1500.0
2022-05-01,Expense,Jogendra,Slice,recharge,455.0
2022-05-01,Expense,Jogendra,Slice,recharge,300.0
2022-05-01,Expense,Jogendra,ICICIcc,shopping,299.0
2022-04-12,Expense,Other,cash,transfer,400.0
2022-04-11,Expense,Other,HDFC,medicines,170.0
2022-04-11,Expense,ksn,misc,recharge,200.0
2022-04-11,Expense,Other,cash,hospital,1030.0
2022-04-09,Expense,Other,HDFC,ccbill,1187.0
2022-04-09,Expense,Other,Slice,Food,522.0
2022-04-06,Income,Other,HDFC,Reimbursed,880.0
2022-04-06,Expense,Other,HDFC,ccbill,2000.0
2022-04-06,Expense,Other,HDFC,kavidi,7000.0
2022-04-04,Expense,Jogendra,Slice,transfer,700.0
2022-04-04,Expense,Other,ICICIcc,wolf,900.0
2022-04-04,Income,Jogendra,HDFC,int,82.0
2022-04-04,Expense,Other,Kotak,Zerodha,100000.0
2022-04-04,Expense,Other,Kotak,Commodity,9000.0
2022-04-04,Expense,Other,Kotak,upstox,1000.0
2022-04-04,Expense,Jogendra,Slice,dream11,300.0
2022-04-01,Income,Other,Amazon,cb,11.0
2022-04-01,Expense,dad,ICICIcc,gas,942.0
2022-04-01,Expense,Other,Amazon,others,72.0
2022-04-01,Income,Other,HDFC,Reimbursed,3300.0
2022-04-01,Expense,Other,ICICIcc,others,2033.0
2022-03-12,Expense,Other,DHDFC,Food,266.0
2022-03-12,Expense,Other,DHDFC,victory bazaar,679.0
2022-03-12,Expense,Other,mAxis,petrol,263.0
2022-03-11,Expense,Other,HDFC,ccbill,1000.0
2022-03-11,Expense,Other,DHDFC,recharge,378.0
2022-03-11,Expense,Other,HDFC,ccbill,1507.0
2022-03-11,Expense,Other,axisCC,charges,590.0
2022-03-10,Expense,Other,HDFC,Food,210.0
2022-03-10,Expense,Other,Amazon,phone,300.0
2022-03-09,Expense,seshagiri,DHDFC,train,153.0
2022-03-09,Expense,Other,DHDFC,recharge,80.0
2022-03-09,Income,seshagiri,misc,Reimbursed,153.0
2022-03-09,Expense,Other,HDFC,Food,106.0
2022-03-09,Expense,raja bava,DHDFC,train,166.0
2022-03-08,Expense,Other,HDFC,ccbill,1000.0
2022-03-08,Expense,Other,HDFC,ccbill,2992.0
2022-03-08,Expense,Other,Amazon,Home,431.0
2022-03-08,Expense,Other,HDFC,Food,99.0
2022-03-08,Expense,Other,ICICIcc,Home,693.0
2022-03-07,Expense,Other,HDFC,Home,324.0
2022-03-07,Expense,Other,Postpe,pari,500.0
2022-03-07,Expense,Other,Ola,petrol,1500.0
2022-03-07,Income,Other,HDFC,gas,82.0
2022-03-06,Income,Other,Ola,cb,145.0
2022-03-06,Expense,Other,cash,movie,500.0
2022-03-06,Expense,Other,Amazon,train,308.0
2022-03-05,Income,Other,HDFC,cb,51.0
2022-03-04,Expense,Other,ICICIcc,wolf,5000.0
2022-03-04,Income,Other,HDFC,Reimbursed,239.0
2022-03-04,Expense,Other,HDFC,gas,1050.0
2022-03-03,Expense,Jogendra,HDFC,ccbill,1791.0
2022-03-02,Expense,dad,Amazon,train,371.0
2022-03-01,Expense,Jogendra,HDFC,emi,7700.0
2022-03-01,Income,Other,Amazon,cb,6.0
2022-03-01,Income,Other,HDFC,Reimbursed,100.0
2022-03-01,Expense,Jogendra,HDFC,charges,59.0
2022-03-01,Income,Jogendra,HDFC,int,44.0
2022-02-12,Income,Other,DHDFC,ccbill,47439.0
2022-02-12,Income,mulaswamy,cash,received,1620.0
2022-02-12,Expense,Other,HDFC,transfer,500.0
2022-02-12,Expense,Other,HDFC,ccbill,1000.0
2022-02-12,Expense,Other,cash,transfer,900.0
2022-02-12,Expense,Other,Amazon,train,183.0
2022-02-11,Income,Other,HDFC,cb,58.0
2022-02-11,Expense,Other,DHDFC,recharge,470.0
2022-02-11,Expense,Other,DHDFC,train,455.0
2022-02-11,Expense,Other,DHDFC,recharge,878.0
2022-02-11,Expense,Other,CChdfc,ipo,50764.0
2022-02-11,Expense,Other,Union,int,765.0
2022-02-10,Expense,Other,HDFC,ccbill,1000.0
2022-02-10,Income,Other,Amazon,phone,300.0
2022-02-10,Expense,Other,ICICIcc,phone,3498.0
2022-02-10,Expense,dad,RBLcc,Home,2349.0
2022-02-10,Expense,Other,HDFC,ccbill,1000.0
2022-02-10,Expense,Other,HDFC,ccbill,1000.0
2022-02-09,Expense,ksn,DHDFC,train,433.0
2022-02-09,Expense,Other,HDFC,movie,44.0
2022-02-08,Expense,Other,HDFC,ccbill,2272.0
2022-02-08,Expense,Other,HDFC,Food,60.0
2022-02-08,Expense,akka,ICICIcc,oneplus,1098.0
2022-02-08,Expense,Other,CChdfc,other emi,38500.0
2022-02-08,Expense,Other,HDFC,debit card fee,590.0
2022-02-06,Expense,Other,Ola,Home,1436.0
2022-02-06,Expense,Other,Ola,train,417.0
2022-02-05,Expense,Other,Kotak,fyers,3000.0
2022-02-05,Expense,Other,HDFC,ccbill,1000.0
2022-02-05,Expense,Other,HDFC,ccbill,1000.0
2022-02-04,Expense,Other,ICICIcc,wolf,3000.0
2022-02-04,Expense,Other,Amazon,wolf,23.0
2022-02-03,Expense,Jogendra,HDFC,emi,4200.0
2022-02-02,Expense,Other,Amazon,amazon,327.0
2022-02-02,Expense,Jogendra,HDFC,emi,4200.0
2022-02-01,Expense,dad,CChdfc,Reimbursed,7800.0
2022-02-01,Expense,Other,ICICIcc,Home,2194.0
2022-02-01,Income,Jogendra,HDFC,int,463.0
2022-01-12,Expense,Other,HDFC,ccbill,14445.0
2022-01-12,Income,Other,Amazon,cb,20.0
2022-01-12,Expense,Other,ICICIcc,credit,200000.0
2022-01-12,Income,Other,HDFC,cb,4.0
2022-01-12,Expense,raja bava,Amazon,train,413.0
2022-01-12,Expense,Other,HDFC,lazypay,250.0
2022-01-12,Expense,devi,DHDFC,devi,209.0
2022-01-12,Expense,Other,Union,int,357.0
2022-01-12,Expense,Other,HDFC,Food,280.0
2022-01-11,Expense,Other,HDFC,ccbill,1000.0
2022-01-11,Expense,Other,mAxis,fuel,300.0
2022-01-11,Expense,Other,HDFC,internet,3000.0
2022-01-11,Expense,Other,DHDFC,recharge,160.0
2022-01-11,Expense,mavayya garu,Amazon,train,192.0
2022-01-11,Expense,Other,HDFC,ccbill,1000.0
2022-01-11,Expense,Other,HDFC,ccbill,1000.0
2022-01-11,Expense,Other,HDFC,ccbill,561.0
2022-01-11,Expense,ksn,DHDFC,recharge,479.0
2022-01-11,Income,Other,DHDFC,ccbill,11000.0
2022-01-10,Expense,Other,DHDFC,recharge,9.0
2022-01-10,Expense,Other,cash,transfer,500.0
2022-01-10,Income,raja bava,HDFC,Reimbursed,1800.0
2022-01-10,Expense,Other,DHDFC,recharge,690.0
2022-01-10,Expense,Other,DHDFC,Home,373.0
2022-01-10,Expense,Other,HDFC,ccbill,1910.0
2022-01-10,Expense,Other,HDFC,recharge,247.0
2022-01-10,Income,Other,HDFC,int,831.0
2022-01-09,Expense,Other,Slice,recharge,200.0
2022-01-09,Expense,Other,DHDFC,Home,300.0
2022-01-09,Income,Other,DHDFC,ccbill,47000.0
2022-01-09,Expense,Other,HDFC,decoration,3000.0
2022-01-09,Expense,Other,Slice,Home,1237.0
2022-01-08,Income,Other,HDFC,Reimbursed,3770.0
2022-01-08,Expense,Other,Kotak,dhan,10000.0
2022-01-07,Income,hdfc,HDFC,int,325.0
2022-01-07,Income,axis,HDFC,int,15.0
2022-01-07,Income,kotak,HDFC,int,185.0
2022-01-07,Income,union,HDFC,int,107.0
2022-01-07,Expense,Other,HDFC,ccbill,1000.0
2022-01-07,Expense,Other,HDFC,ccbill,2208.0
2022-01-07,Expense,Other,HDFC,Home,128.0
2022-01-06,Expense,Other,Amazon,train,433.0
2022-01-06,Expense,Other,Amazon,bill,57.0
2022-01-06,Expense,Other,HDFC,ccbill,1000.0
2022-01-06,Expense,Other,Ola,transfer,10000.0
2022-01-06,Expense,Other,Slice,Home,600.0
2022-01-06,Expense,Other,Slice,recharge,200.0
2022-01-06,Expense,Other,HDFC,ccbill,2020.0
2022-01-05,Expense,Other,Amazon,bill,507.0
2022-01-05,Expense,Other,HDFC,ccbill,1837.0
2022-01-05,Income,Other,Amazon,Reimbursed,2000.0
2022-01-05,Expense,Other,HDFC,Food,145.0
2022-01-05,Income,Other,CChdfc,cb,65.0
2022-01-05,Expense,Other,HDFC,ccbill,543.0
2022-01-04,Expense,Jogendra,HDFC,ccbill,2698.0
2022-01-04,Income,Other,HDFC,int,1049.0
2022-01-04,Income,Other,HDFC,Reimbursed,1000.0
2022-01-04,Income,Jogendra,Amazon,cb,23.0
2022-01-04,Expense,Jogendra,HDFC,Food,410.0
2022-01-04,Expense,Jogendra,cash,cash,5000.0
2022-01-04,Expense,Other,HDFC,ccbill,150.0
2022-01-03,Income,Jogendra,Amazon,cb,15.0
2022-01-03,Income,Jogendra,Slice,cb,3.0
2022-01-03,Expense,Jogendra,HDFC,bill,2988.0
2022-01-02,Expense,Jogendra,IDFCcc,cb,712.0
2022-01-02,Expense,Jogendra,HDFC,bill,3390.0
2022-01-02,Income,Other,Slice,cb,3.0
2022-01-02,Income,Jogendra,HDFC,cb,138.0
2022-01-02,Expense,Jogendra,HDFC,bill,9916.0
2022-01-02,Income,Jogendra,CChdfc,cb,14.0
2022-01-01,Expense,Other,Ola,wolf,1000.0
2022-01-01,Income,Jogendra,Slice,xc,4.0
2022-01-01,Expense,Jogendra,HDFC,repayment,3296.0
2022-01-01,Income,Jogendra,HDFC,int,355.0
2022-01-01,Income,Jogendra,HDFC,cb,250.0
2022-01-01,Expense,Other,Slice,offer,500.0
2021-12-12,Expense,Jogendra,Amazon,Personal,194.0
2021-12-11,Expense,Jogendra,HDFC,charges,12.0
2021-12-10,Expense,mom,HDFC,puli goru,40000.0
2021-12-10,Income,Other,HDFC,Reimbursed,20000.0
2021-12-10,Expense,Other,Slice,amazon,1589.0
2021-12-10,Income,Other,HDFC,Reimbursed,10000.0
2021-12-10,Expense,Other,CChdfc,amazon,10000.0
2021-12-10,Expense,hyd,HDFC,Home,260.0
2021-12-09,Expense,Other,Slice,Home,400.0
2021-12-09,Expense,Other,Amazon,Home,375.0
2021-12-08,Income,Other,HDFC,CC patym,10075.0
2021-12-08,Expense,Other,Slice,ola bill,500.0
2021-12-08,Income,Other,HDFC,Bal,5716.0
2021-12-08,Income,Jogendra,HDFC,Food,390.0
2021-11-12,Expense,Other,Union,int,17.0
2021-11-12,Income,Jogendra,HDFC,amazon,360.0
2021-11-12,Income,Other,Amazon,cb,6.0
2021-11-10,Expense,Other,Slice,Home,1555.0
2021-11-09,Expense,Jogendra,HDFC,Personal,450.0
2021-10-12,Expense,Other,Amazon,train,303.0
2021-10-12,Expense,Jogendra,Slice,Food,174.0
2021-10-12,Income,Jogendra,CChdfc,cb,500.0
2021-10-11,Expense,Ammamma,HDFC,recharge,200.0
2021-10-10,Expense,Other,Ola,travel,435.0
2021-10-08,Income,Other,Union,Div,20.0
2021-10-08,Expense,Other,Amazon,Home,6304.0
2021-10-08,Expense,Other,Amazon,Home,876.0
2021-09-11,Expense,Other,Amazon,wolf,150.0
2021-09-11,Income,Other,HDFC,Reimbursed,5800.0
2021-09-10,Expense,Other,Amazon,recharge,427.0
2021-09-10,Income,Other,HDFC,Reimbursed,500.0
2021-09-10,Expense,Jogendra,HDFC,Personal,100.0
2021-09-09,Expense,Jogendra,HDFC,Home,190.0
2021-09-09,Income,Other,HDFC,Reimbursed,470.0
2021-09-09,Expense,Other,Amazon,Home,469.0
2021-09-09,Income,Other,HDFC,Reimbursed,100.0
2021-09-09,Income,Other,HDFC,Reimbursed,5000.0
2021-09-08,Expense,Other,Union,Int,220.0
2021-08-12,Expense,dad,Amazon,bill,1621.0
2021-08-12,Income,Other,CChdfc,cb,64.0
2021-08-11,Expense,Other,HDFC,akka,550.0
2021-08-10,Expense,Other,Amazon,amazon,99.0
2021-08-10,Expense,Other,Amazon,train,152.0
2021-08-10,Income,Other,HDFC,Reimbursed,414.0
2021-08-10,Expense,Jogendra,HDFC,Food,25.0
2021-08-10,Expense,hyd,IDFCcc,movie,414.0
2021-08-09,Expense,Other,Ola,Personal,365.0
2021-08-09,Expense,Other,Slice,recharge,200.0
2021-07-12,Expense,Jogendra,HDFC,xerox,60.0
2021-07-11,Expense,Jogendra,HDFC,Food,109.0
2021-07-11,Income,Other,CChdfc,cb,15.0
2021-07-11,Expense,Other,CChdfc,ott,299.0
2021-07-11,Expense,Jogendra,HDFC,recharge,101.0
2021-07-11,Income,Other,HDFC,Reimbursed,2000.0
2021-07-11,Expense,Other,CChdfc,shopping,798.0
2021-07-11,Expense,Other,CChdfc,wolf,200.0
2021-07-11,Expense,Other,HDFC,ccbill,15954.0
2021-07-10,Income,Other,CChdfc,cb,311.0
2021-07-10,Expense,Other,CChdfc,Personal,8090.0
2021-07-10,Expense,Jogendra,HDFC,Personal,500.0
2021-07-10,Income,hyd,HDFC,Reimbursed,1740.0
2021-07-10,Income,hyd,Amazon,refund,269.0
2021-07-10,Expense,hyd,CChdfc,Food,2282.0
2021-07-09,Expense,Ammamma,Amazon,medicines,415.0
2021-07-09,Expense,Other,Amazon,recharge,199.0
2021-06-12,Income,Jogendra,Abank,int,5.0
2021-06-12,Expense,Other,Slice,recharge,200.0
2021-06-11,Expense,Other,Amazon,Home,395.0
2021-06-11,Expense,Other,Amazon,wolf,9000.0
2021-06-11,Expense,Other,Amazon,wolf,500.0
2021-06-11,Expense,Other,CChdfc,wolf,3000.0
2021-06-10,Expense,Other,HDFC,Bill,23502.0
2021-06-10,Expense,hyd,HDFC,Personal,1200.0
2021-06-09,Income,Other,Amazon,cb,445.0
2021-06-09,Income,Other,HDFC,payout,142.0
2021-06-09,Income,Other,HDFC,train,700.0
2021-06-09,Expense,Other,Amazon,train,183.0
2021-06-09,Income,Other,HDFC,train,183.0
2021-06-08,Expense,Other,Slice,Grocery,1000.0
2021-05-12,Expense,dad,Slice,recharge,300.0
2021-05-12,Expense,Other,Slice,shopping,1095.0
2021-05-12,Expense,Other,HDFC,amazon,235.0
2021-05-11,Expense,Other,CChdfc,wolf,4500.0
2021-05-10,Expense,hyd,Amazon,amazon,248.0
2021-05-10,Income,Jogendra,HDFC,cb,249.0
2021-05-09,Expense,Other,Amazon,power bank,1699.0
2021-05-09,Expense,Jogendra,HDFC,Food,303.0
2021-05-09,Expense,Other,Slice,Food,480.0
2021-05-09,Expense,Other,Ola,croma,1449.0
2021-04-12,Expense,akka,ICICIcc,amazon,950.0
2021-04-10,Expense,Jogendra,HDFC,emi,7700.0
2021-04-10,Expense,hyd,Amazon,amazon,853.0
2021-04-10,Income,Other,Union,Int,14.0
2021-04-10,Expense,Other,Amazon,recharge,48.0
2021-04-09,Expense,Other,Slice,Food,570.0
2021-04-09,Expense,akka,Amazon,Home,340.0
2021-03-12,Expense,Other,ICICIcc,amazon,1900.0
2021-03-12,Income,Jogendra,CChdfc,cb,1745.0
2021-03-12,Income,Other,Amazon,cb,23.0
2021-03-11,Income,Other,CChdfc,cb,72.0
2021-03-11,Income,Other,FAxisCC,cb,50.0
2021-03-11,Expense,Other,HDFC,ccbill,40000.0
2021-03-11,Expense,Other,CChdfc,wolf,3000.0
2021-03-11,Income,Other,HDFC,Reimbursed,14000.0
2021-03-11,Expense,Other,CChdfc,Reimbursed,10000.0
2021-03-10,Expense,hyd,HDFC,Home,200.0
2021-03-10,Income,Other,HDFC,amazon,20000.0
2021-03-10,Expense,hyd,HDFC,Food,63.0
2021-03-10,Expense,Jogendra,HDFC,Food,50.0
2021-03-10,Income,Other,HDFC,Reimbursed,5000.0
2021-03-10,Expense,Other,CChdfc,shopping,9378.0
2021-03-10,Income,Other,IDFCcc,cb,8.0
2021-03-10,Expense,Other,CChdfc,amazon,19999.0
2021-03-10,Income,Jogendra,HDFC,cb,42.0
2021-03-10,Expense,hyd,HDFC,Home,457.0
2021-03-09,Expense,akka,Slice,Home,937.0
2021-03-09,Income,Other,Slice,exp CC,1846.0
2021-03-09,Expense,Jogendra,HDFC,bill,1846.0
2021-03-09,Expense,akka,HDFC,Home,110.0
2021-03-09,Expense,Jogendra,HDFC,Food,50.0
2021-02-12,Expense,dad,CChdfc,Reimbursed,10000.0
2021-02-12,Expense,dad,Amazon,train,293.0
2021-02-12,Expense,Jogendra,HDFC,emi,7700.0
2021-02-11,Expense,Other,Ola,recharge,20.0
2021-02-11,Expense,Jogendra,HDFC,emi,7700.0
2021-02-11,Expense,Other,Ola,wolf,3000.0
2021-02-11,Expense,Other,Amazon,wolf,130.0
2021-02-11,Expense,Other,CChdfc,wolf,445.0
2021-02-11,Expense,Jogendra,HDFC,recharge,10.0
2021-02-11,Income,Other,Amazon,cb,50.0
2021-02-10,Expense,hyd,FAxisCC,Home,8874.0
2021-02-09,Expense,Other,HDFC,Bill,1500.0
2021-02-09,Expense,Jogendra,HDFC,emi,4200.0
2021-02-09,Expense,Jogendra,HDFC,Food,49.0
2021-02-09,Expense,akka,HDFC,Bill,450.0
2021-02-09,Expense,akka,Amazon,Food,199.0
2021-01-12,Expense,Other,HDFC,bill,4020.0
2021-01-12,Expense,Jogendra,Slice,misc,2.0
2021-01-12,Income,Jogendra,Abank,int,21.0
2021-01-11,Expense,hyd,HDFC,internet,447.0
2021-01-11,Income,Other,Slice,cb,4.0
2021-01-11,Expense,Other,HDFC,To bava garu,8000.0
2021-01-11,Expense,Jogendra,HDFC,xerox,47.0
2021-01-11,Expense,Other,Ola,petrol,1000.0
2021-01-11,Income,Other,HDFC,sai eshwari,2000.0
2021-01-11,Income,Other,Union,int,14.0
2021-01-11,Income,Jogendra,HDFC,cb,178.0
2021-01-11,Expense,Other,HDFC,ccbill,5067.0
2021-01-10,Income,Other,Abank,int,15.0
2021-01-10,Income,Jogendra,HDFC,Int,730.0
2021-01-10,Expense,Other,HDFC,Bill,3367.0
2021-01-10,Income,Other,Slice,Bill,3367.0
2021-01-10,Income,hyd,HDFC,Reimbursed,3087.0
2021-01-10,Expense,hyd,Slice,petrol,500.0
2021-01-10,Expense,hyd,Ola,Home,2587.0
2021-01-10,Expense,hyd,Amazon,movie,676.0
2021-01-09,Expense,Jogendra,HDFC,Bill,3000.0
2021-01-09,Expense,Other,HDFC,exp CC,15000.0
2021-01-09,Expense,Other,Amazon,recharge,196.0
2021-01-09,Expense,Other,Ola,oil,1010.0
2021-01-08,Expense,Other,CChdfc,office,16740.0
2021-01-08,Expense,Other,Slice,Food,763.0
2021-01-06,Income,Other,FAxisCC,Limit,250000.0
2021-01-06,Income,Other,mAxis,Limit,120000.0
2021-01-06,Income,Other,DHDFC,Limit,144000.0
2021-01-06,Income,Other,IDFCcc,Limit,35000.0
2021-01-06,Income,Other,RBLcc,Limit,47000.0
2021-01-06,Income,Other,CChdfc,Limit,100000.0
2021-01-06,Income,Other,Union,Bal,914.0
,Expense,Other,Union,Int,826.0
,Expense,Other,Union,Int,899.0
,Expense,Other,Union,Int,854.0
,Expense,Other,Union,Int,1008.0
,Expense,Other,Union,Int,915.0
,Income,Other,Union,Div,63.0
,Expense,Other,Slice,Food,1092.0
,Expense,Other,Amazon,Leo,2650.0
,Expense,Other,Amazon,Home,1350.0
,Expense,Jogendra,HDFC,Food,345.0
,Expense,Jogendra,HDFC,Int,720.0
,Expense,Other,Amazon,Home,916.0
,Expense,Other,Amazon,Leo,1404.0
,Income,Other,Union,Int,1262.0
,Expense,Jogendra,HDFC,Marriage,394.0
,Expense,Other,Union,Int,630.0
,Expense,Other,HDFC,ticker,150.0
,Expense,Other,HDFC,Home,4658.0
,Expense,Other,Slice,Personal,500.0
,Expense,Ammamma,Amazon,train,778.0
,Expense,Ammamma,Amazon,recharge,106.0
,Income,Jogendra,HDFC,Saroj,14850.0
,Expense,Jogendra,HDFC,recharge,38.0
,Expense,Jogendra,HDFC,Marriage,3500.0
,Expense,Bill Rec,HDFC,Marriage,1100.0
,Expense,Nanamma,Amazon,Home,125.0
,Expense,Bill Rec,Slice,Bill,901.0
,Income,Other,Amazon,cb,25.0
,Expense,Bill Rec,HDFC,Bill,737.0
,Expense,Other,Slice,Personal,200.0
,Expense,Bill Rec,Amazon,recharge,574.0
,Expense,Ammamma,misc,recharge,200.0
,Income,Other,HDFC,Deposit,10000.0
,Expense,Other,Amazon,Personal,150.0
,Expense,Bill Rec,Slice,Bill,901.0
,Expense,Bill Rec,Amazon,Bill,240.0
,Expense,Other,Slice,Home,208.0
,Expense,Other,Ola,Food,504.0
,Expense,Other,Ola,Leo,1070.0
,Expense,Jogendra,HDFC,Food,280.0
,Expense,Jogendra,HDFC,transfer,520.0
,Expense,Other,HDFC,Bill,2081.0
,Expense,Jogendra,HDFC,charges,176.0
,Expense,Other,HDFC,Home,520.0
,Expense,Jogendra,HDFC,Home,165.0
,Expense,Other,Amazon,train,293.0
,Income,Other,Amazon,Reimbursed,5000.0
,Expense,Jogendra,HDFC,Personal,500.0
,Expense,Other,Slice,travel,865.0
,Expense,Other,Amazon,Home,1165.0
,Expense,Other,Amazon,Personal,101.0
,Expense,Other,Slice,Personal,200.0
,Expense,Jogendra,HDFC,Home,35.0
,Expense,Jogendra,HDFC,Home,50.0
,Expense,Ammamma,Amazon,medicines,1211.0
,Expense,Other,Ola,Food,374.0
,Expense,Jogendra,HDFC,Food,110.0
,Income,Other,HDFC,Reimbursed,10000.0
,Expense,Jogendra,HDFC,Food,88.0
,Income,Other,Union,Int,30.0
,Expense,Other,Amazon,Home,58.0
,Expense,Jogendra,HDFC,Food,30.0
,Income,Other,Union,Div,27.0
,Expense,Other,Slice,Personal,500.0
,Income,Jogendra,HDFC,Personal,500.0
,Expense,Other,Amazon,Home,937.0
,Expense,Other,FAxisCC,Leo,761.0
,Expense,Jogendra,HDFC,Food,90.0
,Income,Other,HDFC,Reimbursed,937.0
,Income,Other,CChdfc,cb,786.0
,Expense,Other,Slice,Food,323.0
,Expense,Jogendra,HDFC,Food,340.0
,Expense,Other,Slice,recharge,400.0
,Income,Other,HDFC,Reimbursed,5000.0
,Income,Other,Amazon,Reimbursed,5000.0
,Expense,Other,Amazon,Bill,2673.0
,Income,Other,HDFC,Reimbursed,390.0
,Expense,Jogendra,HDFC,Food,40.0
,Income,Other,Union,Int,608.0
,Income,Other,HDFC,Reimbursed,300.0
,Expense,Other,CChdfc,amazon,5000.0
,Income,Other,Ola,ola bill,4772.0
,Income,Other,Union,Int,1264.0
,Income,Jogendra,HDFC,emi,3500.0
,Expense,Other,IDFCcc,ipo,15150.0
,Income,Other,HDFC,bill,15150.0
,Expense,Jogendra,HDFC,charges,88.0
,Expense,Other,HDFC,Bill,3200.0
,Expense,Jogendra,HDFC,Food,118.0
,Expense,hyd,HDFC,Food,297.0
,Expense,Jogendra,HDFC,Food,292.0
,Expense,Ammamma,Amazon,train,875.0
,Expense,hyd,Amazon,recharge,98.0
,Expense,Other,Amazon,amazon,229.0
,Expense,Other,Ola,travel,2715.0
,Expense,Other,Amazon,Home,1850.0
,Expense,Other,Amazon,travel,1300.0
,Expense,Jogendra,HDFC,Personal,780.0
,Expense,Jogendra,HDFC,recharge,94.0
,Expense,Jogendra,HDFC,car,12500.0
,Expense,Other,Ola,recharge,300.0
,Expense,Other,Ola,insurance,5460.0
,Expense,Other,Ola,Food,525.0
,Expense,Other,Amazon,Home,910.0
,Expense,Jogendra,HDFC,Food,115.0
,Expense,Other,Amazon,recharge,270.0
,Income,Jogendra,HDFC,dream11,340.0
,Income,Jogendra,HDFC,cb,6.0
,Income,Other,Abank,cb,82.0
,Expense,Other,Slice,recharge,200.0
,Income,Other,HDFC,Reimbursed,5000.0
,Expense,Other,Ola,Home,585.0
,Income,Other,Amazon,amazon,10.0
,Income,Other,HDFC,Reimbursed,4000.0
,Income,Other,HDFC,Reimbursed,5500.0
,Expense,Jogendra,HDFC,medicines,57.0
,Income,Other,Union,Div,10.0
,Expense,Other,Ola,shopping,5486.0
,Expense,Jogendra,HDFC,crypto,500.0
,Expense,Jogendra,HDFC,Food,480.0
,Expense,Other,Amazon,train,368.0
,Expense,Jogendra,HDFC,Food,280.0
,Expense,Other,Amazon,train,188.0
,Expense,Other,CChdfc,misc,907.0
,Expense,Jogendra,HDFC,medicines,460.0
,Expense,Ammamma,Amazon,train,805.0
,Expense,Ammamma,Amazon,recharge,383.0
,Income,Other,HDFC,baba,1200.0
,Expense,Other,Amazon,bill,8095.0
,Expense,Other,HDFC,ccbill,9635.0
,Income,Other,FAxisCC,cb,19.0
,Expense,Other,HDFC,ccbill,26113.0
,Income,Other,IDFCcc,cb,51.0
,Expense,Other,IDFCcc,toBank,20000.0
,Income,Other,IDFCcc,cb,233.0
,Expense,Other,CChdfc,wolf,5000.0
,Expense,Jogendra,Amazon,recharge,48.0
,Expense,Other,Ola,bill,1.0
,Expense,Other,Amazon,wolf,5000.0
,Expense,Other,CChdfc,wolf,2130.0
,Expense,Other,CChdfc,wolf,4000.0
,Expense,Other,Amazon,wolf,2000.0
,Expense,Other,CChdfc,wolf,3000.0
,Expense,Jogendra,CChdfc,game,1000.0
,Expense,Other,Ola,wolf,6000.0
,Expense,Other,Slice,game,1000.0
,Expense,Other,Amazon,game,130.0
,Expense,hyd,Slice,Food,489.0
,Expense,Other,Ola,wolf,4930.0
,Expense,Other,Ola,sai eshwari,2316.0
,Income,Jogendra,HDFC,emi,3500.0
,Expense,Other,Amazon,wolf,70.0
,Expense,Jogendra,Ola,Food,407.0
,Income,Other,HDFC,Reimbursed,1000.0
,Income,mani annaya,HDFC,Reimbursed,2500.0
,Expense,Jogendra,Union,charges,32.0
,Expense,Other,CChdfc,wolf,6000.0
,Income,Jogendra,HDFC,cb,201.0
,Expense,Other,CChdfc,wolf,252.0
,Expense,Other,Amazon,recharge,48.0
,Expense,Other,Amazon,Home,498.0
,Income,Other,HDFC,Reimbursed,1000.0
,Expense,Jogendra,HDFC,recharge,98.0
,Income,Other,Amazon,Reimbursed,10000.0
,Expense,Other,Amazon,bill,1654.0
,Expense,Other,Amazon,Home,981.0
,Expense,Other,CChdfc,wolf,500.0
,Income,Other,Union,int,675.0
,Expense,Other,Union,charges,350.0
,Expense,Other,Amazon,Home,1795.0
,Expense,Other,CChdfc,wolf,500.0
,Expense,Other,Slice,Home,2025.0
,Expense,Other,Slice,recharge,200.0
,Expense,Other,Amazon,amazon,1359.0
,Expense,Other,Amazon,recharge,270.0
,Expense,Other,Amazon,recharge,106.0
,Expense,Other,Amazon,Leo,315.0
,Expense,Jogendra,HDFC,Leo,130.0
,Expense,Other,FAxisCC,shopping,73.0
,Income,Jogendra,HDFC,crypto,500.0
,Expense,Other,Union,int,450.0
,Income,Jogendra,HDFC,cb,41.0
,Income,Jogendra,HDFC,misc,636.0
,Income,Other,FAxisCC,cb,481.0
,Expense,Other,Amazon,train,1021.0
,Expense,Other,Amazon,recharge,98.0
,Income,mom,HDFC,Reimbursed,10000.0
,Expense,Other,Amazon,amazon,1999.0
,Income,Other,CChdfc,cb,562.0
,Expense,Other,Amazon,amazon,199.0
,Expense,Other,Amazon,Leo,1362.0
,Income,Other,HDFC,Reimbursed,6200.0
,Expense,Jogendra,HDFC,charges,5.0
,Income,Other,Amazon,cb,177.0
,Expense,happy,HDFC,amazon,1359.0
,Expense,Other,HDFC,wolf,500.0
,Expense,dad,Amazon,recharge,98.0
,Expense,Baba,HDFC,shopping,300.0
,Expense,dad,Amazon,travel,549.0
,Expense,transfer,Slice,cb,250.0
,Expense,Other,CChdfc,emi,148.0
,Expense,transfer,FAxisCC,ola bill,17363.0
,Income,Jogendra,Amazon,cb,3.0
,Income,Other,Union,dream11,2650.0
,Income,Other,Union,int,1968.0
,Income,Other,Union,int,866.0
,Expense,dad,Amazon,travel,568.0
,Income,Other,ICICIcc,Limit,500000.0
,Expense,Jogendra,CChdfc,emi,26.0
,Expense,transfer,Amazon,amazon,608.0
,Expense,dad,Amazon,bill,8323.0
,Income,dad,Amazon,Reimbursed,5000.0
,Income,Other,Amazon,cb,13.0
,Expense,Other,HDFC,ccbill,9508.0
,Expense,Other,IDFCcc,cb,349.0
,Income,Other,ICICIcc,cb,52.0
,Expense,Other,CChdfc,misc,420.0
,Expense,Other,HDFC,ccbill,45820.0
,Income,Other,CChdfc,cb,40.0
,Income,Jogendra,HDFC,emi,3500.0
,Income,dad,Amazon,Reimbursed,5000.0
,Income,Other,Union,int,2373.0
,Income,dad,HDFC,Reimbursed,10000.0
,Expense,dad,Amazon,recharge,98.0
,Income,Other,Union,int,1046.0
,Expense,Jogendra,HDFC,Food,388.0
,Income,Other,HDFC,Reimbursed,535.0
,Income,Other,HDFC,Reimbursed,100.0
,Income,Other,Union,bharatpe,41.0
,Expense,Other,Amazon,amazon,1746.0
,Income,Other,HDFC,cb,1000.0
,Expense,dad,Amazon,recharge,270.0
,Income,dad,Amazon,Reimbursed,3000.0
,Expense,Jogendra,HDFC,Food,87.0
,Expense,Jogendra,HDFC,movie,142.0
,Expense,Jogendra,HDFC,upstox,177.0
,Expense,dad,Amazon,amazon,243.0
,Expense,Ammamma,Amazon,recharge,200.0
,Expense,Jogendra,HDFC,Food,19.0
,Expense,Other,Slice,ola,300.0
,Expense,Other,Ola,wolf,300.0
,Income,Other,IDFCcc,cb,683.0
,Income,Jogendra,Abank,int,38.0
,Income,Other,Amazon,cb,6.0
,Expense,Other,HDFC,upstox,100.0
,Expense,Other,HDFC,ccbill,16886.0
,Income,Other,FAxisCC,cb,16.0
,Expense,Other,HDFC,ccbill,2800.0
,Income,Other,ICICIcc,cb,6.0
,Expense,Jogendra,FAxisCC,shopping,7233.0
,Expense,Other,Union,int,1232.0
,Expense,Other,Amazon,wolf,50.0
,Expense,dad,Amazon,bill,3135.0
,Expense,dad,Amazon,Home,1615.0
,Income,dad,Amazon,Reimbursed,10000.0
,Income,Other,HDFC,upstox,800.0
,Expense,Jogendra,CChdfc,emi,24.0
,Expense,Jogendra,CChdfc,emi,132.0
,Expense,Other,Amazon,wolf,100.0
,Expense,Jogendra,HDFC,Food,40.0
,Expense,Other,HDFC,withdraw,1500.0
,Expense,Other,Amazon,wolf,160.0
,Income,Other,CChdfc,cb,500.0
,Expense,Other,Amazon,wolf,200.0
,Expense,Jogendra,Amazon,game,500.0
,Income,Jogendra,ICICIcc,cb,4.0
,Income,Jogendra,HDFC,int,815.0
,Expense,Other,Amazon,wolf,200.0
,Income,Jogendra,CChdfc,cb,857.0
,Expense,Other,Amazon,wolf,300.0
,Expense,Other,Slice,recharge,600.0
,Income,Other,HDFC,recharge,666.0
,Expense,Other,Amazon,wolf,334.0
,Income,Jogendra,HDFC,cb,40.0
,Expense,Other,Abank,transfer,161.0
,Income,mom,HDFC,Reimbursed,6500.0
,Income,Other,HDFC,emi,3500.0
,Income,Jogendra,Ola,cb,500.0
,Expense,Other,Amazon,wolf,400.0
,Expense,Jogendra,HDFC,Food,280.0
,Expense,Jogendra,HDFC,grill,735.0
,Income,Other,CChdfc,cb,62.0
,Income,Other,HDFC,Reimbursed,150.0
,Income,Jogendra,Amazon,cb,28.0
,Income,Jogendra,HDFC,wolf,200.0
,Income,dad,HDFC,Reimbursed,10000.0
,Income,dad,Amazon,Reimbursed,10000.0
,Expense,dad,Amazon,bill,1621.0
,Expense,dad,HDFC,Food,1080.0
,Expense,dad,Amazon,Home,1005.0
,Expense,dad,Amazon,recharge,270.0
,Expense,Other,Ola,wolf,500.0
,Income,Other,HDFC,Reimbursed,600.0
,Expense,Other,HDFC,Food,160.0
,Expense,Other,HDFC,Food,2765.0
,Expense,Other,Ola,Food,1083.0
,Income,Other,Ola,refund,894.0
,Expense,dad,Slice,recharge,375.0
,Income,Other,FAxisCC,cb,260.0
,Expense,Jogendra,HDFC,charges,177.0
,Expense,dad,Amazon,recharge,58.0
,Expense,Jogendra,Amazon,shopping,454.0
,Expense,Jogendra,Amazon,shopping,849.0
,Expense,Other,Amazon,bill,5495.0
,Income,Other,HDFC,int,452.0
,Expense,Jogendra,HDFC,ccbill,8116.0
,Income,Other,ICICIcc,cb,159.0
,Expense,Jogendra,HDFC,Food,20.0
,Expense,dad,ICICIcc,insurance,24020.0
,Expense,dad,Ola,Reimbursed,10700.0
,Income,dad,HDFC,Reimbursed,24000.0
,Income,Jogendra,CChdfc,cb,63.0
,Income,Other,Amazon,Reimbursed,5200.0
,Expense,dad,Amazon,recharge,690.0
,Expense,Other,Ola,wolf,100.0
,Expense,dad,Amazon,Home,1031.0
,Expense,Other,CChdfc,emi,115.0
,Expense,Other,Ola,wolf,710.0
,Income,Other,HDFC,cb,50.0
,Income,Other,Amazon,cb,200.0
,Expense,Other,Slice,Food,406.0
,Expense,Other,Amazon,recharge,99.0
,Expense,akka,HDFC,Food,220.0
,Expense,akka,IDFCcc,Food,421.0
,Expense,akka,Amazon,gas,952.0
,Expense,akka,Amazon,Reimbursed,200.0
,Expense,Other,CChdfc,ola,948.0
,Expense,Other,CChdfc,int,22.0
,Expense,Jogendra,HDFC,charges,130.0
,Income,Jogendra,IDFCcc,cb,421.0
,Expense,Jogendra,Slice,convert,500.0
,Expense,dad,Amazon,Home,227.0
,Expense,Jogendra,Amazon,train,268.0
,Expense,Jogendra,HDFC,bill,12763.0
,Expense,Jogendra,HDFC,Food,250.0
,Income,Jogendra,FAxisCC,cb,16.0
,Expense,Jogendra,Ola,fuel,1010.0
,Income,dad,Amazon,Reimbursed,10000.0
,Expense,Jogendra,HDFC,lazy pay,20000.0
,Expense,dad,Amazon,bill,860.0
,Expense,Ammamma,Amazon,recharge,779.0
,Expense,dad,Amazon,gas,942.0
,Income,Other,HDFC,Reimbursed,10000.0
,Expense,dad,Amazon,train,338.0
,Expense,Other,HDFC,gold,600.0
,Expense,Other,Ola,reception,640.0
,Income,Jogendra,HDFC,cb,400.0
,Expense,Jogendra,FAxisCC,Leo,418.0
,Income,Jogendra,CChdfc,cb,500.0
,Expense,Other,Amazon,train,875.0
,Expense,dad,Amazon,Home,4334.0
,Expense,Jogendra,Amazon,recharge,58.0
,Expense,Jogendra,HDFC,Food,160.0
,Expense,Jogendra,HDFC,ccbill,24396.0
,Expense,Jogendra,Slice,transfer,500.0
,Expense,dad,Amazon,bill,3670.0
,Expense,dad,ICICIcc,bill,1327.0
,Expense,Jogendra,CChdfc,emi,35.0
,Expense,Jogendra,CChdfc,samsung tab,46119.0
,Income,Jogendra,CChdfc,cb,64.0
,Income,Other,HDFC,Reimbursed,19054.0
,Expense,Other,Amazon,bill,292.0
,Expense,Other,Amazon,movie,87.0
,Expense,Other,Amazon,akka,1599.0
,Income,Other,HDFC,train,800.0
,Income,Jogendra,Union,div,4.0
,Income,Other,HDFC,amazon,1600.0
,Expense,Other,CChdfc,emi,252.0
,Expense,Other,Ola,bill,300.0
,Income,dad,HDFC,Reimbursed,6550.0
,Expense,Jogendra,HDFC,charges,147.0
,Income,Jogendra,Amazon,cb,27.0
,Income,dad,Amazon,Reimbursed,10000.0
,Expense,dad,Amazon,bill,1622.0
,Expense,Jogendra,IDFCcc,movie,540.0
,Expense,Jogendra,HDFC,auto,64.0
,Income,mom,HDFC,Reimbursed,21000.0
,Expense,dad,Amazon,recharge,270.0
,Expense,dad,Amazon,bill,184.0
,Expense,dad,Amazon,recharge,80.0
,Expense,Jogendra,HDFC,Food,440.0
,Expense,dad,Amazon,Home,339.0
,Expense,dad,Slice,recharge,200.0
,Expense,Jogendra,Slice,amazon,1770.0
,Expense,Jogendra,HDFC,wolf,1000.0
,Expense,Other,Amazon,train,308.0
,Expense,Other,Amazon,bus,3675.0
,Expense,Jogendra,Amazon,wolf,149.0
,Expense,Jogendra,HDFC,Food,441.0
,Expense,Jogendra,Freyo,transfer,3000.0
,Expense,Jogendra,HDFC,ccbill,1332.0
,Expense,Other,Postpe,misc,2299.0
,Expense,Jogendra,HDFC,ccbill,2299.0
,Expense,Jogendra,Lazypay,samsung tab,2499.0
,Expense,dad,HDFC,Home,2220.0
,Expense,Other,Amazon,train,1160.0
,Expense,Jogendra,Slice,transfer,500.0
,Income,Jogendra,Freyo,cb,50.0
,Expense,Jogendra,Ola,transfer,2950.0
,Expense,Other,Amazon,Home,2029.0
,Expense,Jogendra,CChdfc,int,179.0
,Income,Other,Slice,refund,456.0
,Expense,Other,Amazon,train,1161.0
,Expense,Jogendra,CChdfc,int,1052.0
,Income,dad,HDFC,Reimbursed,4000.0
,Income,dad,Ola,Reimbursed,1000.0
,Expense,Jogendra,FAxisCC,transfer,650.0
,Expense,Jogendra,CChdfc,transfer,5000.0
,Expense,Other,Amazon,bill,4581.0
,Expense,Jogendra,Amazon,wolf,400.0
,Expense,Jogendra,HDFC,medicines,40.0
,Expense,Other,HDFC,movie,1800.0
,Expense,Jogendra,Lazypay,Food,519.0
,Income,Jogendra,CChdfc,cb,250.0
,Expense,Other,ICICIcc,wolf,189.0
,Expense,Other,Amazon,wolf,126.0
,Income,Other,HDFC,wolf,700.0
,Expense,Other,ICICIcc,train,971.0
,Income,Other,HDFC,Reimbursed,150.0
,Expense,Other,ICICIcc,wolf,1500.0
,Income,Other,HDFC,cb,75.0
,Expense,dad,Slice,recharge,400.0
,Expense,Other,HDFC,medicines,140.0
,Expense,Jogendra,HDFC,Food,255.0
,Expense,Jogendra,HDFC,Food,100.0
,Expense,dad,ICICIcc,train,278.0
,Income,Other,CChdfc,cb,65.0
,Expense,Jogendra,HDFC,internet,3000.0
,Expense,Jogendra,Ola,transfer,3000.0
,Expense,Jogendra,Ola,transfer,3000.0
,Expense,Other,HDFC,No description,13000.0
,Expense,Jogendra,HDFC,repayment,3018.0
,Income,dad,Amazon,Reimbursed,674.0
,Income,dad,HDFC,Reimbursed,4000.0
,Expense,Jogendra,HDFC,ccbill,491.0
,Expense,Jogendra,Slice,dream11,300.0
,Expense,Other,HDFC,Home,450.0
,Expense,Other,Slice,Home,631.0
,Expense,Other,cash,cash,7000.0
,Expense,Other,Kotak,trading bal,72581.0
,Income,Other,Kotak,bank bal,11925.0
,Expense,Other,Kotak,Long Fyers,3.0
,Expense,Other,Kotak,fyers,89.0
,Expense,Other,Kotak,Zerodha,180970.0
,Expense,Other,Amazon,wolf,1653.0
,Expense,Other,ICICIcc,wolf,8647.0
,Expense,Other,CChdfc,Reimbursed,5000.0
,Income,Other,HDFC,Reimbursed,4000.0
,Expense,Other,Amazon,train,866.0
,Expense,Other,HDFC,Food,335.0
,Expense,Other,Amazon,wolf,4520.0
,Expense,Other,ICICIcc,wolf,2980.0
,Expense,Other,ICICIcc,recharge,230.0
,Expense,Other,Slice,recharge,500.0
,Expense,Other,cash,cash,500.0
,Income,Other,CChdfc,cb,250.0
,Income,Other,FAxisCC,cb,20.0
,Expense,Other,CChdfc,wolf,13820.0
,Expense,Jogendra,ICICIcc,wolf,500.0
,Expense,Other,Kotak,fyers,1000.0
,Expense,Other,Kotak,Zerodha,20000.0
,Income,Other,HDFC,Reimbursed,3000.0
,Expense,Other,HDFC,puli goru,12000.0
,Expense,Other,HDFC,ccbill,128.0
,Expense,Other,CChdfc,wolf,2500.0
,Expense,Other,RBLcc,charges,1178.0
,Expense,Other,CChdfc,gst,105.0
,Expense,Other,CChdfc,emi,583.0
,Income,dad,Amazon,Reimbursed,5000.0
,Expense,Other,Amazon,Home,1966.0
,Expense,Other,Amazon,train,243.0
,Expense,Other,HDFC,ccbill,17096.0
,Income,dad,Ola,Reimbursed,5300.0
,Income,Other,HDFC,cb,33.0
,Expense,Jogendra,Amazon,recharge,10.0
,Expense,Jogendra,HDFC,recharge,50.0
,Expense,Jogendra,Slice,recharge,155.0
,Income,Other,HDFC,cb,33.0
,Expense,Other,CChdfc,transfer,10000.0
,Expense,Other,Amazon,recharge,100.0
,Income,Other,cash,cash,1500.0
,Expense,Other,Amazon,movie,44.0
,Expense,Other,HDFC,ccbill,1000.0
,Expense,Other,cash,cash,1500.0
,Income,Other,HDFC,cb,10.0
,Expense,Other,HDFC,vested,45.0
,Income,dad,HDFC,Reimbursed,4000.0
,Expense,Other,Amazon,bill,1832.0
,Expense,Other,HDFC,ccbill,1000.0
,Expense,Other,Amazon,recharge,270.0
,Expense,Other,HDFC,ac service,1700.0
,Expense,dad,Amazon,birth place,750.0
,Expense,Other,HDFC,ccbill,1000.0
,Expense,Other,HDFC,medicines,420.0
,Expense,Other,Postpe,amazon,1890.0
,Income,Other,HDFC,Reimbursed,935.0
,Income,Other,HDFC,cb,161.0
,Expense,Other,HDFC,ccbill,1000.0
,Expense,Other,Kotak,Long Fyers,12737.0
,Expense,Other,Kotak,Zerodha,12720.0
,Expense,Other,Amazon,train,565.0
,Expense,Other,HDFC,Home,1256.0
,Expense,Other,HDFC,Home,2000.0
,Expense,Other,Amazon,Home,846.0
,Income,Other,Kotak,Zerodha,12720.0
,Income,Other,Kotak,Long Fyers,9300.0
,Expense,Other,CChdfc,emi,504.0
,Expense,Other,HDFC,ccbill,1000.0
,Expense,Other,HDFC,ccbill,1000.0
,Expense,Other,Ola,amazon,1900.0
,Expense,dad,Amazon,recharge,147.0
,Expense,Other,Ola,ccbill,9100.0
,Expense,Other,HDFC,Home,99.0
,Income,Other,CChdfc,cb,1434.0
,Expense,Other,CChdfc,gst,92.0
,Expense,Other,CChdfc,train,1338.0
,Income,Other,HDFC,Reimbursed,2370.0
,Expense,Other,Ola,Home,1504.0
,Expense,Other,RBLcc,Home,1922.0
,Income,Other,Ola,Reimbursed,4500.0
,Expense,Other,HDFC,movie,45.0
,Income,Other,Ola,cb,150.0
,Expense,Other,HDFC,ccbill,8177.0
,Expense,Other,HDFC,ccbill,2000.0
,Expense,Other,HDFC,movie,600.0
,Expense,Other,HDFC,hair cut,400.0
,Expense,Other,Amazon,train,178.0
,Income,Other,HDFC,Reimbursed,180.0
,Expense,Other,HDFC,amazon,500.0
,Income,Other,Amazon,cb,75.0
,Expense,Other,Amazon,recharge,50.0
,Expense,Other,FAxisCC,Home,1000.0
,Expense,Other,ICICIcc,Home,950.0
,Income,Other,cash,Reimbursed,2500.0
,Expense,Other,HDFC,ccbill,2332.0
,Income,Other,CChdfc,cb,66.0
,Income,Other,Amazon,cb,68.0
,Income,dad,HDFC,Reimbursed,14000.0
,Expense,raja bava,ICICIcc,train,968.0
,Expense,Other,Amazon,train,257.0
,Expense,Other,HDFC,transfer,2000.0
,Income,Other,cash,Reimbursed,500.0
,Expense,Other,cash,Home,2000.0
,Expense,atta,Amazon,recharge,666.0
,Expense,raja bava,Amazon,train,808.0
,Expense,raja bava,ICICIcc,hotel,678.0
,Expense,Other,Amazon,recharge,50.0
,Expense,raja bava,ICICIcc,train,1250.0
,Income,Other,Kotak,upstox,12466.0
,Income,Other,HDFC,Reimbursed,1315.0
,Expense,Other,Amazon,train,423.0
,Expense,Other,Amazon,Home,759.0
,Income,Other,Kotak,fyers,12844.0
,Income,Other,HDFC,cb,1.0
,Income,Other,Kotak,Long Fyers,44.0
,Expense,water,HDFC,sreemantham,250.0
,Expense,Other,Union,charges,18.0
,Income,Other,HDFC,Reimbursed,4700.0
,Expense,Other,IDFCcc,pari,2000.0
,Expense,Other,CChdfc,emi,354.0
,Income,Other,Amazon,cb,500.0
,Expense,Other,HDFC,ticker,4000.0
,Expense,Other,RBLcc,pari,2000.0
,Expense,Other,Amazon,Home,473.0
,Income,Other,Kotak,Commodity,8321.0
,Expense,Other,Amazon,amazon,376.0
,Income,Other,Ola,Reimbursed,11663.0
,Expense,Other,Ola,transfer,101.0
,Income,sbi,HDFC,int,79.0
,Expense,Other,RBLcc,medicines,627.0
,Expense,Other,CChdfc,emi,77.0
,Income,Other,IDFCcc,cb,8.0
,Expense,Other,HDFC,Food,60.0
,Expense,Other,HDFC,ccbill,2854.0
,Expense,Other,Amazon,recharge,22.0
,Income,Other,CChdfc,cb,135.0
,Income,Other,Ola,Reimbursed,2100.0
,Expense,Other,Amazon,train,731.0
,Expense,Other,FAxisCC,flipkart,1200.0
,Expense,Other,FAxisCC,Home,454.0
,Expense,Other,Amazon,internet,450.0
,Income,Other,HDFC,Reimbursed,560.0
,Income,Other,Amazon,cb,27.0
,Expense,Other,Slice,movie,660.0
,Expense,Other,HDFC,Food,150.0
,Income,Other,HDFC,Reimbursed,39.0
,Expense,Other,Amazon,train,433.0
,Expense,Other,Amazon,amazon,155.0
,Expense,Other,HDFC,Food,300.0
,Expense,Other,HDFC,bajaj,117.0
,Expense,Other,HDFC,duke,236.0
,Expense,Other,HDFC,Food,705.0
,Expense,Other,HDFC,movie,336.0
,Expense,Other,Slice,Home,785.0
,Expense,Other,Ola,subscription,1000.0
,Expense,Other,HDFC,temple,1000.0
,Income,Other,HDFC,wolf,2000.0
,Income,Other,CChdfc,Limit,30000.0
,Expense,Other,Amazon,prime,1500.0
,Expense,Other,ICICIcc,amazon,2150.0
,Income,Other,HDFC,Reimbursed,2500.0
,Income,Other,Amazon,cb,750.0
,Income,Other,Union,div,10.0
,Income,Other,ICICIcc,ccbill,510.0
,Expense,Other,HDFC,Food,279.0
,Expense,Other,Amazon,Food,479.0
,Expense,Other,RBLcc,petrol,2500.0
,Income,Other,HDFC,amazon,2150.0
,Expense,Other,HDFC,Food,373.0
,Expense,Other,RBLcc,Food,170.0
,Expense,Other,RBLcc,shopping,199.0
,Expense,Other,HDFC,charges,2.0
,Expense,Other,cash,misc,500.0
,Expense,Other,Slice,Home,343.0
,Expense,Other,CChdfc,emi,286.0
,Income,Other,ICICIcc,ccbill,1879.0
,Income,Other,FAxisCC,ccbill,1836.0
,Expense,Other,CChdfc,tab,62.0
,Income,Other,CChdfc,cb,69.0
,Expense,Other,Amazon,train,306.0
,Expense,Other,Slice,recharge,240.0
,Income,Other,Kotak,Zerodha,1222.0
,Expense,Other,Slice,Home,676.0
,Income,Other,Ola,Reimbursed,2262.0
,Expense,Other,Ola,amazon,995.0
,Expense,ammamma,HDFC,transfer,12500.0
,Income,Other,cash,Reimbursed,1800.0
,Expense,Other,Amazon,bill,666.0
,Income,Other,Slice,cb,84.0
,Expense,Other,ICICIcc,Food,166.0
,Expense,Other,Amazon,internet,241.0
,Expense,akka,HDFC,Reimbursed,859.0
,Expense,Other,HDFC,Food,300.0
,Income,ammamma,cash,received,1700.0
,Expense,Other,cash,transfer,16000.0
,Income,Other,HDFC,Reimbursed,5000.0
,Expense,Other,HDFC,bill,983.0
,Expense,Other,HDFC,Food,366.0
,Expense,Other,Union,charges,40.0
,Expense,Other,Amazon,train,333.0
,Expense,Other,RBLcc,bill,5450.0
,Expense,Other,RBLcc,bday,1629.0
,Income,Other,RBLcc,ccbill,3000.0
,Expense,Other,HDFC,ccbill,1000.0
,Income,Other,HDFC,Reimbursed,500.0
,Income,Other,cash,bday,3000.0
,Expense,Other,cash,transfer,1500.0
,Expense,Other,HDFC,ticker,2790.0
,Expense,Other,DHDFC,birth place,189.0
,Expense,Other,DHDFC,petrol,1011.0
,Expense,Other,DHDFC,Home,826.0
,Expense,Other,DHDFC,B3,861.0
,Expense,Other,DHDFC,bsnl,761.0
,Expense,Other,DHDFC,train,333.0
,Expense,Other,DHDFC,baby,1799.0
,Expense,Other,DHDFC,birth place,45598.0
,Expense,Other,DHDFC,birth place,1846.0
,Expense,ksn,DHDFC,train,288.0
,Expense,ksn,Amazon,train,145.0
,Income,Other,DHDFC,ccbill,50000.0
,Expense,Other,HDFC,internet,235.0
,Expense,Other,Slice,Home,430.0
,Expense,Other,DHDFC,fuel,303.0
,Expense,Other,DHDFC,home,229.0
,Expense,Other,ICICIcc,Food,714.0
,Expense,Other,ICICIcc,Home,466.0
,Expense,Other,Slice,Home,856.0
,Income,Other,cash,gas,3000.0
,Income,ammamma,cash,received,2000.0
,Expense,Other,ICICIcc,gold,5200.0
,Expense,Other,HDFC,gas,50.0
,Expense,Other,DHDFC,Home,1363.0
,Expense,Other,DHDFC,autopay bills,610.0
,Income,Other,DHDFC,cb,1507.0
,Expense,Other,DHDFC,baby,2249.0
,Expense,Other,Ola,Home,829.0
,Expense,Other,DHDFC,milk,262.0
,Expense,Other,DHDFC,nagesh,147.0
,Expense,Other,DHDFC,fuel,300.0
,Expense,Other,HDFC,Home,50.0
,Expense,Other,Kotak,dhan,4999.0
,Expense,devi,DHDFC,devi,96.0
,Income,Other,Amazon,cb,40.0
,Expense,Other,DHDFC,birth place,1479.0
,Expense,Other,DHDFC,Home,450.0
,Expense,Other,DHDFC,baby,2194.0
,Expense,Other,DHDFC,recharge,452.0
,Expense,Other,DHDFC,petrol,1518.0
,Expense,Other,DHDFC,insurance,2259.0
,Expense,Other,DHDFC,dad,500.0
,Expense,Other,HDFC,train,10.0
,Expense,Other,cash,rent,1000.0
,Expense,Other,cash,shopping,250.0
,Expense,Other,cash,maid,500.0
,Expense,Other,cash,amma,600.0
,Income,Other,Amazon,cb,1000.0
,Expense,Other,DHDFC,petrol,2000.0
,Expense,Other,DHDFC,gas,1082.0
,Expense,Other,cash,petrol,500.0
,Expense,Other,DHDFC,recharge,309.0
,Income,Other,cash,Reimbursed,3200.0
,Expense,Other,HDFC,medicines,43.0
,Expense,Other,ICICIcc,Home,3070.0
,Expense,Other,Amazon,Home,1040.0
,Expense,Other,Ola,Home,1111.0
,Income,Other,RBLcc,cb,25.0
,Expense,Other,ICICIcc,amazon,118.0
,Expense,Other,CChdfc,other emi,850.0
,Expense,Other,HDFC,Home,60.0
,Expense,Other,Kotak,dhan,11995.0
,Expense,Other,Kotak,Zerodha,55000.0
,Expense,Other,DHDFC,recharge,149.0
,Expense,Other,HDFC,eamcet,1200.0
,Expense,Other,DHDFC,ccbill,5500.0
,Expense,Other,DHDFC,charges,7.0
,Expense,Other,CChdfc,tab,153.0
,Expense,Other,ICICIcc,leo,501.0
,Expense,Other,HDFC,ccbill,1000.0
,Expense,Other,HDFC,ccbill,1000.0
,Expense,Other,HDFC,Home,50.0
,Expense,Other,cash,transfer,6600.0
,Expense,Other,HDFC,Food,140.0
,Expense,Other,DHDFC,Food,114.0
,Expense,Other,DHDFC,b3,117.0
,Expense,Other,DHDFC,current bill,161.0
,Expense,Other,HDFC,hair cut,150.0
,Expense,Other,HDFC,medicines,96.0
,Expense,Other,HDFC,Food,180.0
,Expense,Other,ICICIcc,Home,723.0
,Expense,Other,DHDFC,ramu,270.0
,Expense,Other,DHDFC,ccbill,1757.0
,Income,Other,Slice,cb,12.0
,Expense,Other,HDFC,Home,397.0
,Expense,Other,HDFC,ccbill,1000.0
,Expense,Other,HDFC,ccbill,1000.0
,Expense,ksn,DHDFC,train,138.0
,Expense,ksn,DHDFC,train,393.0
,Expense,Other,HDFC,barasala,3000.0
,Expense,Other,DHDFC,lift bill,4358.0
,Expense,Other,DHDFC,D2,960.0
,Expense,Other,DHDFC,D5,419.0
,Expense,dad,RBLcc,Home,2302.0
,Income,Other,Amazon,cb,375.0
,Expense,Other,FAxisCC,transfer,2006.0
,Expense,Other,HDFC,Food,227.0
,Expense,Other,DHDFC,Home,215.0
,Expense,Other,DHDFC,L403,244.0
,Expense,Other,DHDFC,Home,176.0
,Income,Other,DHDFC,cb,1347.0
,Expense,Other,Union,int,472.0
,Expense,Other,DHDFC,B3,860.0
,Expense,Other,DHDFC,D2,3046.0
,Expense,Other,DHDFC,lift bill,4270.0
,Expense,Other,DHDFC,D5,231.0
,Expense,Other,HDFC,ccbill,728.0
,Expense,Other,Amazon,recharge,128.0
,Expense,Other,Amazon,train,153.0
,Expense,Other,Union,charges,17.0
,Expense,Other,HDFC,ccbill,1000.0
,Expense,raja bava,DHDFC,train,718.0
,Income,raja bava,HDFC,Reimbursed,2800.0
,Expense,Other,mAxis,sep bill,13020.0
,Expense,Other,DHDFC,B3,257.0
,Expense,Other,DHDFC,A4,171.0
,Expense,Other,mAxis,Home,832.0
,Expense,Other,CChdfc,other emi,576.0
,Expense,Other,DHDFC,maxbhi,2300.0
,Expense,ksn,DHDFC,electricity,177.0
,Expense,Other,Amazon,bill,94.0
,Expense,Other,CChdfc,tab,105.0
,Expense,Other,mAxis,mulaswamy,6201.0
,Expense,Other,mAxis,akka,1609.0
,Expense,Other,HDFC,ccbill,1000.0
,Expense,Other,DHDFC,recharge,69.0
,Income,dad,HDFC,Reimbursed,6200.0
,Expense,Other,DHDFC,Home,1142.0
,Expense,akka,ICICIcc,iphone,42508.0
,Expense,Other,HDFC,ccbill,1000.0
,Income,akka,HDFC,Reimbursed,2700.0
,Expense,akka,ICICIcc,shopping,1600.0
,Expense,raja bava,ICICIcc,train,1475.0
,Expense,raja bava,DHDFC,train,368.0
,Expense,Other,ICICIcc,mulaswamy,4808.0
,Expense,ksn,DHDFC,recharge,200.0
,Income,dad,HDFC,Reimbursed,4240.0
,Income,Other,DHDFC,ccbill,1007.0
,Income,Other,DHDFC,ccbill,50000.0
,Expense,Other,DHDFC,gas,1094.0
,Expense,Other,mAxis,shopping,54240.0
,Income,Other,mAxis,ccbill,1000.0
,Expense,Other,HDFC,ccbill,16000.0
,Expense,Other,cash,cash,400.0
,Income,Other,Slice,cb,19.0
,Income,Other,Amazon,cb,1091.0
,Expense,Other,HDFC,ccbill,1000.0
,Expense,Other,Amazon,recharge,270.0
,Expense,Other,DHDFC,recharge,240.0
,Expense,Other,Amazon,shopping,821.0
,Expense,Other,ICICIcc,s22,46557.0
,Expense,akka,ICICIcc,iphone,779.0
,Income,Other,mAxis,ccbill,1000.0
,Income,Other,DHDFC,ccbill,38500.0
,Expense,Other,HDFC,ccbill,1000.0
,Income,ksn,cash,Reimbursed,1000.0
,Expense,Other,DHDFC,autopay bills,85.0
,Income,Other,HDFC,cb,400.0
,Expense,Other,HDFC,charges,6.0
,Expense,dad,HDFC,home,1500.0
,Expense,Other,DHDFC,recharge,310.0
,Expense,Other,DHDFC,b3,860.0
,Income,Other,Amazon,cb,736.0
,Expense,Other,DHDFC,autopay bills,176.0
,Expense,Other,DHDFC,insurance,5375.0
,Expense,raja bava,Amazon,train,153.0
,Expense,Other,mAxis,mulaswamy,5129.0
,Expense,raja bava,mAxis,alexa,3598.0
,Expense,Other,FAxisCC,mixer,4886.0
,Income,Other,Amazon,cb,150.0
,Income,Other,HDFC,int,55.0
,Expense,Other,DHDFC,train,385.0
,Expense,Other,HDFC,ccbill,1000.0
,Expense,Other,DHDFC,medicines,289.0
,Expense,Other,DHDFC,Home,206.0
,Income,Other,Amazon,cb,500.0
,Expense,Other,Amazon,recharge,394.0
,Income,Other,DHDFC,cb,1061.0
,Income,Other,Amazon,cb,50.0
,Expense,Other,HDFC,ccbill,1000.0
,Expense,Other,FAxisCC,clothes,935.0
,Income,Other,ICICIcc,mulaswamy,4273.0
,Expense,Other,DHDFC,train,445.0
,Expense,Other,DHDFC,victory bazaar,161.0
,Expense,Other,HDFC,transfer,1000.0
,Expense,Other,ICICIcc,mop,1250.0
,Expense,Other,cash,misc,400.0
,Expense,Other,FAxisCC,mixer,118.0
,Expense,Other,DHDFC,aditya,1492.0
,Expense,Other,DHDFC,sweets,510.0
,Expense,Other,HDFC,ccbill,1000.0
,Expense,Other,Amazon,recharge,180.0
,Expense,akka,RBLcc,geyser,85.0
,Income,Other,Amazon,cb,205.0
,Expense,Other,DHDFC,gift card,6886.0
,Expense,dad,Amazon,D2,4263.0
,Expense,dad,Amazon,lift bill,3711.0
,Expense,dad,Amazon,D5,105.0
,Income,dad,Amazon,gift card,6886.0
,Expense,Other,HDFC,ccbill,1000.0
,Expense,Other,DHDFC,gas,1094.0
,Expense,Other,HDFC,transfer,2000.0
,Expense,mom,cash,gold,5000.0
,Expense,Other,HDFC,ccbill,1000.0
,Expense,Other,ICICIcc,ghee,2390.0
,Expense,Other,HDFC,Food,280.0
,Income,Other,HDFC,cb,11.0
,Income,Other,DHDFC,ccbill,2000.0
,Income,Other,mAxis,ccbill,1000.0
,Income,akka,HDFC,iphone,16110.0
,Expense,Other,CChdfc,other emi,437.0
,Expense,ksn,DHDFC,recharge,99.0
,Expense,Other,DHDFC,recharge,240.0
,Expense,Other,DHDFC,Home,1185.0
,Expense,Other,DHDFC,recharge,200.0
,Expense,Other,DHDFC,B3,190.0
,Expense,Other,DHDFC,A4,289.0
,Expense,Other,Slice,Food,563.0
,Expense,raja bava,DHDFC,train,686.0
,Income,raja bava,Amazon,received,2500.0
,Expense,raja bava,Amazon,train,153.0
,Expense,Other,DHDFC,gas,1094.0
,Expense,Other,DHDFC,kirana,1353.0
,Expense,dad,Amazon,Home,1056.0
,Income,Other,HDFC,cb,420.0
,Income,Other,DHDFC,ccbill,1000.0
,Income,Other,mAxis,ccbill,1000.0
,Expense,Other,HDFC,ccbill,24735.0
,Expense,mavayya garu,Amazon,train,549.0
,Expense,Other,Amazon,ramu,270.0
,Income,Other,HDFC,cb,127.0
,Income,Other,Ola,cb,100.0
,Expense,Other,DHDFC,ghee,1060.0
,Expense,Other,DHDFC,victory bazaar,550.0
,Expense,Other,mAxis,A4,5068.0
,Income,Other,Amazon,cb,7.0
,Expense,Other,CChdfc,tab,79.0
,Income,raja bava,HDFC,received,3800.0
,Expense,raja bava,ICICIcc,amazon,908.0
,Income,Other,HDFC,Reimbursed,1300.0
,Income,Other,cash,received,500.0
,Expense,Other,Amazon,E4,179.0
,Expense,Other,Ola,kuku,100.0
,Expense,Other,DHDFC,kuku,99.0
,Expense,Other,DHDFC,E4,690.0
,Expense,Other,DHDFC,E4,1107.0
,Expense,akka,ICICIcc,iphone,364.0
,Expense,ksn,DHDFC,recharge,197.0
,Expense,Other,mAxis,home,324.0
,Income,Other,DHDFC,ccbill,4000.0
,Income,Other,mAxis,ccbill,1000.0
,Expense,Other,mAxis,mulaswamy,23877.0
,Income,Other,DHDFC,cb,759.0
,Expense,dad,Amazon,annamayya,1402.0
,Income,mavayya garu,HDFC,Reimbursed,1000.0
,Income,Other,Kotak,dhan,29066.0
,Expense,Other,DHDFC,toll,100.0
,Expense,Other,DHDFC,victory bazaar,840.0
,Expense,Other,HDFC,Home,140.0
,Expense,Other,ICICIcc,s22,652.0
,Expense,dad,Amazon,annamayya,698.0
,Expense,Other,mAxis,fuel,1002.0
,Expense,Other,HDFC,medicines,395.0
,Expense,Other,HDFC,jathin,1007.0
,Expense,ksn,Amazon,train,433.0
,Income,ksn,cash,received,900.0
,Expense,Other,DHDFC,D2,175.0
,Expense,Other,DHDFC,B3,860.0
,Income,Other,Amazon,cb,88.0
,Expense,Other,DHDFC,transfer,6000.0
,Expense,dad,ICICIcc,B3,5400.0
,Expense,Other,ICICIcc,amazon,3345.0
,Expense,Other,DHDFC,big basket,1526.0
,Income,Other,Amazon,cb,205.0
,Expense,Other,HDFC,ccbill,1000.0
,Expense,Other,DHDFC,kppalem,283.0
,Expense,Other,mAxis,fuel,2000.0
,Expense,Other,FAxisCC,mixer,76.0
,Expense,Other,Amazon,lift bill,4162.0
,Expense,ksn,Amazon,train,847.0
,Income,Other,HDFC,received,200.0
,Expense,mulaswamy,DHDFC,train,437.0
,Expense,raja bava,Amazon,train,153.0
,Expense,Other,Amazon,D5,385.0
,Expense,mavayya garu,HDFC,transfer,570.0
,Expense,Other,HDFC,ccbill,1000.0
,Expense,Other,mAxis,victory bazaar,184.0
,Expense,mavayya garu,DHDFC,fastag,2020.0
,Expense,akka,RBLcc,geyser,70.0
,Expense,Other,DHDFC,transfer,5000.0
,Expense,Other,Amazon,D2,3674.0
,Expense,mulaswamy,Amazon,mulaswamy,1183.0
,Expense,Other,DHDFC,B3,567.0
,Expense,Other,DHDFC,A4,871.0
,Expense,Other,CChdfc,tab,67.0
,Expense,Other,CChdfc,other emi,230.0
,Expense,Other,mAxis,petrol,303.0
,Expense,Other,DHDFC,home,2775.0
,Expense,Other,Amazon,dth,100.0
,Income,Other,Kotak,Zerodha,30000.0
,Expense,Other,HDFC,ccbill,1000.0
,Expense,Other,mAxis,petrol,262.0
,Expense,Other,CChdfc,tab,12.0
,Expense,Other,CChdfc,other emi,41.0
,Income,Other,Amazon,cb,1000.0
,Expense,Other,HDFC,transfer,1000.0
,Expense,Other,Kotak,dhan,90325.0
,Income,Other,Kotak,Zerodha,158000.0
,Expense,Other,Amazon,electricity,49.0
,Expense,Other,mAxis,victory bazaar,871.0
,Income,Other,Amazon,cb,60.0
,Income,Other,CChdfc,cb,1540.0
,Expense,Other,FAxisCC,flipkart,297.0
,Expense,Other,DHDFC,train,268.0
,Expense,Other,ICICIcc,jathin,2034.0
,Expense,Other,HDFC,big basket,1983.0
,Expense,Other,Amazon,ramu,270.0
,Expense,Other,DHDFC,gas,1095.0
,Expense,Other,cash,ors,1000.0
,Expense,Other,cash,misc,1100.0
,Expense,Other,HDFC,misc,100.0
,Expense,Other,DHDFC,akka,1595.0
,Expense,Other,mAxis,petrol,272.0
,Expense,Other,Kotak,dhan,160000.0
,Income,Other,HDFC,received,150.0
,Income,Other,HDFC,int,18.0
,Expense,akka,ICICIcc,iphone,183.0
,Income,akka,HDFC,iphone,14530.0
,Expense,Other,HDFC,ccbill,1000.0
,Expense,Other,HDFC,ccbill,1078.0
,Expense,Other,HDFC,ccbill,1000.0
,Income,mavayya garu,HDFC,received,2600.0
,Income,Other,Kotak,Zerodha,16343.0
,Expense,devi,Amazon,devi,99.0
,Expense,mavayya garu,HDFC,transfer,1000.0
,Expense,raja bava,Amazon,train,551.0
,Income,Other,FAxisCC,cb,46.0
,Expense,Other,HDFC,ccbill,1001.0
,Income,mavayya garu,HDFC,received,4000.0
,Expense,ksn,HDFC,bus stand,800.0
,Expense,Other,HDFC,Food,560.0
,Expense,Other,HDFC,medicines,340.0
,Income,Other,DHDFC,cb,822.0
,Expense,mavayya garu,DHDFC,fastag,1990.0
,Expense,Other,DHDFC,amazon,3000.0
,Expense,Other,DHDFC,big basket,1725.0
,Expense,Other,DHDFC,A4,761.0
,Expense,Other,DHDFC,B3,861.0
,Expense,Other,DHDFC,Home,176.0
,Expense,Other,DHDFC,Home,106.0
,Expense,Other,Union,charges,18.0
,Expense,Other,HDFC,transfer,1000.0
,Income,Other,cash,misc,180.0
,Expense,Other,HDFC,train,440.0
,Expense,ksn,HDFC,bus stand,1500.0
,Expense,ksn,DHDFC,recharge,319.0
,Income,Other,Amazon,cb,105.0
,Expense,raja bava,Amazon,train,878.0
,Expense,raja bava,Amazon,train,513.0
,Expense,ksn,Amazon,train,411.0
,Expense,Other,mAxis,clothes,14365.0
,Income,Other,Amazon,cb,559.0
,Expense,Other,DHDFC,aditya,1634.0
,Expense,Other,DHDFC,gas,1088.0
,Expense,balaji mavayya,FAxisCC,ticket,2286.0
,Income,akka,HDFC,Reimbursed,14500.0
,Income,balaji mavayya,HDFC,received,2286.0
,Expense,mavayya garu,FAxisCC,fastag,1000.0
,Expense,Other,Amazon,birth place,750.0
,Expense,balaji mavayya,FAxisCC,train,792.0
,Expense,Other,ICICIcc,pent house,915.0
,Income,Other,cash,transfer,1000.0
,Expense,Other,cash,movie,250.0
,Income,balaji mavayya,HDFC,received,800.0
,Expense,Other,Union,charges,59.0
,Expense,Other,FAxisCC,mixer,73.0
,Income,Other,Kotak,Zerodha,25000.0
,Expense,Other,Amazon,electricity,478.0
,Expense,Other,DHDFC,kppalem,148.0
,Expense,Other,cash,transfer,1000.0
,Expense,Other,Union,charges,118.0
,Expense,Other,DHDFC,clothes,5985.0
,Expense,Other,DHDFC,fuel,4462.0
,Expense,ksn,Amazon,recharge,150.0
,Expense,ksn,HDFC,recharge,50.0
,Income,Other,HDFC,cb,22.0
,Expense,Other,ICICIcc,ipo,200000.0
,Expense,Other,Union,int,357.0
,Expense,Other,DHDFC,petrol,354.0
,Expense,Other,CChdfc,other emi,153.0
,Expense,Other,CChdfc,other emi,28.0
,Expense,Other,DHDFC,B3,688.0
,Expense,Other,DHDFC,A4,610.0
,Expense,ksn,Amazon,electricity,70.0
,Income,Other,CChdfc,cb,621.0
,Expense,Other,DHDFC,recharge,705.0
,Expense,Other,HDFC,ccbill,1379.0
,Expense,Other,HDFC,ccbill,1000.0
,Income,akka,Amazon,received,1000.0
,Income,Other,Amazon,cb,1000.0
,Expense,raja bava,ICICIcc,train,3780.0
,Expense,akka,RBLcc,geyser,57.0
,Expense,Other,DHDFC,Home,1128.0
,Income,ksn,HDFC,received,13000.0
,Expense,Other,HDFC,ccbill,1000.0
,Expense,Other,HDFC,ccbill,1000.0
,Expense,ksn,HDFC,bus stand,3000.0
,Expense,Other,DHDFC,petrol,1011.0
,Expense,Other,mAxis,kirana,83.0
,Income,sbi,HDFC,int,81.0
,Expense,Other,cash,movie,500.0
,Expense,ksn,Amazon,recharge,479.0
,Expense,Other,Amazon,recharge,455.0
,Income,raja bava,HDFC,received,4000.0
,Expense,ksn,FAxisCC,train,939.0
,Expense,Other,mAxis,transfer,3000.0
,Expense,Other,mAxis,lift bill,4287.0
,Income,Other,Amazon,cb,150.0
,Expense,Other,Amazon,D5,348.0
,Expense,Other,Amazon,ramu,270.0
,Expense,Other,mAxis,jathin,2190.0
,Income,Other,ICICIcc,ipo,100000.0
,Expense,Other,Amazon,gas,1095.0
,Expense,Other,DHDFC,electricity,2732.0
,Expense,Other,HDFC,train,397.0
,Expense,Other,HDFC,big basket,1923.0
,Expense,Other,HDFC,ccbill,1000.0
,Expense,Other,HDFC,ccbill,2000.0
,Expense,Other,HDFC,transfer,4700.0
,Expense,ksn,cash,ksn,600.0
,Income,Other,DHDFC,ccbill,21000.0
,Income,Other,ICICIcc,ipo,100357.0
,Expense,Other,Amazon,recharge,175.0
,Expense,Other,Amazon,train,157.0
,Expense,Other,DHDFC,recharge,201.0
,Expense,Other,DHDFC,petrol,280.0
,Expense,Other,HDFC,ccbill,29161.0
,Expense,Other,Amazon,train,788.0
,Income,Other,DHDFC,ccbill,9000.0
,Expense,Other,HDFC,Food,274.0
,Expense,Other,HDFC,transfer,1000.0
,Expense,Other,HDFC,movie,29.0
,Expense,Other,HDFC,kirana,430.0
,Expense,Other,HDFC,medicines,73.0
,Expense,Other,DHDFC,kppalem,123.0
,Expense,Other,DHDFC,Home,824.0
,Expense,Other,HDFC,charges,117.0
,Expense,Other,DHDFC,petrol,304.0
,Expense,Other,HDFC,Food,50.0
,Expense,Other,DHDFC,train,352.0
,Expense,Other,DHDFC,bsnl,176.0
,Expense,Other,DHDFC,B3,860.0
,Income,Other,Amazon,cb,204.0
,Income,raja bava,HDFC,received,3200.0
,Expense,Other,DHDFC,big basket,1648.0
,Income,Other,misc,credit,200357.0
,Income,akka,HDFC,received,6000.0
,Expense,Other,DHDFC,petrol,232.0
,Expense,Other,HDFC,ccbill,2000.0
,Expense,Other,HDFC,ccbill,2000.0
,Expense,Other,DHDFC,petrol,704.0
,Expense,Other,HDFC,Home,629.0
,Expense,Other,DHDFC,victory bazaar,720.0
,Expense,Other,DHDFC,tatasky,500.0
,Expense,ksn,DHDFC,tatasky,200.0
,Expense,Other,DHDFC,gas,1095.0
,Expense,Other,DHDFC,petrol,284.0
,Expense,Other,HDFC,ccbill,2000.0
,Expense,Other,HDFC,ccbill,2000.0
,Expense,Other,HDFC,transfer,8000.0
,Expense,Other,Amazon,pent house,480.0
,Expense,Other,cash,Home,830.0
,Expense,Other,FAxisCC,mixer,71.0
,Expense,Other,cash,gas,4500.0
,Expense,Other,cash,bike,1600.0
,Expense,Other,cash,Home,1100.0
,Expense,Other,RBLcc,geyser,43.0
,Expense,balaji mavayya,DHDFC,train,299.0
,Expense,Other,mAxis,annual fee,1770.0
,Expense,Other,HDFC,train,849.0
,Income,Other,HDFC,received,400.0
,Expense,Other,DHDFC,transfer,431.0
,Expense,Other,CChdfc,other emi,13.0
,Expense,ksn,Amazon,recharge,91.0
,Expense,Other,DHDFC,B3,742.0
,Expense,Other,DHDFC,A4,339.0
,Expense,Other,CChdfc,other emi,78.0
,Expense,Other,HDFC,ccbill,2000.0
,Expense,Other,HDFC,ccbill,2000.0
,Expense,Other,HDFC,ccbill,1000.0
,Expense,Other,DHDFC,recharge,250.0
,Expense,Other,DHDFC,lift bill,4427.0
,Expense,Other,DHDFC,Home,228.0
,Expense,akka,DHDFC,recharge,1799.0
,Expense,Other,DHDFC,Home,1823.0
,Expense,Other,DHDFC,D5,302.0
,Expense,balaji mavayya,FAxisCC,travel,850.0
,Expense,Other,HDFC,Home,110.0
,Income,akka,Amazon,received,1500.0
,Income,akka,HDFC,received,1800.0
,Income,mom,HDFC,received,3000.0
,Expense,Other,DHDFC,kppalem,38.0
,Expense,Other,DHDFC,recharge,760.0
,Expense,Other,ICICIcc,credit,200000.0
,Expense,Other,Union,int,357.0
,Expense,Other,DHDFC,D2,2542.0
,Expense,Other,HDFC,ccbill,2000.0
,Expense,Other,HDFC,ccbill,2000.0
,Expense,Other,DHDFC,LIC,24020.0
,Expense,devi,DHDFC,devi,209.0
,Expense,devi,Amazon,devi,155.0
,Expense,Other,Amazon,ramu,270.0
,Expense,Other,Amazon,nagesh,147.0
,Expense,Other,cash,hospital,1100.0
,Expense,Other,DHDFC,big basket,2448.0
,Expense,Other,DHDFC,jathin,1071.0
,Income,Other,sdhan,yashoda,98300.0
,Expense,Other,HDFC,ccbill,1000.0
,Expense,Other,HDFC,ccbill,1000.0
,Expense,Other,HDFC,transfer,500.0
,Income,Other,DHDFC,ccbill,40329.0
,Expense,Other,DHDFC,petrol,1002.0
,Income,raja bava,HDFC,received,6600.0
,Income,akka,HDFC,received,600.0
,Expense,Other,DHDFC,train,858.0
,Expense,Other,DHDFC,petrol,253.0
,Income,balaji mavayya,misc,gas,1150.0
,Expense,mavayya garu,HDFC,road tax,1870.0
,Income,Other,ICICIcc,billed,200357.0
,Income,Other,HDFC,cb,51.0
,Expense,Other,ICICIcc,others,3372.0
,Income,Other,HDFC,ind money,1692.0
,Expense,Other,HDFC,charges,148.0
,Income,Other,DHDFC,cb,1759.0
,Expense,Other,cash,Home,500.0
,Expense,Other,DHDFC,petrol,292.0
,Expense,Other,Kotak,drawings,50000.0
,Expense,Other,Amazon,train,412.0
,Expense,Other,Amazon,ramu,254.0
,Income,Other,cash,ramu,200.0
,Expense,Other,cash,hospital,200.0
,Expense,Other,HDFC,medicines,1190.0
,Expense,Other,cash,Home,600.0
,Expense,Other,DHDFC,kppalem,85.0
,Expense,Other,DHDFC,A4,762.0
,Expense,Other,DHDFC,D2,176.0
,Expense,Other,DHDFC,B3,860.0
,Expense,Other,DHDFC,petrol,2000.0
,Expense,Other,DHDFC,victory bazaar,386.0
,Income,Other,Amazon,cb,164.0
,Expense,ksn,DHDFC,medicines,1264.0
,Expense,Other,Amazon,recharge,280.0
,Expense,Other,HDFC,recharge,500.0
,Expense,Other,DHDFC,petrol,280.0
,Expense,Other,DHDFC,big basket,1516.0
,Expense,Other,DHDFC,train,816.0
,Expense,Other,CChdfc,train,1127.0
,Expense,Other,FAxisCC,mixer,67.0
,Expense,ksn,DHDFC,recharge,147.0
,Income,Other,cash,received,1100.0
,Expense,Other,DHDFC,A3,866.0
,Expense,Other,HDFC,medicines,70.0
,Expense,Other,DHDFC,jathin,750.0
,Expense,Other,Kotak,dhan,10000.0
,Expense,Other,DHDFC,victory bazaar,441.0
,Expense,balaji mavayya,DHDFC,train,306.0
,Expense,Other,DHDFC,more,363.0
,Expense,Other,DHDFC,aditya,1301.0
,Expense,Other,HDFC,ccbill,2000.0
,Expense,Other,DHDFC,insurance,2259.0
,Expense,ksn,Amazon,recharge,155.0
,Expense,Other,HDFC,Home,40.0
,Expense,Other,cash,Home,500.0
,Expense,Other,DHDFC,Home,4935.0
,Expense,Other,HDFC,Food,160.0
,Expense,manikanta,axisCC,swiggy,169.0
,Expense,Other,ICICIcc,credit,200000.0
,Expense,Other,Union,int,356.0
,Expense,Other,DHDFC,A4,194.0
,Expense,Other,DHDFC,B3,1268.0
,Expense,balaji mavayya,DHDFC,train,408.0
,Expense,Other,DHDFC,train,143.0
,Expense,Other,DHDFC,petrol,470.0
,Expense,Other,DHDFC,puttaparti,357.0
,Expense,ksn,DHDFC,recharge,91.0
,Expense,Other,RBLcc,geyser,28.0
,Income,mavayya garu,cash,received,3700.0
,Expense,Other,cash,Home,3700.0
,Expense,Other,DHDFC,train,442.0
,Expense,Other,HDFC,ccbill,2000.0
,Expense,Other,DHDFC,aditya,320.0
,Expense,Other,DHDFC,medicines,266.0
,Expense,Other,DHDFC,train,337.0
,Expense,manikanta,axisCC,swiggy,94.0
,Income,Other,Amazon,refund,287.0
,Expense,Other,Amazon,Home,299.0
,Expense,Other,DHDFC,lift bill,4299.0
,Expense,Other,DHDFC,D2,2742.0
,Expense,Other,DHDFC,D5,277.0
,Expense,Other,DHDFC,recharge,100.0
,Expense,mavayya garu,FAxisCC,permit,353.0
,Expense,Other,cash,transfer,500.0
,Expense,Other,HDFC,janasena,1000.0
,Expense,Other,HDFC,ccbill,2000.0
,Income,manikanta,HDFC,received,270.0
,Expense,Other,DHDFC,ramu,259.0
,Income,Other,cash,received,600.0
,Expense,Other,DHDFC,gas,1145.0
,Income,Other,FAxisCC,cb,11.0
,Expense,Other,DHDFC,petrol,290.0
,Expense,mavayya garu,FAxisCC,permit,353.0
,Income,mavayya garu,HDFC,2,1000.0
,Expense,Other,HDFC,transfer,5600.0
,Expense,Other,HDFC,Home,250.0
,Expense,balaji mavayya,CChdfc,vivoT1,470.0
,Expense,Other,CChdfc,atomberg,234.0
,Expense,Other,HDFC,medicines,56.0
,Expense,Other,DHDFC,victory bazaar,1182.0
,Expense,Other,DHDFC,train,363.0
,Expense,Other,cash,transfer,5500.0
,Expense,Other,CChdfc,fridge,28631.0
,Expense,Other,ICICIcc,pureit,11289.0
,Expense,Other,HDFC,Home,160.0
,Expense,Other,HDFC,Food,250.0
,Expense,Other,DHDFC,D2,176.0
,Expense,Other,DHDFC,A4,761.0
,Expense,Other,DHDFC,B3,860.0
,Expense,Other,DHDFC,big basket,1228.0
,Expense,Other,Amazon,Home,157.0
,Expense,balaji mavayya,FAxisCC,train,418.0
,Income,Other,DHDFC,cb,846.0
,Expense,Other,CChdfc,fridge,235.0
,Expense,Other,FAxisCC,mixer,65.0
,Expense,Other,DHDFC,kppalem,333.0
,Expense,Other,DHDFC,generator,2004.0
,Expense,Other,DHDFC,train,375.0
,Expense,Other,DHDFC,reliance,491.0
,Expense,Other,DHDFC,aditya,431.0
,Expense,Other,DHDFC,victory bazaar,396.0
,Expense,Other,DHDFC,recharge,684.0
,Expense,Other,DHDFC,medicines,1447.0
,Expense,Other,HDFC,Home,357.0
,Expense,Other,DHDFC,petrol,500.0
,Expense,Other,DHDFC,train,214.0
,Expense,Other,ICICIcc,pureit,401.0
,Expense,ksn,DHDFC,recharge,319.0
,Expense,ksn,DHDFC,recharge,666.0
,Expense,mavayya garu,FAxisCC,permit,353.0
,Expense,Other,DHDFC,Home,718.0
,Expense,Other,DHDFC,petrol,280.0
,Income,Other,sdhan,jogendra,100000.0
,Expense,Other,RBLcc,geyser,15.0
,Expense,manikanta,axisCC,swiggy,175.0
,Expense,Other,DHDFC,B3,973.0
,Expense,Other,DHDFC,A4,225.0
,Expense,Other,CChdfc,atomberg,88.0
,Expense,Other,CChdfc,fridge,390.0
,Expense,balaji mavayya,CChdfc,vivoT1,502.0
,Expense,manikanta,axisCC,swiggy,156.0
,Income,Other,HDFC,cb,400.0
,Expense,Other,DHDFC,tatasky,100.0
,Expense,Other,DHDFC,Home,2348.0
,Expense,Other,HDFC,ccbill,2000.0
,Income,Other,ICICIcc,credit,2000.0
,Expense,Other,HDFC,ccbill,1000.0
,Expense,Other,HDFC,medicines,160.0
,Expense,manikanta,axisCC,swiggy,130.0
,Income,Other,HDFC,int,36.0
,Expense,akka,DHDFC,amazon,800.0
,Expense,Other,DHDFC,Home,1574.0
,Expense,Other,HDFC,ccbill,262.0
,Income,Other,Amazon,cb,64.0
,Expense,Other,DHDFC,D2,2762.0
,Expense,Other,DHDFC,lift bill,4358.0
,Expense,Other,DHDFC,D5,394.0
,Expense,Other,DHDFC,pent house,482.0
,Expense,Other,DHDFC,recharge,375.0
,Expense,Other,Amazon,recharge,79.0
,Expense,Other,Kotak,dhan,20000.0
,Expense,Other,DHDFC,petrol,500.0
,Income,akka,HDFC,received,800.0
,Income,manikanta,HDFC,received,618.0
,Income,Other,ICICIcc,credit,25000.0
,Expense,Other,HDFC,ccbill,4000.0
,Expense,Other,HDFC,ccbill,2000.0
,Expense,Other,ICICIcc,watch4,15322.0
,Expense,Other,HDFC,ccbill,15.0
,Expense,Other,CChdfc,Home,1294.0
,Income,Other,Kotak,dhan,30000.0
,Income,Other,sdhan,jogendra,100000.0
,Expense,Other,ICICIcc,flipkart,1549.0
,Expense,Other,DHDFC,ramu,259.0
,Income,Other,ICICIcc,credit,173356.0
,Expense,Other,HDFC,ccbill,487.0
,Expense,Other,HDFC,transfer,1000.0
,Income,Other,DHDFC,ccbill,1000.0
,Expense,Other,DHDFC,nagesh,146.0
,Income,Other,mAxis,ccbill,500.0
,Expense,Other,HDFC,ccbill,1000.0
,Expense,Other,DHDFC,big basket,1263.0
,Expense,Other,ICICIcc,watch4,461.0
,Expense,Other,sdhan,jogendra,20537.0
,Income,Other,HDFC,gopro,36300.0
,Expense,Other,sdhan,manikanta,90028.0
,Income,Other,sdhan,jogendra,20537.0
,Expense,Other,Union,transfer,24485.0
,Expense,akka,axisCC,swiggy,197.0
,Income,Other,HDFC,received,1300.0
,Expense,Other,DHDFC,petrol,500.0
,Expense,Other,DHDFC,D2,175.0
,Expense,Other,DHDFC,B3,860.0
,Expense,Other,DHDFC,petrol,1000.0
,Expense,Other,DHDFC,gas,2261.0
,Income,ksn,HDFC,received,10000.0
,Income,Other,DHDFC,cb,616.0
,Expense,Other,HDFC,nanamma,9974.0
,Expense,Other,DHDFC,kppalem,292.0
,Expense,Other,DHDFC,tatasky,400.0
,Expense,Other,DHDFC,leo,369.0
,Expense,Other,cash,Home,1000.0
,Expense,manikanta,axisCC,swiggy,389.0
,Expense,Other,FAxisCC,mixer,62.0
,Expense,akka,axisCC,swiggy,224.0
,Expense,Other,DHDFC,big basket,2248.0
,Expense,Other,DHDFC,B3,948.0
,Expense,Other,DHDFC,A4,188.0
,Expense,Other,ICICIcc,pureit,153.0
,Expense,sai bava,FAxisCC,train,2526.0
,Expense,Other,DHDFC,mavullu,545.0
,Expense,Other,DHDFC,D5,407.0
,Expense,Other,DHDFC,lift bill,3191.0
,Expense,Other,DHDFC,D2,3105.0
,Expense,Other,DHDFC,reliance,1344.0
,Expense,Other,DHDFC,aditya,1393.0
,Expense,saari,DHDFC,firstcry,2421.0
,Expense,Other,HDFC,Home,90.0
,Income,Other,HDFC,received,7000.0
,Expense,Other,HDFC,Home,116.0
,Expense,mavayya garu,DHDFC,permit,353.0
,Expense,saari,DHDFC,myntra,4370.0
,Expense,Other,DHDFC,petrol,1000.0
,Expense,saari,DHDFC,kotari,6920.0
,Expense,Other,DHDFC,medicines,1327.0
,Expense,Other,CChdfc,fan,69.0
,Expense,balaji mavayya,CChdfc,vivoT1,357.0
,Expense,Other,CChdfc,fridge,362.0
,Expense,sai bava,FAxisCC,train,1557.0
,Expense,Other,DHDFC,Home,1714.0
,Expense,devi,DHDFC,devi,201.0
,Expense,saari,DHDFC,reliance,2662.0
,Expense,Other,HDFC,ccbill,1000.0
,Expense,Other,HDFC,ccbill,1000.0
,Expense,Other,HDFC,ccbill,1000.0
,Expense,Other,HDFC,ccbill,1000.0
,Expense,Other,CChdfc,furniture,5000.0
,Expense,manikanta,axisCC,swiggy,391.0
,Expense,Other,DHDFC,petrol,280.0
,Expense,Other,CChdfc,Food,250.0
,Expense,sai bava,FAxisCC,train,1702.0
,Expense,Other,HDFC,ccbill,5000.0
,Expense,Other,DHDFC,train,418.0
,Expense,Other,HDFC,Home,45.0
,Expense,Other,DHDFC,victory bazaar,699.0
,Expense,manikanta,axisCC,swiggy,418.0
,Expense,Other,DHDFC,recharge,640.0
,Expense,Other,CChdfc,furniture,5000.0
,Expense,ksn,HDFC,transfer,5000.0
,Expense,Other,CChdfc,petrol,500.0
,Expense,Other,CChdfc,Home,160.0
,Expense,Other,CChdfc,permit,48000.0
,Expense,Other,HDFC,transfer,7000.0
,Expense,Other,cash,Home,1200.0
,Expense,raja bava,CChdfc,aditya,800.0
,Expense,sai bava,FAxisCC,bus,2898.0
,Expense,Other,ICICIcc,watch4,190.0
,Expense,mavayya garu,nCChdfc,permit,350.0
,Expense,Other,axisCC,Food,200.0
,Expense,Other,nCChdfc,Home,28.0
,Expense,Other,HDFC,ccbill,1001.0
,Income,Other,DHDFC,cb,1117.0
,Expense,Other,DHDFC,A4,761.0
,Expense,Other,DHDFC,D2,176.0
,Expense,Other,DHDFC,B3,861.0
,Expense,Other,DHDFC,petrol,312.0
,Income,Other,DHDFC,refund,261.0
,Expense,Other,nCChdfc,Home,27.0
,Expense,Other,DHDFC,kppalem,155.0
,Expense,akka,FAxisCC,swiggy,649.0
,Expense,akka,axisCC,swiggy,249.0
,Expense,Other,FAxisCC,mixer,58.0
,Expense,Other,DHDFC,petrol,300.0
,Expense,Other,Amazon,recharge,209.0
,Income,akka,Amazon,received,1000.0
,Income,sai bava,HDFC,received,10309.0
,Expense,Other,HDFC,ccbill,1000.0
,Expense,Other,HDFC,ccbill,1000.0
,Expense,Other,ICICIcc,pureit,141.0
,Expense,Other,DHDFC,D2,7017.0
,Expense,Other,DHDFC,lift bill,4330.0
,Expense,akka,DHDFC,Food,347.0
,Expense,Other,nCChdfc,Food,70.0
,Expense,Other,CChdfc,atomberg,74.0
,Expense,balaji mavayya,CChdfc,vivoT1,339.0
,Expense,Other,CChdfc,fridge,405.0
,Expense,Other,DHDFC,B3,978.0
,Expense,Other,DHDFC,A4,191.0
,Expense,Other,DHDFC,petrol,2000.0
,Expense,mavayya garu,nCChdfc,permit,350.0
,Expense,devi,DHDFC,devi,209.0
,Expense,Other,DHDFC,ttd,1207.0
,Expense,Other,DHDFC,D5,604.0
,Income,akka,Amazon,received,2100.0
,Expense,Other,DHDFC,ttd,906.0
,Expense,Other,DHDFC,Home,1548.0
,Expense,mavayya garu,nCChdfc,permit,350.0
,Expense,mavayya garu,nCChdfc,permit,350.0
,Income,mavayya garu,HDFC,4,2000.0
,Expense,mavayya garu,DHDFC,fastag,500.0
,Expense,sai bava,nCChdfc,train,617.0
,Expense,Other,Amazon,nagesh,259.0
,Expense,Other,DHDFC,petrol,250.0
,Expense,akka,Amazon,swiggy,311.0
,Expense,Other,HDFC,ccbill,1000.0
,Expense,sai bava,CChdfc,train,546.0
,Expense,sai bava,nCChdfc,train,1174.0
,Expense,Other,HDFC,ccbill,1000.0
,Expense,Other,HDFC,ccbill,1000.0
,Expense,akka,axisCC,swiggy,290.0
,Expense,sai bava,CChdfc,train,1198.0
,Expense,Other,HDFC,Home,20.0
,Expense,akka,Amazon,swiggy,586.0
,Expense,Other,HDFC,ccbill,1000.0
,Expense,Other,HDFC,ccbill,4709.0
,Expense,Other,HDFC,ccbill,7570.0
,Income,Other,Kotak,dhan,10000.0
,Expense,Other,Kotak,drawings,10000.0
,Expense,Other,HDFC,ccbill,1000.0
,Expense,Other,DHDFC,train,407.0
,Expense,Other,DHDFC,petrol,1000.0
,Expense,Other,ICICIcc,watch4,152.0
,Expense,sai bava,Amazon,train,183.0
,Expense,Other,ICICIcc,s22,400.0
,Expense,Other,HDFC,medicines,111.0
,Expense,ksn,DHDFC,recharge,666.0
,Expense,Other,nCChdfc,train,297.0
,Expense,Other,HDFC,medicines,70.0
,Expense,Other,DHDFC,D2,176.0
,Expense,Other,DHDFC,A4,761.0
,Expense,Other,DHDFC,B3,860.0
,Expense,Other,DHDFC,k venkateswara rao,349.0
,Expense,Other,DHDFC,mavullu,362.0
,Income,ksn,HDFC,received,10000.0
,Expense,Other,HDFC,ccbill,2000.0
,Income,Other,DHDFC,Home,333.0
,Expense,Other,DHDFC,kppalem,528.0
,Expense,Other,tDHDFC,petrol,2200.0
,Expense,ksn,FAxisCC,train,3450.0
,Expense,Other,HDFC,ccbill,2381.0
,Expense,akka,axisCC,swiggy,312.0
,Expense,ksn,DHDFC,tatasky,200.0
,Expense,Other,Amazon,dad,540.0
,Expense,devi,DHDFC,devi,209.0
,Expense,Other,DHDFC,D5,395.0
,Expense,Other,DHDFC,recharge,450.0
,Expense,akka,ICICIcc,transfer,120214.0
,Expense,Other,FAxisCC,mixer,56.0
,Expense,mavayya garu,DHDFC,recharge,720.0
,Income,mavayya garu,HDFC,2,1700.0
,Expense,akka,ICICIcc,transfer,150268.0
,Expense,ksn,DHDFC,recharge,147.0
,Expense,akka,ICICIcc,transfer,80142.0
,Expense,Other,tDHDFC,petrol,1000.0
,Expense,Other,DHDFC,train,478.0
,Expense,Other,DHDFC,B3,1522.0
,Expense,Other,CChdfc,atomberg,67.0
,Expense,balaji mavayya,CChdfc,vivoT1,255.0
,Expense,Other,CChdfc,fridge,383.0
,Expense,Other,DHDFC,Home,2972.0
,Expense,Other,Amazon,recharge,155.0
,Expense,Other,DHDFC,D2,2922.0
,Expense,Other,DHDFC,lift bill,4313.0
,Expense,Other,DHDFC,D5,542.0
,Expense,Other,HDFC,ccbill,1252.0
,Expense,Other,HDFC,ccbill,1000.0
,Income,Other,CChdfc,cb,542.0
,Expense,Other,DHDFC,A4,298.0
,Expense,akka,nCChdfc,aadhaar,50.0
,Income,Other,HDFC,received,110.0
,Expense,akka,cash,bajaj loan,500.0
,Expense,ksn,CChdfc,train,2200.0
,Expense,ksn,Amazon,electricity,21.0
,Expense,akka,Amazon,swiggy,309.0
,Expense,sai bava,CChdfc,train,423.0
,Expense,Other,tDHDFC,petrol,2000.0
,Income,Other,DHDFC,ccbill,38105.0
,Income,Other,HDFC,int,89.0
,Expense,Other,tDHDFC,big basket,1985.0
,Expense,Other,DHDFC,Home,700.0
,Expense,Other,ICICIcc,watch4,115.0
,Expense,Other,ICICIcc,s22,362.0
,Expense,Other,ICICIcc,pureit,128.0
,Income,ksn,HDFC,received,10000.0
,Expense,Other,DHDFC,kppalem,432.0
,Expense,Other,cash,transfer,7000.0
,Expense,akka,axisCC,swiggy,617.0
,Expense,Other,HDFC,Food,30.0
,Expense,Other,DHDFC,B3,860.0
,Expense,Other,DHDFC,D2,176.0
,Expense,Other,DHDFC,petrol,500.0
,Expense,Other,HDFC,ccbill,13000.0
,Expense,mulaswamy,FAxisCC,mulaswamy,38240.0
,Expense,Other,HDFC,Home,380.0
,Income,Other,tDHDFC,ccbill,9000.0
,Expense,Other,HDFC,ccbill,2642.0
,Expense,Other,HDFC,ccbill,150000.0
,Income,akka,HDFC,received,101000.0
,Expense,Other,tDHDFC,petrol,4888.0
,Expense,Other,DHDFC,B3,291.0
,Expense,Other,DHDFC,more,795.0
,Expense,Other,nCChdfc,Home,465.0
,Expense,Other,nCChdfc,movie,560.0
,Expense,Other,FAxisCC,mixer,53.0
,Income,Other,DHDFC,ttd,451.0
,Expense,Other,HDFC,Food,616.0
,Expense,Other,DHDFC,A4,302.0
,Expense,Other,ICICIcc,pureit,114.0
,Expense,Other,HDFC,clothes,5770.0
,Expense,Other,tDHDFC,petrol,4601.0
,Expense,Other,DHDFC,clothes,2959.0
,Expense,Other,HDFC,ccbill,39500.0
,Expense,Other,DHDFC,D5,511.0
,Expense,Other,DHDFC,lift bill,3637.0
,Expense,Other,DHDFC,D2,1935.0
,Expense,Other,DHDFC,recharge,700.0
,Expense,Other,nCChdfc,medicines,270.0
,Expense,akka,ICICIcc,transfer,200356.0
,Expense,Other,nCChdfc,petrol,500.0
,Expense,akka,nCChdfc,transfer,2000.0
,Expense,Other,CChdfc,atomberg,60.0
,Expense,balaji mavayya,CChdfc,vivoT1,172.0
,Expense,Other,CChdfc,fridge,359.0
,Expense,Other,nCChdfc,Food,700.0
,Income,Other,HDFC,received,500.0
,Expense,Other,tDHDFC,petrol,2589.0
,Expense,Other,HDFC,hospital,1990.0
,Expense,Other,nCChdfc,petrol,500.0
,Expense,Other,tDHDFC,petrol,4282.0
,Expense,Other,HDFC,ccbill,2000.0
,Income,akka,HDFC,received,50000.0
,Expense,Other,HDFC,ccbill,1000.0
,Income,Other,DHDFC,cb,815.0
,Expense,Other,HDFC,misc,12.0
,Expense,Other,HDFC,ccbill,100000.0
,Expense,Other,DHDFC,Home,4841.0
,Expense,Other,DHDFC,gas,1145.0
,Expense,Other,tDHDFC,received,4000.0
,Income,akka,HDFC,received,150000.0
,Expense,Other,HDFC,ccbill,50000.0
,Expense,Other,HDFC,Home,60.0
,Income,mulaswamy,HDFC,received,39000.0
,Expense,devi,DHDFC,devi,200.0
,Expense,Other,tDHDFC,reliance,554.0
,Expense,Other,DHDFC,Home,49.0
,Expense,Other,HDFC,ccbill,15819.0
,Expense,Other,Amazon,Home,523.0
,Expense,akka,HDFC,flipkart,1579.0
,Expense,ksn,DHDFC,tatasky,302.0
,Expense,Other,HDFC,movie,750.0
,Expense,Other,HDFC,clothes,2410.0
,Expense,Other,DHDFC,clothes,2650.0
,Income,akka,cash,received,1400.0
,Expense,Other,nCChdfc,petrol,500.0
,Expense,mavayya garu,nCChdfc,permit,350.0
,Expense,akka,nCChdfc,chimney,18000.0
,Income,akka,HDFC,received,4343.0
,Expense,Other,HDFC,Food,170.0
,Income,Other,cash,received,500.0
,Expense,mavayya garu,nCChdfc,permit,47220.0
,Income,mavayya garu,HDFC,received,48000.0
,Income,Other,Kotak,dhan,109903.0
,Expense,Other,Kotak,zerodha,80000.0
,Income,Other,sdhan,manikanta,10028.0
,Expense,Other,tDHDFC,gas,1145.0
,Expense,Other,tDHDFC,reliance,699.0
,Expense,Other,ICICIcc,watch4,77.0
,Expense,mavayya garu,DHDFC,train,94.0
,Expense,sai bava,DHDFC,train,3528.0
,Income,Other,HDFC,received,2700.0
,Income,balaji mavayya,HDFC,received,5560.0
,Expense,Other,DHDFC,B3,860.0
,Expense,Other,DHDFC,D2,176.0
,Expense,Other,DHDFC,bill,115.0
,Expense,Other,DHDFC,B3,448.0
,Expense,Other,DHDFC,A4,382.0
,Expense,Other,tDHDFC,mulaswamy,511.0
,Expense,Other,tDHDFC,D2,3385.0
,Expense,Other,tDHDFC,D5,545.0
,Expense,Other,tDHDFC,lift bill,4254.0
,Expense,sai bava,FAxisCC,train,2222.0
,Expense,Other,HDFC,ccbill,25197.0
,Expense,Other,HDFC,ccbill,1000.0
,Expense,Other,HDFC,ccbill,2000.0
,Expense,Other,HDFC,ccbill,441.0
,Expense,Other,tDHDFC,big basket,366.0
,Income,Other,DHDFC,cb,579.0
,Expense,Other,DHDFC,kppalem,487.0
,Income,Other,FAxisCC,refund,249.0
,Expense,ksn,DHDFC,recharge,147.0
,Income,ksn,cash,received,200.0
,Expense,Other,HDFC,ccbill,2000.0
,Expense,Other,HDFC,ccbill,74500.0
,Expense,Other,HDFC,ccbill,2000.0
,Expense,Other,DHDFC,aditya,1259.0
,Expense,Other,DHDFC,petrol,2500.0
,Income,Other,HDFC,received,2500.0
,Expense,Other,FAxisCC,mixer,51.0
,Expense,Other,HDFC,ccbill,22500.0
,Expense,Other,ICICIcc,pureit,100.0
,Expense,Other,HDFC,recharge,190.0
,Income,Other,tDHDFC,ccbill,26476.0
,Expense,sai bava,DHDFC,train,1112.0
,Expense,ksn,DHDFC,train,488.0
,Expense,Other,DHDFC,lic,2259.0
,Expense,sai bava,DHDFC,train,1152.0
,Expense,Other,DHDFC,aditya,414.0
,Expense,Other,CChdfc,atomberg,53.0
,Expense,balaji mavayya,CChdfc,vivoT1,86.0
,Expense,Other,CChdfc,fridge,336.0
,Expense,manikanta,axisCC,swiggy,287.0
,Expense,Other,nCChdfc,transfer,2200.0
,Expense,mulaswamy,nCChdfc,recharge,300.0
,Expense,Other,DHDFC,train,2541.0
,Expense,Other,DHDFC,cmr,3419.0
,Expense,Other,DHDFC,Home,1940.0
,Expense,Other,nCChdfc,hair cut,500.0
,Expense,Other,HDFC,ccbill,109038.0
,Expense,ksn,tDHDFC,tatasky,200.0
,Expense,akka,nCChdfc,internet,1061.0
,Income,mulaswamy,HDFC,mulaswamy,1000.0
,Expense,sai bava,DHDFC,train,407.0
,Expense,Other,HDFC,transfer,500.0
,Expense,Other,nCChdfc,transfer,2600.0
,Expense,Other,tDHDFC,petrol,1000.0
,Expense,Other,DHDFC,victory bazaar,333.0
,Expense,Other,HDFC,Home,110.0
,Expense,akka,HDFC,gruhapravesam,570.0
,Expense,akka,nCChdfc,gruhapravesam,3770.0
,Expense,Other,nCChdfc,Home,650.0
,Expense,mavayya garu,nCChdfc,permit,350.0
,Expense,Other,axisCC,swiggy,165.0
,Expense,devi,DHDFC,devi,155.0
,Expense,Other,tDHDFC,petrol,300.0
,Income,Other,Kotak,zerodha,79850.0
,Income,Other,DHDFC,ccbill,27087.0
,Expense,Other,ICICIcc,watch4,39.0
,Income,Other,ICICIcc,bill,156936.0
,Expense,Other,DHDFC,kppalem,424.0
,Expense,Other,DHDFC,B3,861.0
,Expense,Other,DHDFC,D2,176.0
,Expense,Other,DHDFC,bsnl,761.0
,Expense,Other,DHDFC,B3,732.0
,Expense,Other,DHDFC,current bill,347.0
,Expense,raja bava,FAxisCC,train,4346.0
,Expense,devi,DHDFC,devi,200.0
,Expense,Other,ICICIcc,transfer,150000.0
,Expense,Other,nCChdfc,transfer,450.0
,Expense,akka,ICICIcc,transfer,268.0
,Expense,Other,HDFC,transfer,3000.0
,Expense,raja bava,CChdfc,flight,6394.0
,Expense,Other,Amazon,flight,1000.0
,Expense,Other,DHDFC,recharge,455.0
,Expense,Other,tDHDFC,D2,5171.0
,Expense,Other,tDHDFC,D5,588.0
,Expense,Other,HDFC,ccbill,14297.0
,Expense,Other,HDFC,ccbill,452.0
,Expense,Other,HDFC,ccbill,24.0
,Expense,Other,HDFC,ccbill,2000.0
,Expense,Other,FAxisCC,mixer,47.0
,Expense,Other,ICICIcc,pureit,86.0
,Expense,mavayya garu,nCChdfc,permit,350.0
,Income,Other,tDHDFC,ccbill,37443.0
,Expense,Other,tDHDFC,reliance,342.0
,Expense,Other,tDHDFC,medicines,476.0
,Expense,Other,CChdfc,atomberg,46.0
,Expense,Other,CChdfc,fridge,312.0
,Income,Other,CChdfc,bill,7729.0
,Expense,Other,DHDFC,train,1185.0
,Expense,Other,DHDFC,train,900.0
,Expense,Other,DHDFC,Home,1932.0
,Expense,Other,HDFC,ccbill,122050.0
,Expense,Other,cash,Home,600.0
,Expense,Other,DHDFC,Home,434.0
,Expense,raja bava,FAxisCC,train,2262.0
,Income,raja bava,HDFC,received,8000.0
,Expense,balaji mavayya,CChdfc,maxbhi,1360.0
,Expense,Other,tDHDFC,reliance,420.0
,Expense,Other,tDHDFC,big basket,1967.0
,Expense,Other,cash,medicines,2300.0
,Expense,Other,tDHDFC,gas,1889.0
,Expense,Other,DHDFC,petrol,500.0
,Expense,Other,DHDFC,train,800.0
,Expense,Other,HDFC,ccbill,2000.0
,Expense,Other,HDFC,ccbill,1000.0
,Expense,Other,nCChdfc,Food,215.0
,Expense,Other,HDFC,charges,16.0
,Expense,Other,HDFC,ccbill,30886.0
,Expense,Other,nCChdfc,Food,180.0
,Expense,mulaswamy,HDFC,transfer,1080.0
,Expense,Other,Kotak,zerodha,80000.0
,Income,Other,ICICIcc,bill,158697.0
,Income,Other,DHDFC,bill,17063.0
,Expense,Other,DHDFC,myntra,781.0
,Income,Other,DHDFC,cb,1373.0
,Expense,Other,tDHDFC,petrol,300.0
,Expense,Other,HDFC,ccbill,2000.0
,Expense,Other,HDFC,ccbill,2000.0
,Expense,Other,DHDFC,Home,31.0
,Expense,devi,DHDFC,devi,200.0
,Expense,Other,DHDFC,d5,666.0
,Income,akka,HDFC,received,3000.0
,Expense,Other,DHDFC,nagesh,269.0
,Expense,balaji mavayya,FAxisCC,train,1125.0
,Expense,Other,ICICIcc,shoe,1299.0
,Expense,Other,nCChdfc,petrol,500.0
,Expense,Other,HDFC,transfer,1000.0
,Expense,Other,cash,hospital,1600.0
,Expense,Other,HDFC,gas,480.0
,Expense,Other,nCChdfc,Home,35.0
,Expense,Other,DHDFC,aditya,873.0
,Expense,Other,ICICIcc,transfer,150000.0
,Expense,akka,ICICIcc,transfer,268.0
,Expense,Other,HDFC,movie,80.0
,Expense,Other,HDFC,transfer,2000.0
,Expense,balaji mavayya,HDFC,Food,410.0
,Expense,balaji mavayya,HDFC,metro,150.0
,Expense,Other,FAxisCC,mixer,43.0
,Expense,balaji mavayya,FAxisCC,train,1173.0
,Expense,balaji mavayya,HDFC,train,252.0
,Expense,devi,ICICIcc,devi,1249.0
,Expense,Other,HDFC,ccbill,14910.0
,Expense,Other,HDFC,train,208.0
,Expense,balaji mavayya,nCChdfc,Food,450.0
,Expense,Other,nCChdfc,Food,256.0
,Expense,Other,tDHDFC,petrol,300.0
,Income,balaji mavayya,HDFC,received,1848.0
,Expense,Other,CChdfc,atomberg,38.0
,Expense,Other,CChdfc,fridge,288.0
,Income,sai bava,HDFC,received,30000.0
,Income,Other,CChdfc,bill,3721.0
,Expense,sai bava,CChdfc,gold,57000.0
,Expense,Other,DHDFC,gold,54625.0
,Expense,mavayya garu,nCChdfc,permit,350.0
,Expense,Other,HDFC,ccbill,157044.0
,Expense,Other,DHDFC,Home,1655.0
,Expense,Other,tDHDFC,big basket,952.0
,Income,Other,CChdfc,cb,552.0
,Expense,Other,HDFC,tailor,670.0
,Expense,akka,HDFC,transfer,325.0
,Expense,Other,tDHDFC,medicines,361.0
,Expense,Other,DHDFC,medicines,347.0
,Expense,Other,DHDFC,bus,874.0
,Expense,Other,DHDFC,train,448.0
,Expense,Other,DHDFC,Home,768.0
,Expense,Other,nCChdfc,Food,280.0
,Expense,Other,cash,Home,1000.0
,Income,Other,HDFC,received,25275.0
,Income,mavayya garu,HDFC,4,2400.0
,Income,raja bava,HDFC,received,5000.0
,Income,sai bava,HDFC,received,27183.0
,Expense,Other,HDFC,Home,30.0
,Expense,akka,DHDFC,train,408.0
,Expense,Other,DHDFC,myntra,675.0
,Expense,Other,HDFC,hospital,3600.0
,Income,Other,DHDFC,ccbill,21000.0
,Expense,mavayya garu,nCChdfc,permit,350.0
,Expense,Other,HDFC,transfer,300.0
,Expense,Other,HDFC,ccbill,1000.0
,Income,Other,DHDFC,bill,68780.0
,Income,Other,ICICIcc,bill,176505.0
,Expense,ksn,CChdfc,train,837.0
,Expense,Other,DHDFC,medicines,4054.0
,Expense,Other,DHDFC,bosch fridge,446.0
,Expense,Other,ICICIcc,pureit,72.0
,Expense,Other,nCChdfc,5t screen,2248.0
,Expense,balaji mavayya,DHDFC,amazon,1145.0
,Expense,Other,DHDFC,Home,380.0
,Income,Other,DHDFC,cb,879.0
,Income,balaji mavayya,cash,received,2500.0
,Expense,Other,cash,Home,600.0
,Expense,Other,Kotak,drawings,20000.0
,Income,Other,mAxis,cb,150.0
,Expense,Other,mAxis,charges,590.0
,Expense,Other,mAxis,petrol,250.0
,Expense,Other,cash,transfer,5000.0
,Expense,Other,HDFC,Food,30.0
,Expense,Other,nCChdfc,Food,180.0
,Expense,Other,mAxis,petrol,280.0
,Expense,Other,ICICIcc,transfer,150000.0
,Expense,akka,ICICIcc,transfer,268.0
,Expense,mavayya garu,DHDFC,train,99.0
,Expense,devi,DHDFC,devi,201.0
,Expense,Other,HDFC,transfer,2000.0
,Income,Other,cash,received,500.0
,Income,mavayya garu,HDFC,1,500.0
,Expense,mavayya garu,HDFC,train,162.0
,Expense,raja bava,axisCC,train,973.0
,Expense,mavayya garu,mAxis,train,171.0
,Expense,Other,tDHDFC,reliance,638.0
,Income,Other,FAxisCC,bill,25139.0
,Expense,akka,FAxisCC,train,2222.0
,Income,Other,ICICIcc,refund,19028.0
,Expense,devi,DHDFC,devi,155.0
,Expense,Other,cash,transfer,2500.0
,Expense,akka,ICICIcc,ecovacs,24900.0
,Expense,Other,mAxis,petrol,250.0
,Expense,Other,DHDFC,nanamma,196.0
,Expense,Other,FAxisCC,mixer,41.0
,Expense,Other,HDFC,Food,40.0
,Expense,Other,DHDFC,train,165.0
,Expense,Other,tDHDFC,gas,1889.0
,Expense,Other,tDHDFC,D5,221.0
,Expense,Other,tDHDFC,current bill,219.0
,Expense,Other,tDHDFC,B3,382.0
,Expense,Other,mAxis,petrol,300.0
,Expense,Other,HDFC,ccbill,2212.0
,Expense,Other,ICICIcc,pureit,58.0
,Income,Other,IDFCcc,bill,23262.0
,Income,Other,tDHDFC,ccbill,22266.0
,Income,Other,HDFC,received,2100.0
,Income,Other,mAxis,bill,1541.0
,Expense,Other,axisCC,train,1130.0
,Expense,Other,mAxis,petrol,1100.0
,Expense,Other,tDHDFC,D2,6807.0
,Expense,Other,mAxis,hair cut,450.0
,Expense,Other,nCChdfc,transfer,1000.0
,Expense,Other,HDFC,Home,3700.0
,Income,Other,CChdfc,bill,63455.0
,Expense,Other,CChdfc,fridge,263.0
,Expense,Other,CChdfc,fan,31.0
,Expense,Other,DHDFC,nagesh,269.0
,Expense,ksn,CChdfc,train,837.0
,Expense,raja bava,CChdfc,train,195.0
,Expense,Other,HDFC,ccbill,590.0
,Expense,Other,HDFC,ccbill,92000.0
,Expense,Other,HDFC,ccbill,2000.0
,Expense,Other,HDFC,ccbill,2000.0
,Income,Other,CChdfc,cb,591.0
,Expense,Other,DHDFC,Home,1634.0
,Expense,Other,DHDFC,recharge,719.0
,Expense,Other,DHDFC,train,1098.0
,Expense,devi,HDFC,devi,500.0
,Income,Other,cash,received,300.0
,Expense,Other,CChdfc,amazon,1750.0
,Expense,Other,mAxis,petrol,300.0
,Expense,Other,HDFC,ccbill,50000.0
,Expense,Other,HDFC,ccbill,34158.0
,Expense,Other,CChdfc,train,4220.0
,Income,ksn,cash,received,2000.0
,Income,Other,cash,received,1500.0
,Expense,ksn,DHDFC,recharge,641.0
,Expense,Other,HDFC,ccbill,2000.0
,Expense,Other,HDFC,ccbill,2000.0
,Expense,Other,HDFC,ccbill,1000.0
,Expense,raja bava,FAxisCC,train,2817.0
,Expense,Other,DHDFC,lepakshi,3356.0
,Expense,Other,cash,transfer,1116.0
,Expense,Other,cash,tirumala,984.0
,Income,Other,ICICIcc,bill,160002.0
,Expense,Other,cash,transfer,2500.0
,Income,Other,Kotak,zerodha,14703.0
,Expense,Other,tDHDFC,hospital,5025.0
,Income,Other,DHDFC,bill,20148.0
,Expense,Other,DHDFC,bosch fridge,385.0
,Expense,Other,mAxis,petrol,1020.0
,Expense,Other,DHDFC,dmart,375.0
,Expense,Other,nCChdfc,Food,100.0
,Income,Other,Amazon,cb,289.0
,Expense,Other,DHDFC,ramu,269.0
,Expense,Other,HDFC,vegetables,100.0
,Expense,Other,mAxis,vegetables,50.0
,Expense,devi,DHDFC,devi,200.0
,Expense,Other,DHDFC,recharge,300.0
,Income,devi,cash,received,100.0
,Expense,Other,mAxis,petrol,500.0
,Expense,Other,mAxis,Food,280.0
,Expense,Other,nCChdfc,Home,40.0
,Expense,Other,mAxis,milk,100.0
,Expense,Other,HDFC,hospital,200.0
,Expense,mavayya garu,nCChdfc,permit,350.0
,Expense,Other,mAxis,petrol,252.0
,Income,Other,FAxisCC,bill,10566.0
,Expense,Other,tDHDFC,D2,1758.0
,Expense,Other,tDHDFC,D5,167.0
,Expense,Other,tDHDFC,big basket,1078.0
,Expense,Other,HDFC,ccbill,3516.0
,Expense,Other,DHDFC,Home,330.0
,Expense,raja bava,DHDFC,train,139.0
,Expense,Other,FAxisCC,mixer,37.0
,Expense,Other,mAxis,petrol,800.0
,Expense,Other,mAxis,Food,470.0
,Expense,Other,mAxis,milk,120.0
,Expense,Other,DHDFC,reliance,1108.0
,Expense,Other,DHDFC,Home,273.0
,Expense,Other,DHDFC,victory bazaar,334.0
,Expense,Other,ICICIcc,pureit,44.0
,Income,Other,mAxis,bill,11186.0
,Income,Other,tDHDFC,ccbill,18710.0
,Expense,Other,tDHDFC,transfer,9000.0
,Expense,Other,mAxis,transfer,4000.0
,Expense,Other,mAxis,petrol,250.0
,Expense,Other,mAxis,recharge,445.0
,Income,akka,HDFC,received,150000.0
,Expense,Other,HDFC,charges,25.0
,Expense,Other,HDFC,ccbill,20000.0
,Expense,Other,HDFC,vegetables,240.0
,Expense,Other,HDFC,movie,140.0
,Expense,Other,nCChdfc,Food,30.0
,Expense,ksn,tDHDFC,tatasky,200.0
,Expense,Other,DHDFC,victory bazaar,546.0
,Expense,Other,mAxis,petrol,1000.0
,Income,Other,Amazon,cb,1000.0
,Expense,Other,HDFC,ccbill,72000.0
,Expense,Other,HDFC,ccbill,2000.0
,Income,Other,HDFC,cb,60.0
,Expense,Other,HDFC,ccbill,2000.0
,Expense,Other,nCChdfc,clothes,1150.0
,Expense,Other,CChdfc,atomberg,23.0
,Expense,Other,CChdfc,fridge,239.0
,Expense,Other,HDFC,charges,11.0
,Expense,Other,mAxis,milk,100.0
,Income,akka,HDFC,received,20500.0
,Income,Other,cash,received,500.0
,Income,Other,CChdfc,bill,9626.0
,Expense,Other,HDFC,ccbill,30000.0
,Expense,Other,nCChdfc,Food,116.0
,Expense,Other,DHDFC,amazon,1777.0
,Expense,Other,cash,hospital,2000.0
,Income,Other,Jloan,limit,345000.0
,Expense,Other,Jloan,loan,345000.0
,Expense,Other,mAxis,petrol,1000.0
,Expense,Other,DHDFC,nagesh,269.0
,Income,Other,HDFC,cb,95.0
,Expense,raja bava,FAxisCC,train,2678.0
,Expense,Other,HDFC,ccbill,17488.0
,Income,Other,HDFC,cb,45.0
,Expense,Other,HDFC,ccbill,38002.0
,Expense,Other,HDFC,ccbill,1000.0
,Expense,Other,Jloan,int,589.0
,Expense,Other,DHDFC,victory bazaar,178.0
,Expense,ksn,DHDFC,train,142.0
,Income,Other,DHDFC,ccbill,15000.0
,Expense,Other,nCChdfc,Food,10.0
,Expense,Other,HDFC,Food,30.0
,Expense,mavayya garu,nCChdfc,permit,350.0
,Expense,Other,mAxis,petrol,300.0
,Income,raja bava,HDFC,received,5000.0
,Income,Other,ICICIcc,bill,3957.0
,Expense,Other,HDFC,transfer,1000.0
,Income,devi,HDFC,received,600.0
,Income,Other,HDFC,received,600.0
,Income,Other,DHDFC,cb,576.0
,Expense,Other,DHDFC,fastag,200.0
,Expense,Other,mAxis,more,211.0
,Expense,Other,DHDFC,train,407.0
,Expense,ksn,DHDFC,recharge,147.0
,Income,Other,FAxisCC,bill,2538.0
,Expense,Other,nCChdfc,Food,75.0
,Expense,Other,ICICIcc,fastag,200.0
,Expense,Other,mAxis,ramu,269.0
,Expense,mavayya garu,nCChdfc,permit,350.0
,Expense,Other,tDHDFC,LIC,24020.0
,Expense,Other,tDHDFC,D5,146.0
,Expense,Other,tDHDFC,current bill,396.0
,Expense,Other,tDHDFC,B3,154.0
,Expense,Other,tDHDFC,kppalem,295.0
,Expense,Other,tDHDFC,D2,2268.0
,Expense,Other,HDFC,tailor,350.0
,Expense,Other,FAxisCC,mixer,34.0
,Expense,Other,mAxis,petrol,312.0
,Income,Other,mAxis,bill,13258.0
,Expense,Other,HDFC,ccbill,1946.0
,Expense,Other,HDFC,ccbill,1000.0
,Income,Other,tDHDFC,ccbill,27319.0
,Income,Other,HDFC,cb,10.0
,Expense,Other,mAxis,petrol,1000.0
,Expense,Other,cash,medicines,650.0
,Expense,Other,DHDFC,victory bazaar,1568.0
,Expense,devi,DHDFC,devi,155.0
,Expense,Other,CChdfc,amazon,32740.0
,Expense,mavayya garu,nCChdfc,permit,350.0
,Expense,Other,HDFC,transfer,500.0
,Expense,Other,HDFC,hospital,1450.0
,Expense,Other,CChdfc,atomberg,23.0
,Expense,Other,DHDFC,amazon,4005.0
,Expense,Other,DHDFC,reliance,428.0
,Expense,Other,DHDFC,medplus,390.0
,Income,Other,CChdfc,bill,73756.0
,Income,Other,Jloan,bill,10706.0
,Expense,sai bava,CChdfc,train,5452.0
,Expense,Other,CChdfc,recharge,3000.0
,Expense,Other,CChdfc,fridge,204.0
,Expense,Other,ICICIcc,limit,410000.0
,Expense,mavayya garu,nCChdfc,permit,350.0
,Expense,Other,HDFC,ccbill,1000.0
,Income,Other,HDFC,cb,4.0
,Expense,Other,cash,transfer,100.0
,Expense,Other,cash,Home,400.0
,Expense,Other,DHDFC,train,1186.0
,Expense,Other,Amazon,Home,132.0
,Expense,Other,DHDFC,mamaearth,364.0
,Expense,Other,HDFC,ccbill,1957.0
,Income,Other,HDFC,cb,3.0
,Expense,Other,DHDFC,train,408.0
,Expense,akka,ICICIcc,transfer,10018.0
,Expense,Other,HDFC,Food,50.0
,Expense,balaji mavayya,DHDFC,train,560.0
,Expense,Other,mAxis,petrol,250.0
,Expense,manikanta,FAxisCC,transfer,10321.0
,Expense,ksn,tDHDFC,tatasky,200.0
,Expense,Other,HDFC,ccbill,2538.0
,Income,Other,HDFC,cb,2.0
,Income,Other,HDFC,received,10000.0
,Expense,balaji mavayya,CChdfc,train,440.0
,Expense,mavayya garu,mAxis,tax,44820.0
,Income,mavayya garu,HDFC,received,38000.0
,Expense,Other,HDFC,transfer,38000.0
,Expense,Other,mAxis,Food,152.0
,Expense,Other,mAxis,petrol,250.0
,Income,Other,DHDFC,ccbill,14837.0
,Income,Other,ICICIcc,bill,14167.0
,Income,Other,DHDFC,bill,86932.0
,Expense,Other,tDHDFC,adjustment,377.0
,Expense,Other,DHDFC,bosch fridge,39.0
,Expense,Other,HDFC,vegetables,9380.0
,Expense,Other,HDFC,cow,16000.0
,Income,lalitha pinni,cash,received,5000.0
,Expense,Other,HDFC,paneer,11260.0
,Expense,Other,nCChdfc,nagesh,269.0
,Income,babulu chinnana,cash,received,50000.0
,Income,Other,FAxisCC,bill,10751.0
,Expense,Other,CChdfc,internet,670.0
,Expense,Other,HDFC,ccbill,2595.0
,Expense,Other,HDFC,transfer,2000.0
,Expense,Other,nCChdfc,kppalem,187.0
,Expense,ksn,nCChdfc,electricity,433.0
,Expense,Other,nCChdfc,D2,1437.0
,Income,ksn,cash,received,500.0
,Expense,mavayya garu,nCChdfc,permit,350.0
,Expense,Other,nCChdfc,Home,318.0
,Expense,Other,HDFC,flowers,2400.0
,Expense,Other,HDFC,lighting,4000.0
,Expense,Other,HDFC,tent house,13000.0
,Expense,Other,HDFC,panthulu,12000.0
,Expense,Other,HDFC,disposables,2000.0
,Expense,Other,HDFC,kirana,14400.0
,Expense,Other,nCChdfc,recharge,455.0
,Expense,Other,cash,chakali,8000.0
,Expense,Other,nCChdfc,D5,142.0
,Expense,Other,nCChdfc,B3,1099.0
,Expense,Other,nCChdfc,current bill,143.0
,Expense,Other,nCChdfc,D2,176.0
,Expense,Other,cash,tayaru ammama,3000.0
,Expense,Other,nCChdfc,petrol,500.0
,Expense,Other,nCChdfc,Food,740.0
,Expense,Other,cash,dwakra,6000.0
,Income,mavayya garu,HDFC,1,500.0
,Expense,Other,FAxisCC,mixer,31.0
,Income,vizag,HDFC,received,50000.0
,Expense,Other,HDFC,kirana,270.0
,Expense,Other,cash,nagesh,200.0
,Expense,balaji mavayya,HDFC,paid,15000.0
,Income,Other,HDFC,cb,34.0
,Expense,mavayya garu,nCChdfc,permit,350.0
,Expense,Other,nCChdfc,recharge,301.0
,Expense,Other,nCChdfc,petrol,500.0
,Expense,Other,nCChdfc,xerox,70.0
,Expense,Other,HDFC,milk,4500.0
,Expense,mavayya garu,HDFC,finance,1100.0
,Expense,Other,HDFC,kirana,22000.0
,Expense,ksn,nCChdfc,recharge,666.0
,Expense,Other,cash,nagesh,1000.0
,Income,sudhakar,kancherla,utaru,1600.0
,Income,sudhakar,kottu,utaru,1600.0
,Income,sudhakar,cheruvu,utaru,800.0
,Income,sudhakar,mutth,utaru,800.0
,Expense,sudhakar,cash,utaru,1600.0
,Expense,sudhakar,cash,utaru,1600.0
,Expense,sudhakar,cash,utaru,800.0
,Expense,sudhakar,cash,utaru,800.0
,Expense,Other,cash,writer,200.0
,Expense,Other,HDFC,raallu,1200.0
,Income,mavayya garu,cash,1,1600.0
,Expense,Other,HDFC,transfer,1000.0
,Expense,Other,cash,Home,550.0
,Expense,Other,nCChdfc,petrol,1000.0
,Expense,Other,nCChdfc,Home,330.0
,Expense,Other,nCChdfc,milk,100.0
,Expense,Other,cash,maintenance,1000.0
,Expense,Other,cash,hospital,1800.0
,Expense,Other,cash,app,5000.0
,Expense,Other,cash,ramarao,1000.0
,Expense,Other,nCChdfc,tatasky,250.0
,Expense,Other,nCChdfc,petrol,100.0
,Expense,Other,cash,milk,100.0
,Expense,Other,HDFC,petrol,100.0
,Expense,Other,nCChdfc,xerox,60.0
,Expense,Other,nCChdfc,big basket,34.0
,Expense,Other,nCChdfc,recharge,201.0
,Expense,Other,CChdfc,fridge,196.0
,Income,Other,CChdfc,bill,11228.0
,Income,Other,Jloan,bill,7928.0
,Expense,Other,HDFC,stationery,465.0
,Income,Other,HDFC,received,5000.0
,Expense,devi,CChdfc,devi,155.0
,Expense,Other,CChdfc,aditya,885.0
,Expense,Other,nCChdfc,notary,600.0
,Expense,Other,nCChdfc,milk,210.0
,Expense,Other,nCChdfc,mutton,700.0
,Expense,Other,cash,kirana,100.0
,Income,akka,HDFC,received,10018.0
,Expense,Other,HDFC,pooja,1400.0
,Expense,Other,nCChdfc,milk,100.0
,Expense,ksn,FAxisCC,train,564.0
,Income,Other,CChdfc,cb,1361.0
,Expense,Other,nCChdfc,fruits,200.0
,Income,Other,cash,zen,20000.0
,Income,ksn,cash,received,6600.0
,Expense,Other,HDFC,petrol,200.0
,Expense,Other,CChdfc,medicines,350.0
,Expense,Other,HDFC,ccbill,14167.0
,Income,Other,HDFC,cb,46.0
,Expense,Other,nCChdfc,milk,105.0
,Income,Other,cash,splendor,9500.0
,Expense,Other,HDFC,chicken,300.0
,Expense,Other,HDFC,motor,900.0
,Expense,Other,CChdfc,medicines,333.0
,Expense,Other,nCChdfc,milk,105.0
,Expense,Other,nCChdfc,xerox,50.0
,Expense,Other,cash,fense,600.0
,Expense,Other,nCChdfc,kottu,40.0
,Expense,Other,nCChdfc,petrol,100.0
,Income,Other,cash,received,6200.0
,Expense,mavayya garu,nCChdfc,permit,350.0
,Expense,Other,nCChdfc,milk,100.0
,Expense,Other,HDFC,vegetables,60.0
,Expense,Other,nCChdfc,vegetables,130.0
,Income,Other,HDFC,utaru,5070.0
,Income,Other,HDFC,utaru,5035.0
,Income,Other,HDFC,utaru,1923.0
,Income,Other,HDFC,utaru,4282.0
,Expense,Other,HDFC,xerox,100.0
,Expense,Other,nCChdfc,xerox,15.0
,Expense,Other,cash,visit,1000.0
,Expense,mavayya garu,nCChdfc,permit,350.0
,Income,mavayya garu,cash,3,1500.0
,Expense,Other,nCChdfc,milk,105.0
,Income,haribabu,kancherla,parulu,600.0
,Income,nagesh,kancherla,watering,500.0
,Expense,haribabu,cash,parulu,600.0
,Expense,haribabu,cash,parulu,1200.0
,Income,Other,FAxisCC,cb,3.0
,Expense,Other,iAxis,petrol,400.0
,Income,Other,ICICIcc,bill,2917.0
,Expense,Other,CChdfc,d2,2054.0
,Expense,Other,HDFC,tiffin,60.0
,Expense,Other,HDFC,certificate,50.0
,Expense,Other,HDFC,plug,220.0
,Expense,Other,CChdfc,kppalem,890.0
,Expense,Other,CChdfc,shop,90.0
,Expense,Other,nCChdfc,milk,105.0
,Expense,nagesh,cash,watering,500.0
,Income,nagesh,mutth,watering,500.0
,Expense,Other,Abank,ccbill,4109.0
,Expense,Other,HDFC,dokka thadu,84.0
,Income,dad,cash,received,10000.0
,Expense,Other,cash,estimate,500.0
,Expense,Other,nCChdfc,milk,140.0
,Expense,nagesh,cash,watering,200.0
,Expense,Other,Union,ccbill,3819.0
,Expense,Other,HDFC,kirana,2020.0
,Expense,Other,HDFC,petrol,351.0
,Expense,Other,HDFC,tiffin,30.0
,Expense,Other,HDFC,dry wash,100.0
,Expense,Other,nCChdfc,vegetables,327.0
,Expense,Other,nCChdfc,fruits,200.0
,Expense,Other,nCChdfc,milk,70.0
,Expense,Other,HDFC,jio,500.0
,Expense,Other,HDFC,jcb,1500.0
,Expense,Other,HDFC,jcb,1500.0
,Expense,Other,ICICIcc,amazon,1826.0
,Expense,Other,ICICIcc,s22,42.0
,Income,nagesh,kottu,parulu,500.0
,Expense,mavayya garu,nCChdfc,permit,700.0
,Income,Other,cash,aakulu,750.0
,Income,Other,cash,zen,2000.0
,Expense,Other,nCChdfc,motor,20.0
,Expense,ksn,CChdfc,electricity,237.0
,Expense,Other,CChdfc,current bill,191.0
,Expense,nagesh,cash,parulu,300.0
,Expense,nagesh,cash,parulu,200.0
,Income,nagesh,kottu,parulu,500.0
,Income,bava garu,HDFC,received,10000.0
,Income,Other,cash,sarivi,5000.0
,Expense,Other,cash,transfer,600.0
,Income,Other,cash,received,1300.0
,Expense,Other,nCChdfc,transfer,3700.0
,Expense,Other,HDFC,clamp,110.0
,Expense,Other,nCChdfc,airtel,455.0
,Expense,Other,nCChdfc,medplus,53.0
,Expense,Other,nCChdfc,milk,140.0
,Income,Other,FAxisCC,bill,804.0
,Expense,Other,HDFC,ccbill,18707.0
,Income,Other,HDFC,cb,36.0
,Expense,Other,cash,watering,200.0
,Expense,Other,cash,adjustment,300.0
,Expense,nagesh,cash,parulu,200.0
,Income,nagesh,kottu,watering,500.0
,Expense,Other,HDFC,juice,60.0
,Expense,Other,HDFC,fertilisers,500.0
,Expense,Other,cash,spraying,500.0
,Expense,Other,nCChdfc,vegetables,155.0
,Expense,Other,iAxis,petrol,410.0
,Expense,Other,iAxis,milk,140.0
,Expense,nagesh,cash,watering,500.0
,Income,nagesh,kottu,matti,1100.0
,Expense,Other,HDFC,fish market,2100.0
,Expense,Other,nCChdfc,Home,29.0
,Expense,Other,HDFC,tiffin,50.0
,Expense,Other,cash,kobbari puvvu,50.0
,Expense,nagesh,cash,matti,700.0
,Expense,nagesh,nCChdfc,sundirect,270.0
,Income,nagesh,kottu,matti,500.0
,Expense,Other,cash,matti,1000.0
,Expense,Other,HDFC,aditya,1007.0
,Expense,Other,HDFC,tiffin,68.0
,Expense,Other,nCChdfc,milk,105.0
,Expense,Other,nCChdfc,fruits,150.0
,Expense,nagesh,cash,matti,500.0
,Income,nagesh,kottu,matti,500.0
,Income,Other,kottu,matti,1000.0
,Expense,Other,cash,matti,1000.0
,Expense,Other,iAxis,transfer,2000.0
,Expense,Other,cash,motor,2000.0
,Income,mavayya garu,HDFC,received,823.0
,Expense,Other,nCChdfc,tiffin,200.0
,Expense,Other,iAxis,petrol,300.0
,Expense,Other,FAxisCC,mixer,28.0
,Income,Other,iAxis,bill,2130.0
,Income,nagesh,kancherla,watering,250.0
,Expense,Other,HDFC,milk,140.0
,Expense,Other,nCChdfc,oil,120.0
,Expense,Other,nCChdfc,juice,30.0
,Expense,ramu,nCChdfc,sundirect,285.0
,Expense,nagesh,cash,matti,500.0
,Income,nagesh,kancherla,watering,500.0
,Expense,Other,HDFC,fascino,550.0
,Expense,Other,HDFC,petrol,300.0
,Expense,Other,HDFC,gum,40.0
,Expense,Other,HDFC,tiffin,23.0
,Expense,Other,cash,electrician,300.0
,Expense,Other,HDFC,medicines,550.0
,Expense,Other,iAxis,engine,180.0
,Expense,Other,iAxis,petrol,300.0
,Expense,Other,nCChdfc,milk,150.0
,Expense,Other,cash,scanning,2000.0
,Expense,Other,cash,motor,200.0
,Expense,nagesh,cash,watering,300.0
,Expense,Other,CChdfc,fridge,162.0
,Expense,devi,iAxis,recharge,239.0
,Expense,Other,iAxis,milk,105.0
,Income,Other,CChdfc,bill,18116.0
,Expense,ksn,iAxis,train,842.0
,Expense,Other,iAxis,milk,105.0
,Expense,Other,iAxis,kirana,180.0
,Expense,Other,HDFC,vegetables,220.0
,Income,Other,Jloan,bill,7928.0
,Expense,Other,iAxis,milk,105.0
,Expense,Other,HDFC,charges,15.0
,Expense,Other,iAxis,transfer,800.0
,Expense,Other,iAxis,milk,105.0
,Expense,Other,HDFC,petrol,300.0
,Expense,Other,HDFC,transfer,3000.0
,Expense,Other,HDFC,ccbill,2917.0
,Income,Other,HDFC,cb,90.0
,Expense,Other,Kotak,dhan,1500.0
,Expense,Other,iAxis,eggs,75.0
,Expense,Other,HDFC,vegetables,120.0
,Expense,Other,HDFC,kirana,177.0
,Expense,Other,CChdfc,reliance,626.0
,Expense,ramu,CChdfc,recharge,239.0
,Income,ramu,cash,received,300.0
,Expense,mavayya garu,iAxis,permit,350.0
,Income,Other,HDFC,int,66.0
,Expense,Other,HDFC,ccbill,804.0
,Income,Other,HDFC,cb,9.0
,Expense,Other,nCChdfc,bigbasket,1457.0
,Income,Other,nCChdfc,cb,1265.0
,Expense,ksn,nCChdfc,tatasky,200.0
,Expense,Other,iAxis,milk,70.0
,Expense,ammamma,cash,transfer,45000.0
,Expense,Other,cash,transfer,1000.0
,Income,Other,HDFC,petrol,81.0
,Expense,Other,HDFC,medicines,1390.0
,Expense,Other,HDFC,operation,38000.0
,Expense,Other,cash,nurse,800.0
,Expense,Other,iAxis,petrol,300.0
,Expense,devi,SBIcc,devi,240.0
,Expense,Other,SBIcc,food,87.0
,Expense,Other,SBIcc,medicines,450.0
,Income,Other,ICICIcc,bill,4737.0
,Expense,Other,SBIcc,reliance,1146.0
,Expense,Other,HDFC,vegetables,40.0
,Expense,Other,ICICIcc,wet food,520.0
,Expense,Other,ICICIcc,lizol,314.0
,Expense,Other,ICICIcc,shampoo,455.0
,Expense,Other,ICICIcc,venkanna,294.0
,Expense,Other,ICICIcc,current bill,148.0
,Expense,Other,nCChdfc,xerox,50.0
,Expense,Other,nCChdfc,municipal,2226.0
,Expense,Other,ICICIcc,mamaearth,383.0
,Expense,Other,SBIcc,myntra,1079.0
,Expense,Other,HDFC,petrol,100.0
,Expense,Other,cash,vegetables,200.0
,Expense,Other,iAxis,petrol,300.0
,Expense,Other,nCChdfc,milk,140.0
,Expense,Other,SBIcc,aditya,390.0
,Expense,nagesh,SBIcc,recharge,455.0
,Expense,nagesh,nCChdfc,tv,200.0
,Expense,nagesh,nCChdfc,tv,85.0
,Expense,ksn,nCChdfc,current bill,305.0
,Expense,Other,nCChdfc,gas,1689.0
,Income,Other,HDFC,received,195.0
,Expense,Other,HDFC,fruits,80.0
,Expense,Other,cash,transfer,2000.0
,Income,Other,FAxisCC,bill,235.0
,Expense,nagesh,cash,watering,200.0
,Expense,Other,HDFC,ccbill,12664.0
,Income,Other,HDFC,cb,32.0
,Expense,Other,cash,transfer,10000.0
,Expense,Other,cash,writer,3000.0
,Expense,Other,SBIcc,train,900.0
,Expense,Other,nCChdfc,tiffin,30.0
,Expense,Other,nCChdfc,transfer,435.0
,Expense,Other,SBIcc,transfer,2000.0
,Expense,Other,HDFC,xerox,10.0
,Expense,Other,cash,kanaflex,200.0
,Expense,Other,iAxis,petrol,300.0
,Income,nagesh,kottu,watering,500.0
,Expense,nagesh,cash,watering,300.0
,Expense,Other,FAxisCC,mixer,24.0
,Income,nagesh,mutth,watering,250.0
,Expense,nagesh,cash,watering,300.0
,Expense,Other,HDFC,vegetables,115.0
,Expense,Other,HDFC,tiffin,20.0
,Expense,Other,HDFC,switch,80.0
,Income,mavayya garu,HDFC,received,15100.0
,Expense,mavayya garu,HDFC,finance,13177.0
,Expense,Other,nCChdfc,medicines,147.0
,Expense,Other,nCChdfc,tiffin,20.0
,Expense,Other,nCChdfc,vegetables,20.0
,Expense,Other,RBLcc,amazon,550.0
,Income,nagesh,kancherla,watering,500.0
,Expense,nagesh,cash,watering,300.0
,Expense,Other,HDFC,tiffin,10.0
,Expense,mavayya garu,SBIcc,permit,350.0
,Expense,Other,HDFC,gulukulu,880.0
,Expense,Other,iAxis,petrol,460.0
,Expense,Other,SBIcc,milk,140.0
,Expense,Other,SBIcc,mutton,400.0
,Income,Other,iAxis,bill,9327.0
,Expense,Other,SBIcc,milk,105.0
,Expense,Other,cash,haircut,100.0
,Expense,Other,SBIcc,kirana,135.0
,Expense,Other,HDFC,fruits,40.0
,Expense,Other,iAxis,mamaearth,379.0
,Expense,Other,iAxis,petrol,300.0
,Expense,Other,iAxis,milk,105.0
,Expense,Other,SBIcc,victory bazaar,489.0
,Income,sudhakar,kancherla,utaru,800.0
,Income,nagesh,kancherla,utaru,250.0
,Expense,nagesh,cash,utaru,300.0
,Expense,Other,iAxis,tiffin,40.0
,Expense,Other,HDFC,tiffin,10.0
,Income,sudhakar,kancherla,utaru,800.0
,Income,nagesh,kancherla,utaru,250.0
,Expense,Other,iAxis,milk,105.0
,Expense,raja bava,iAxis,train,1917.0
,Expense,Other,iAxis,leo,320.0
,Expense,Other,CChdfc,fridge,136.0
,Expense,Other,iAxis,tiffin,40.0
,Income,sudhakar,cheruvu,utaru,800.0
,Income,nagesh,cheruvu,utaru,250.0
,Expense,nagesh,cash,utaru,300.0
,Expense,Other,iAxis,medicines,270.0
,Expense,Other,iAxis,milk,105.0
,Expense,Other,HDFC,petrol,100.0
,Expense,raja bava,cash,passport,500.0
,Income,mavayya garu,HDFC,received,7000.0
,Income,Other,CChdfc,bill,4345.0
,Income,Other,Jloan,bill,7928.0
,Income,sudhakar,mutth,utaru,800.0
,Income,nagesh,mutth,utaru,250.0
,Expense,Other,iAxis,tiffin,40.0
,Expense,Other,HDFC,tiffin,10.0
,Expense,Other,HDFC,vegetables,350.0
,Expense,Other,iAxis,oil,421.0
,Expense,Other,iAxis,petrol,300.0
,Expense,Other,ICICIcc,iqoo,15744.0
,Income,akka,HDFC,received,10000.0
,Expense,Other,SBIcc,reliance,257.0
,Expense,Other,HDFC,ccbill,4737.0
,Income,Other,HDFC,cb,12.0
,Expense,Other,HDFC,ccbill,1589.0
,Expense,Other,HDFC,ccbill,235.0
,Expense,mavayya garu,HDFC,transfer,7000.0
,Expense,Other,cash,devi,1600.0
,Expense,ksn,iAxis,train,426.0
,Expense,raja bava,iAxis,train,302.0
,Expense,Other,iAxis,sweets,180.0
,Expense,Other,HDFC,food,105.0
,Expense,Other,HDFC,transfer,3000.0
,Expense,Other,iAxis,eggs,60.0
,Expense,mavayya garu,iAxis,permit,350.0
,Expense,Other,cash,transfer,30000.0
,Expense,akka,cash,gold,5000.0
,Income,raja bava,HDFC,received,2000.0
,Expense,raja bava,cash,clothes,2000.0
,Income,Other,cash,received,500.0
,Expense,mavayya garu,HDFC,tax,6000.0
,Expense,Other,HDFC,food,133.0
,Expense,Other,iAxis,milk,105.0
,Expense,Other,SBIcc,victory bazaar,265.0
,Expense,Other,Abank,ccbill,4202.0
,Expense,Other,Union,ccbill,3726.0
,Income,Other,ICICIcc,bill,18881.0
,Expense,Other,iAxis,petrol,400.0
,Expense,Other,nCChdfc,D2,5790.0
,Expense,Other,nCChdfc,current bill,7.0
,Expense,Other,nCChdfc,gas,1689.0
,Expense,Other,SBIcc,current bill,196.0
,Expense,ksn,nCChdfc,current bill,79.0
,Expense,Other,ICICIcc,amazon,1595.0
,Income,Other,ICICIcc,cb,860.0
,Expense,ksn,ICICIcc,current bill,565.0
,Expense,Other,ICICIcc,pureit,16.0
,Expense,Other,SBIcc,medicines,87.0
,Expense,Other,cash,temple,1100.0
,Expense,ksn,SBIcc,recharge,666.0
,Income,Other,SBIcc,cb,70.0
,Income,ksn,cash,received,1000.0
,Expense,Other,SBIcc,mutton,500.0
,Expense,Other,ICICIcc,leo,549.0
,Expense,Other,HDFC,vegetables,220.0
,Expense,Other,SBIcc,oil,670.0
,Expense,Other,HDFC,No description,80.0
,Expense,Other,nCChdfc,fruits,500.0
,Expense,Other,SBIcc,notary,250.0
,Expense,Other,SBIcc,reliance,516.0
,Expense,balaji mavayya,SBIcc,pappu nooni,420.0
,Expense,Other,HDFC,ccbill,18231.0
,Income,Other,HDFC,cb,5.0
,Expense,Other,nCChdfc,air,20.0
,Expense,Other,SBIcc,medicines,160.0
,Income,Other,FAxisCC,bill,242.0
,Expense,Other,cash,transfer,200.0
,Expense,Other,SBIcc,aditya,1226.0
,Expense,Other,nCChdfc,tea,20.0
,Expense,Other,HDFC,petrol,500.0
,Expense,Other,nCChdfc,air,50.0
,Expense,Other,HDFC,battery,100.0
,Expense,nagesh,nCChdfc,sundirect,285.0
,Expense,mavayya garu,SBIcc,permit,400.0
,Income,nagesh,mkottu,thati aaku,500.0
,Expense,nagesh,cash,thati aaku,500.0
,Expense,Other,HDFC,van,500.0
,Expense,Other,iAxis,petrol,500.0
,Expense,Other,SBIcc,fruits,550.0
,Expense,Other,FAxisCC,mixer,21.0
,Expense,Other,SBIcc,mutton,700.0
,Expense,Other,SBIcc,train,400.0
,Income,mavayya garu,HDFC,5,2000.0
,Expense,Other,SBIcc,rice,1650.0
,Expense,Other,SBIcc,vegetables,120.0
,Expense,Other,HDFC,charges,6.0
,Income,Other,RBLcc,bill,550.0
,Income,Other,iAxis,bill,8120.0
,Expense,sai bava,CChdfc,train,1150.0
,Income,Other,Jloan,bill,7928.0
,Income,Other,CChdfc,bill,4373.0
,Expense,Other,CChdfc,fridge,110.0
,Expense,Other,HDFC,transfer,7270.0
,Expense,Other,ICICIcc,flight,38890.0
,Expense,Other,iAxis,petrol,150.0
,Expense,Other,HDFC,kirana,100.0
,Expense,Other,iAxis,pipe,180.0
,Expense,Other,HDFC,ac service,800.0
,Expense,Other,iAxis,juice,400.0
,Expense,sai bava,iAxis,train,1180.0
,Expense,Other,iAxis,fruits,240.0
,Expense,Other,HDFC,fish,1400.0
,Expense,Other,cash,vegetables,100.0
,Expense,Other,iAxis,mutton,250.0
,Expense,Other,iAxis,petrol,200.0
,Income,mohan,kottu,peda,4300.0
,Expense,ksn,iAxis,train,426.0
,Expense,Other,HDFC,ccbill,18881.0
,Expense,Other,HDFC,ccbill,17323.0
,Expense,Other,HDFC,ccbill,242.0
,Income,Other,HDFC,cb,8.0
,Expense,Other,HDFC,kirana,1741.0
,Expense,Other,HDFC,transfer,4000.0
,Expense,Other,cash,hospital,800.0
,Expense,Other,iAxis,juice,200.0
,Income,mohan,cheruvu,peda,4300.0
,Income,Other,HDFC,int,37.0
,Expense,Other,iAxis,petrol,750.0
,Expense,Other,iAxis,juice,370.0
,Expense,Other,HDFC,homeloan,20100.0
,Expense,Other,SBIcc,fascino,872.0
,Expense,Other,HDFC,fascino,400.0
,Expense,Other,iAxis,petrol,400.0
,Expense,Other,HDFC,mangoes,1500.0
,Expense,Other,HDFC,fruits,40.0
,Expense,mohan,cash,peda,2000.0
,Expense,mohan,HDFC,peda,2300.0
,Expense,mohan,HDFC,peda,700.0
,Expense,sai bava,iAxis,train,1180.0
,Expense,Other,iAxis,vegetables,90.0
,Expense,Other,HDFC,homeloan,33000.0
,Expense,Other,CChdfc,recharge,201.0
,Expense,Other,iAxis,eggs,70.0
,Expense,Other,cash,coconut,100.0
,Expense,sai bava,iAxis,train,1620.0
,Income,Other,kotak,adj,1764.0
,Expense,Other,HDFC,transfer,900.0
,Expense,Other,HDFC,key,175.0
,Expense,Other,HDFC,certificate,106.0
,Income,Other,HDFC,int,66.0
,Income,Other,ICICIcc,bill,41760.0
,Expense,Other,iAxis,petrol,400.0
,Expense,Other,HDFC,milk,170.0
,Income,Other,cash,received,100.0
,Income,Other,HDFC,bsnl,371.0
,Expense,sai bava,nCChdfc,train,1180.0
,Expense,Other,ICICIcc,pedigree,3566.0
,Expense,Other,ICICIcc,leo,539.0
,Expense,Other,SBIcc,haircut,800.0
,Income,Other,FAxisCC,bill,248.0
,Expense,Other,SBIcc,mutton,500.0
,Expense,Other,SBIcc,vegetables,160.0
,Expense,Other,HDFC,vegetables,125.0
,Expense,Other,HDFC,milk,100.0
,Expense,Other,HDFC,milk,100.0
,Expense,mavayya garu,SBIcc,train,190.0
,Expense,Other,HDFC,ccbill,15008.0
,Income,Other,HDFC,cb,14.0
,Expense,Other,HDFC,milk,100.0
,Expense,Other,SBIcc,notary,200.0
,Expense,Other,cash,notary,100.0
,Expense,Other,SBIcc,xerox,93.0
,Expense,Other,SBIcc,fish,250.0
,Expense,nagesh,HDFC,chain sproket,400.0
,Expense,Other,HDFC,received,800.0
,Expense,Other,nCChdfc,petrol,200.0
,Expense,Other,SBIcc,transfer,1000.0
,Expense,Other,HDFC,recharge,753.0
,Expense,Other,HDFC,fascino,342.0
,Expense,Other,nCChdfc,recharge,740.0
,Income,Other,cash,received,200.0
,Expense,mavayya garu,nCChdfc,received,455.0
,Expense,Other,iAxis,train,3000.0
,Expense,Other,SBIcc,petrol,343.0
,Expense,Other,SBIcc,xerox,35.0
,Expense,Other,SBIcc,fascino,630.0
,Expense,Other,cash,transfer,500.0
,Income,Other,iAxis,bill,8577.0
,Income,mavayya garu,cash,received,2000.0
,Expense,Other,HDFC,transfer,1500.0
,Expense,Other,HDFC,milk,100.0
,Expense,Other,CChdfc,fridge,82.0
,Expense,Other,SBIcc,victory bazaar,788.0
,Expense,Other,HDFC,vegetables,105.0
,Income,mavayya garu,HDFC,received,13200.0
,Expense,mavayya garu,HDFC,shriram,13177.0
,Income,Other,CChdfc,bill,832.0
,Income,Other,Jloan,bill,7928.0
,Expense,Other,nCChdfc,petrol,439.0
,Expense,Other,nCChdfc,adj,966.0
,Expense,Other,SBIcc,vegetables,115.0
,Expense,Other,cash,case sheet,300.0
,Expense,Other,HDFC,milk,130.0
,Income,Other,union,div,6.0
,Expense,Other,SBIcc,xerox,58.0
,Expense,Other,SBIcc,food,55.0
,Income,Other,cash,received,500.0
,Expense,Other,HDFC,charges,11.0
,Expense,Other,HDFC,milk,100.0
,Expense,Other,nCChdfc,petrol,500.0
,Expense,Other,SBIcc,xerox,40.0
,Expense,Other,SBIcc,chicken,300.0
,Expense,Other,SBIcc,kirana,320.0
,Expense,Other,cash,kirana,200.0
,Expense,Other,HDFC,ccbill,41760.0
,Expense,Other,HDFC,ccbill,16284.0
,Expense,Other,cash,haircut,100.0
,Expense,Other,SBIcc,aditya,399.0
,Income,Other,HDFC,cb,6.0
,Expense,Other,ICICIcc,surf,461.0
,Expense,Other,HDFC,milk,70.0
,Expense,Other,HDFC,vegetables,80.0
,Income,Other,HDFC,cb,6.0
,Expense,Other,iAxis,passport,1500.0
,Expense,Other,HDFC,milk,70.0
,Expense,ksn,iAxis,train,377.0
,Expense,sai bava,iAxis,train,820.0
,Expense,Other,HDFC,vegetables,40.0
,Expense,Other,nCChdfc,petrol,500.0
,Expense,Other,iAxis,fruits,100.0
,Expense,Other,iAxis,vegetables,90.0
,Expense,Other,iAxis,fish,1000.0
,Expense,Other,iAxis,mutton,500.0
,Expense,Other,FAxisCC,parivahan,2138.0
,Expense,Other,Axisneo,recharge,3209.0
,Income,Other,HDFC,cb,412.0
,Expense,Other,HDFC,milk,30.0
,Expense,Other,nCChdfc,recharge,799.0
,Income,Other,HDFC,cb,37.0
,Expense,Other,union,ccbill,3631.0
,Expense,Other,Abank,ccbill,4297.0
,Expense,Other,HDFC,milk,70.0
,Expense,Other,nCChdfc,gas,844.0
,Expense,Other,ICICIcc,camera,4949.0
,Income,Other,ICICIcc,bill,4567.0
,Expense,Other,Axisneo,current bill,3909.0
,Income,Other,Axisneo,bill,2909.0
,Expense,mavayya garu,SBIcc,permit,350.0
,Expense,Other,HDFC,vegetables,100.0
,Expense,Other,SBIcc,train,2520.0
,Expense,Other,nCChdfc,camera,110.0
,Expense,Other,HDFC,camera,68.0
,Expense,Other,nCChdfc,insurance,2259.0
,Expense,Other,nCChdfc,petrol,400.0
,Expense,Other,SBIcc,recharge,225.0
,Expense,balaji mavayya,SBIcc,train,540.0
,Expense,Other,nCChdfc,xerox,110.0
,Expense,Other,nCChdfc,rusk,50.0
,Expense,Other,nCChdfc,petrol,500.0
,Expense,Other,nCChdfc,medicines,250.0
,Expense,Other,HDFC,idly,20.0
,Income,Other,FAxisCC,bill,2379.0
,Income,Other,kotak,ind,10709.0
,Expense,Other,HDFC,ccbill,20452.0
,Income,Other,HDFC,cb,11.0
,Expense,Other,HDFC,electrical,1950.0
,Expense,Other,HDFC,vegetables,199.0
,Expense,Other,nCChdfc,chicken,380.0
,Expense,Other,nCChdfc,vegetables,120.0
,Expense,Other,FAxisCC,medplus,1191.0
,Expense,eshwari,ICICIcc,iqoo,21262.0
,Expense,Other,ICICIcc,weeder,1888.0
,Expense,Other,FAxisCC,mixer,15.0
,Expense,Other,HDFC,transfer,400.0
,Expense,Other,HDFC,transfer,130.0
,Income,Other,cash,received,500.0
,Expense,Other,HDFC,food,17.0
,Expense,Other,SBIcc,food,165.0
,Income,Other,iAxis,bill,7348.0
,Expense,Other,cash,bus,200.0
,Income,nagesh,kottu,thati aaku,250.0
,Expense,Other,HDFC,electrical,1060.0
,Expense,Other,HDFC,tea,10.0
,Expense,Other,SBIcc,tiffin,20.0
,Income,Other,HDFC,cb,27.0
,Expense,Other,nCChdfc,petrol,419.0
,Expense,Other,ICICIcc,weeder,1256.0
,Expense,eshwari,ICICIcc,iqoo,613.0
,Expense,Other,iAxis,camera,115.0
,Expense,Other,SBIcc,limit,50000.0
,Expense,Other,SBIcc,rusk,50.0
,Income,Other,Irctc,limit,50000.0
,Expense,Other,CChdfc,fridge,56.0
,Income,sudhakar,mutth,utaru,500.0
,Income,sudhakar,kottu,utaru,1000.0
,Expense,sudhakar,HDFC,utaru,1100.0
,Expense,sudhakar,cash,utaru,1000.0
,Expense,sudhakar,HDFC,utaru,500.0
,Expense,sudhakar,HDFC,utaru,400.0
,Income,nagesh,kottu,utaru,250.0
,Expense,nagesh,cash,utaru,500.0
,Expense,Other,HDFC,milk,70.0
,Expense,Other,HDFC,tea,20.0
,Expense,Other,SBIcc,tiffin,60.0
,Expense,Other,kotak,zerodha,15000.0
,Income,Other,HDFC,int,1033.0
,Expense,Other,kotak,AF,1650.0
,Income,Other,CChdfc,bill,1813.0
,Income,Other,Jloan,bill,7928.0
,Expense,Other,SBIcc,xerox,25.0
,Income,Other,HDFC,utaru,4326.0
,Income,Other,HDFC,utaru,5232.0
,Income,Other,HDFC,utaru,2992.0
,Income,Other,HDFC,utaru,5864.0
,Expense,Other,HDFC,raasi,18414.0
,Expense,balaji mavayya,ICICIcc,battery,1526.0
,Expense,Other,cash,missing,1100.0
,Expense,Other,SBIcc,kirana,1188.0
,Expense,Other,HDFC,vegetables,140.0
,Expense,Other,iAxis,fish,840.0
,Expense,Other,HDFC,ant,30.0
,Expense,Other,HDFC,milk,150.0
,Income,Other,kotak,div,2.0
,Expense,Other,iAxis,stationary,84.0
,Expense,Other,SBIcc,vegetables,40.0
,Expense,Other,kotak,zerodha,31334.0
,Expense,ksn,HDFC,train,367.0
,Expense,Other,Abank,zerodha,235666.0
,Expense,Other,kotak,Fyers,5000.0
,Expense,Other,HDFC,ccbill,4567.0
,Expense,Other,HDFC,ccbill,2909.0
,Expense,Other,HDFC,ccbill,9525.0
,Income,Other,HDFC,cb,14.0
,Expense,Other,iAxis,transfer,1000.0
,Expense,Other,nCChdfc,petrol,379.0
,Expense,Other,cash,coconut,800.0
,Expense,Other,HDFC,tractor,300.0
,Expense,Other,HDFC,tractor,300.0
,Expense,Other,HDFC,toll,100.0
,Income,nagesh,kottu,sudha,500.0
,Income,srinu,mutth,sudha,600.0
,Expense,srinu,cash,sudha,200.0
,Expense,nagesh,cash,sudha,200.0
,Expense,Other,HDFC,tiffin,60.0
,Expense,Other,FAxisCC,Janasena,500.0
,Expense,Other,HDFC,tailor,450.0
,Expense,Other,HDFC,milk,70.0
,Income,Other,HDFC,int,1799.0
,Income,nagesh,kottu,sudha,500.0
,Income,srinu,kottu,sudha,600.0
,Expense,nagesh,cash,sudha,200.0
,Expense,srinu,cash,sudha,200.0
,Expense,Other,iAxis,permit,450.0
,Income,Other,HDFC,sarivi,80000.0
,Expense,Other,HDFC,tea,20.0
,Expense,Other,HDFC,xerox,15.0
,Expense,Other,HDFC,dokka thadu,30.0
,Expense,Other,nCChdfc,petrol,410.0
,Income,Other,ICICIcc,refund,157.0
,Expense,Other,SBIcc,tiffin,40.0
,Expense,Other,HDFC,geda,1400.0
,Expense,srinu,cash,sudha,800.0
,Expense,Other,HDFC,milk,100.0
,Expense,Other,iAxis,vegetables,180.0
,Income,Other,HDFC,cb,50.0
,Expense,Other,iAxis,xerox,65.0
,Income,Other,HDFC,sarivi,90000.0
,Income,Other,HDFC,sarivi,30000.0
,Expense,Other,HDFC,amazon,151.0
,Expense,Other,SBIcc,victory bazaar,334.0
,Expense,Other,cash,banana,100.0
,Expense,Other,HDFC,steel kottu loan,50000.0
,Expense,Other,HDFC,acc insur,26.0
,Expense,Other,HDFC,milk,70.0
,Income,balaji mavayya,cash,received,300.0
,Expense,Other,HDFC,transfer,1000.0
,Expense,Other,cash,dwakra,8000.0
,Expense,Other,cash,misc,200.0
,Expense,Other,HDFC,thullu seed,12000.0
,Income,nagesh,culture,matti,250.0
,Expense,nagesh,cash,matti,200.0
,Expense,Other,HDFC,milk,70.0
,Income,Other,ICICIcc,bill,11157.0
,Expense,Other,SBIcc,drinks,55.0
,Expense,Other,SBIcc,permit,450.0
,Expense,Other,nCChdfc,petrol,370.0
,Expense,balaji mavayya,nCChdfc,train,1145.0
,Expense,Other,HDFC,aditya,560.0
,Expense,Other,HDFC,vegetables,180.0
,Expense,Other,SBIcc,victory bazaar,715.0
,Expense,Other,SBIcc,fascino,90.0
,Income,Other,HDFC,int,122.0
,Expense,Other,SBIcc,tiffin,80.0
,Income,Other,HDFC,int,258.0
,Expense,Other,HDFC,movie,1530.0
,Income,Other,HDFC,cb,8.0
,Expense,Other,SBIcc,permit,900.0
,Expense,Other,HDFC,thowdu,130.0
,Expense,Other,nCChdfc,petrol,352.0
,Expense,Other,SBIcc,seeds,230.0
,Expense,Other,CChdfc,recharge,175.0
,Income,Other,FAxisCC,bill,1933.0
,Expense,Other,SBIcc,current bill,411.0
,Expense,mavayya garu,SBIcc,permit,350.0
,Expense,Other,SBIcc,current bill,78.0
,Expense,Other,SBIcc,current bill,123.0
,Expense,Other,Axisneo,current bill,2877.0
,Income,Other,LICICI,commission,2635.0
,Expense,ksn,nCChdfc,tatasky,200.0
,Expense,ksn,cash,transfer,1000.0
,Income,Other,cash,punasa,1000.0
,Expense,Other,cash,home,200.0
,Expense,Other,ICICIcc,amazon,300.0
,Expense,Other,SBIcc,permit,1350.0
,Expense,Other,HDFC,ccbill,18901.0
,Income,Other,HDFC,cb,46.0
,Expense,Other,SBIcc,sweets,450.0
,Expense,Other,SBIcc,juice,90.0
,Expense,Other,nCChdfc,petrol,500.0
,Expense,Other,SBIcc,permit,450.0
,Expense,Other,HDFC,milk,70.0
,Expense,Other,FAxisCC,mixer,11.0
,Expense,Other,HDFC,transfer,2000.0
,Expense,Other,nCChdfc,petrol,340.0
,Expense,Other,SBIcc,permit,450.0
,Expense,Other,HDFC,milk,70.0
,Expense,sai bava,FAxisCC,train,4710.0
,Income,Other,iAxis,bill,4634.0
,Expense,Other,HDFC,milk,70.0
,Expense,Other,ICICIcc,amazon,790.0
,Expense,Other,SBIcc,noodles,180.0
,Expense,Other,CChdfc,train,40.0
,Expense,Other,HDFC,matti,3700.0
,Expense,Other,iAxis,transfer,1500.0
,Expense,Other,iAxis,rice,1700.0
,Expense,mavayya garu,iAxis,permit,350.0
,Income,Other,HDFC,misc,1941.0
,Expense,Other,HDFC,milk,70.0
,Income,Other,HDFC,cb,25.0
,Income,Other,HDFC,int,216.0
,Expense,sai bava,FAxisCC,train,3580.0
,Expense,Other,kotak,AF,3010.0
,Expense,Other,kotak,zerodha,1000.0
,Expense,Other,iAxis,permit,450.0
,Expense,Other,HDFC,milk,70.0
,Expense,Other,HDFC,milk,70.0
,Expense,Other,CChdfc,fridge,27.0
,Income,Other,CChdfc,bill,7823.0
,Income,Other,Jloan,bill,7927.0
,Expense,eshwari,ICICIcc,iqoo,318.0
,Expense,Other,HDFC,aditya,300.0
,Expense,Other,nCChdfc,petrol,410.0
,Expense,ksn,iAxis,train,427.0
,Expense,Other,HDFC,milk,70.0
,Expense,Other,nCChdfc,gas,845.0
,Expense,Other,iAxis,haircut,600.0
,Expense,Other,iAxis,juice,100.0
,Expense,Other,HDFC,ccbill,11157.0
,Expense,Other,HDFC,ccbill,3909.0
,Expense,Other,HDFC,ccbill,10334.0
,Income,Other,HDFC,cb,21.0
,Expense,ksn,Axisneo,recharge,2000.0
,Income,Other,FAxisCC,cb,41.0
,Income,Other,HDFC,int,219.0
,Expense,mavayya garu,iAxis,permit,350.0
,Income,mavayya garu,HDFC,3,1500.0
,Expense,Other,HDFC,transfer,2200.0
,Expense,Other,cash,medicines,200.0
,Expense,Other,HDFC,milk,100.0
,Expense,ASN,HDFC,payment,100000.0
,Expense,Other,iAxis,permit,450.0
,Income,Other,HDFC,parivahan,872.0
,Expense,Other,HDFC,milk,70.0
,Expense,Other,LICICI,ttd,116.0
,Expense,Other,iAxis,transfer,1500.0
,Income,eshwari,HDFC,received,3000.0
,Expense,Other,HDFC,milk,70.0
,Expense,Other,nCChdfc,petrol,449.0
,Expense,Other,iAxis,permit,450.0
,Expense,Other,iAxis,vegetables,320.0
,Income,ksn,cash,received,1000.0
,Income,Other,HDFC,int,401.0
,Expense,Other,iAxis,xerox,10.0
,Expense,Other,HDFC,banana,50.0
,Income,Other,HDFC,cb,15.0
,Expense,Other,HDFC,milk,70.0
,Expense,Other,HDFC,transfer,3500.0
,Expense,Other,HDFC,parivahan,2135.0
,Expense,mavayya garu,iAxis,permit,150.0
,Expense,Other,HDFC,milk,70.0
,Expense,Other,HDFC,transfer,1000.0
,Expense,Other,cash,maid,4800.0
,Expense,Other,HDFC,milk,70.0
,Expense,Other,HDFC,thowdu,150.0
,Expense,Other,SBIcc,victory bazaar,627.0
,Income,Other,HDFC,cb,11.0
,Expense,Other,HDFC,milk,70.0
,Expense,Other,nCChdfc,transfer,670.0
,Expense,Other,HDFC,ghee,205.0
,Expense,nagesh,nCChdfc,rim,500.0
,Expense,nagesh,cash,rim,1000.0
,Expense,Other,SBIcc,kirana,160.0
,Expense,Other,SBIcc,vegetables,50.0
,Income,Other,union,int,539.0
,Expense,ksn,SBIcc,train,427.0
,Expense,Other,SBIcc,rim,250.0
,Expense,Other,SBIcc,kirana,50.0
,Expense,Other,SBIcc,recharge,175.0
,Expense,Other,HDFC,rusk,50.0
,Expense,Other,HDFC,recharge,500.0
,Income,Other,ICICIcc,bill,5337.0
,Expense,Other,ICICIcc,pedigree,540.0
,Expense,Other,HDFC,milk,100.0
,Expense,Other,SBIcc,current bill,121.0
,Expense,Other,SBIcc,current bill,673.0
,Expense,Other,SBIcc,medicines,190.0
,Expense,Other,kotak,zerodha,14980.0
,Expense,Other,kotak,AF,14980.0
,Expense,Other,HDFC,dwakra,1000.0
,Expense,Other,nCChdfc,petrol,400.0
,Expense,Other,Abank,NaviLoan,200000.0
,Expense,Other,union,NaviLoan,591.0
,Income,Other,HDFC,cb,35.0
,Expense,Other,HDFC,charges,137.0
,Expense,Other,HDFC,aditya,670.0
,Expense,Other,HDFC,milk,70.0
,Income,Other,HDFC,cb,13.0
,Income,Other,LICICI,commission,2138.0
,Expense,Other,SBIcc,victory bazaar,580.0
,Expense,Other,HDFC,ccbill,11745.0
,Expense,Other,HDFC,fascino,1400.0
,Income,Other,kotak,zerodha,39000.0
,Income,Other,kotak,AF,34000.0
,Income,nagesh,cash,received,500.0
,Expense,Other,cash,dwakra,500.0
,Expense,Other,nCChdfc,petrol,500.0
,Expense,Other,FAxisCC,mixer,7.0
,Expense,Other,HDFC,transfer,5000.0
,Expense,Other,cash,dwakra,2500.0
,Expense,Other,HDFC,kirana,165.0
,Expense,Other,HDFC,milk,100.0
,Income,Other,HDFC,cb,10.0
,Expense,Other,HDFC,gold,500.0
,Expense,Other,SBIcc,permit,450.0
,Income,Other,iAxis,bill,12541.0
,Income,Other,FAxisCC,bill,8460.0
,Expense,Other,HDFC,milk,100.0
,Expense,eshwari,ICICIcc,iqoo,255.0
,Income,Other,union,int,221.0
,Expense,Other,HDFC,gaddi chepa,2200.0
,Expense,Other,HDFC,milk,100.0
,Expense,Other,iAxis,permit,450.0
,Expense,Other,iAxis,recharge,199.0
,Expense,Other,FAxisCC,insurance,100000.0
,Expense,Other,HDFC,cashew,750.0
,Expense,ksn,nCChdfc,tatasky,200.0
,Expense,Other,iAxis,train,900.0
,Expense,Other,iAxis,current bill,135.0
,Expense,Other,iAxis,current bill,3434.0
,Expense,Other,HDFC,charges,11.0
,Income,Other,Jloan,bill,7928.0
,Income,Other,HDFC,insurance,500000.0
,Expense,Other,HDFC,milk,70.0
,Expense,ksn,iAxis,train,428.0
,Income,Other,union,int,218.0
,Expense,Other,HDFC,sarees,2800.0
,Expense,Other,nCChdfc,petrol,372.0
,Expense,Other,iAxis,fish,1200.0
,Expense,Other,SBIcc,brush cutter,7643.0
,Expense,Other,SBIcc,brush cutter,3821.0
,Expense,Other,SBIcc,brush cutter,2184.0
,Expense,Other,HDFC,ccbill,5337.0
,Expense,Other,HDFC,ccbill,4776.0
,Expense,Other,HDFC,ccbill,8592.0
,Income,eshwari,HDFC,received,3600.0
,Income,Other,HDFC,cb,21.0
,Expense,Other,iAxis,xerox,30.0
,Expense,Other,HDFC,d3 aunty,25000.0
,Expense,Other,HDFC,milk,50.0
,Expense,ramu,HDFC,ramu,100.0
,Expense,Other,iAxis,kirana,820.0
,Income,Other,LICICI,commission,11635.0
,Expense,Other,HDFC,milk,70.0
,Income,subramanyam,kancherla,utaru,1275.0
,Income,subramanyam,mutth,utaru,425.0
,Income,subramanyam,cheruvu,utaru,425.0
,Income,subramanyam,kottu,utaru,1275.0
,Expense,subramanyam,cash,utaru,500.0
,Income,nagesh,kancherla,utaru,413.0
,Income,nagesh,mutth,utaru,138.0
,Income,nagesh,cheruvu,utaru,137.0
,Income,nagesh,kottu,utaru,412.0
,Expense,nagesh,cash,utaru,400.0
,Expense,Other,HDFC,tiffin,95.0
,Expense,Other,HDFC,fense,36.0
,Income,Other,HDFC,cb,24.0
,Expense,Other,cash,misc,700.0
,Income,Other,HDFC,utaru,20000.0
,Expense,Other,nCChdfc,petrol,410.0
,Expense,Other,SBIcc,victory bazaar,528.0
,Expense,Other,cash,purchase,300.0
,Income,Other,HDFC,utaru,3714.0
,Income,Other,HDFC,utaru,3354.0
,Income,Other,HDFC,utaru,1157.0
,Income,Other,HDFC,utaru,9342.0
,Income,Other,cash,gold,802500.0
,Expense,Other,cash,gold,336000.0
,Expense,Other,HDFC,home loan,275000.0
,Income,sai bava,HDFC,received,200000.0
,Expense,Other,HDFC,gold,100.0
,Income,Other,HDFC,int,124.0
,Expense,Other,iAxis,vegetables,350.0
,Expense,Other,iAxis,recharge,189.0
,Expense,Other,HDFC,purchase,17567.0
,Expense,Other,cash,home loan,465000.0
,Expense,Other,HDFC,milk,70.0
,Expense,Other,SBIcc,misc,25.0
,Expense,Other,Abank,ccbill,4443.0
,Expense,Other,union,ccbill,3485.0
,Expense,Other,nCChdfc,petrol,400.0
,Expense,Other,nCChdfc,food,599.0
,Income,Other,cash,received,500.0
,Expense,mavayya garu,SBIcc,permit,350.0
,Income,Other,ICICIcc,bill,6253.0
,Expense,Other,HDFC,milk,140.0
,Expense,Other,SBIcc,notary,250.0
,Income,Other,HDFC,utaru,18000.0
,Expense,ksn,HDFC,aruna,5000.0
,Expense,Other,HDFC,transfer,16000.0
,Expense,Other,cash,soceity loan,44500.0
,Expense,Other,HDFC,milk,70.0
,Expense,Other,HDFC,battery,200.0
,Expense,Other,SBIcc,current bill,45.0
,Expense,Other,SBIcc,current bill,442.0
,Expense,Other,HDFC,aditya,625.0
,Expense,Other,HDFC,rice,1700.0
,Expense,Other,HDFC,transfer,2000.0
,Expense,Other,cash,misc,200.0
,Income,Other,FAxisCC,bill,135477.0
,Expense,Other,SBIcc,victory bazaar,342.0
,Expense,Other,SBIcc,vegetables,240.0
,Expense,Other,SBIcc,chicken,400.0
,Expense,Other,HDFC,charges,22.0
,Expense,Other,nCChdfc,petrol,500.0
,Income,Other,LICICI,commission,697.0
,Expense,Other,HDFC,milk,201.0
,Expense,Other,nCChdfc,milk,35.0
,Expense,Other,nCChdfc,petrol,380.0
,Expense,Other,HDFC,fascino,160.0
,Expense,Other,SBIcc,bulb,530.0
,Expense,Other,SBIcc,medicines,28.0
,Expense,Other,HDFC,milk,140.0
,Expense,Other,FAxisCC,mixer,4.0
,Expense,Other,HDFC,thadu,60.0
,Expense,Other,nCChdfc,petrol,370.0
,Expense,Other,cash,jaya aunty,2000.0
,Expense,Other,cash,surveyor,500.0
,Expense,Other,cash,fruits,100.0
,Expense,Other,HDFC,ccbill,11331.0
,Income,Other,HDFC,cb,8.0
,Income,akka,HDFC,received,10000.0
,Income,Other,iAxis,bill,58512.0
,Expense,Other,HDFC,milk,140.0
,Expense,Other,nCChdfc,petrol,500.0
,Expense,Other,iAxis,notary,330.0
,Expense,Other,iAxis,rice,1700.0
,Expense,Other,iAxis,vegetables,150.0
,Expense,Other,iAxis,medicines,800.0
,Expense,Other,iAxis,current bill,122.0
,Expense,Other,iAxis,current bill,5444.0
,Expense,Other,HDFC,transfer,10000.0
,Income,Other,HDFC,cb,22.0
,Expense,ksn,HDFC,train,722.0
,Expense,Other,HDFC,kirana,2550.0
,Expense,Other,nCChdfc,sundirect,285.0
,Expense,Other,nCChdfc,petrol,870.0
,Expense,eshwari,ICICIcc,iqoo,193.0
,Expense,Other,iAxis,hospital,1200.0
,Expense,Other,iAxis,medicines,28.0
,Income,Other,cash,received,3600.0
,Income,Other,Jloan,bill,7928.0
,Income,Other,CChdfc,bill,17839.0
,Expense,Other,HDFC,thowdu,530.0
,Expense,Other,HDFC,fish,500.0
,Expense,Other,HDFC,medicines,1004.0
,Expense,Other,HDFC,milk,70.0
,Expense,Other,nCChdfc,fruits,400.0
,Income,ksn,cash,received,7000.0
,Expense,Other,nCChdfc,petrol,500.0
,Income,nagesh,kottu,kuridi,250.0
,Expense,Other,HDFC,ccbill,19370.0
,Expense,Other,HDFC,ccbill,6253.0
,Expense,Other,HDFC,fancy,110.0
,Expense,mavayya garu,iAxis,permit,350.0
,Income,Other,HDFC,cb,20.0
,Expense,Other,iAxis,kirana,295.0
,Expense,Other,cash,petrol,500.0
,Expense,Other,HDFC,parivahan,2135.0
,Expense,Other,nCChdfc,tatasky,200.0
,Expense,Other,SBIcc,recharge,199.0
,Expense,Other,cash,milk,1400.0
,Expense,Other,cash,gas,100.0
,Expense,Other,iAxis,recharge,139.0
,Expense,Other,iAxis,thadu,100.0
,Expense,Other,cash,rallu,800.0
,Expense,Other,HDFC,transfer,300.0
,Income,ksn,cash,received,500.0
,Expense,sai bava,iAxis,train,3160.0
,Income,akka,HDFC,received,10000.0
,Expense,Other,FAxisCC,cow ghee,831.0
,Expense,Other,HDFC,ccbill,40000.0
,Expense,ksn,HDFC,recharge,800.0
,Expense,Other,HDFC,vegetables,90.0
,Income,Other,HDFC,cb,14.0
,Expense,Other,CChdfc,cow ghee,1662.0
,Expense,Other,HDFC,tree cutting,2000.0
,Expense,Other,cash,tree cutting,250.0
,Expense,Other,HDFC,battery,1300.0
,Expense,Other,HDFC,milk,135.0
,Expense,Other,HDFC,refund,3823.0
,Expense,ksn,SBIcc,recharge,147.0
,Expense,Other,SBIcc,banana,100.0
,Income,nagesh,shop,tree cutting,250.0
,Income,srinu,shop,tree cutting,300.0
,Expense,nagesh,cash,tree cutting,300.0
,Expense,srinu,cash,tree cutting,200.0
,Expense,Other,HDFC,electrician,800.0
,Income,nagesh,kottu,dhukku,250.0
,Income,nagesh,shop,paaka,250.0
,Expense,nagesh,cash,dhukku,300.0
,Expense,Other,HDFC,electrician,155.0
,Expense,Other,nCChdfc,petrol,410.0
,Expense,Other,SBIcc,current bill,57.0
,Expense,Other,SBIcc,current bill,629.0
,Income,Other,ICICIcc,bill,4228.0
,Income,Other,HDFC,cb,28.0
,Expense,Other,HDFC,milk,140.0
,Expense,Other,HDFC,medicines,64.0
,Income,nagesh,shop,paaka,500.0
,Expense,nagesh,cash,paaka,500.0
,Expense,srinu,cash,tree cutting,100.0
,Expense,Other,HDFC,victory bazaar,379.0
,Expense,Other,HDFC,aditya,525.0
,Expense,Other,HDFC,milk,100.0
,Income,Other,HDFC,received,2000.0
,Income,nagesh,shop,paaka,500.0
,Expense,Other,cash,paaka,1300.0
,Expense,Other,cash,tiffin,100.0
,Expense,Other,SBIcc,food,175.0
,Expense,Other,HDFC,jcb,200.0
,Expense,Other,HDFC,dhukku,30.0
,Expense,Other,HDFC,refund,833.0
,Income,Other,shop,jcb,6000.0
,Expense,Other,SBIcc,juice,100.0
,Expense,Other,HDFC,petrol,300.0
,Expense,Other,HDFC,transfer,2000.0
,Expense,Other,HDFC,jcb,4000.0
,Income,joseph,mutth,kampa,650.0
,Expense,joseph,cash,kampa,600.0
,Expense,Other,nCChdfc,petrol,500.0
,Income,Other,cash,adj,150.0
,Expense,Other,HDFC,ccbill,14789.0
,Income,Other,HDFC,cb,46.0
,Expense,Other,HDFC,milk,70.0
,Expense,mavayya garu,SBIcc,permit,350.0
,Income,joseph,mutth,kampa,650.0
,Income,nagesh,lanka,dhukku,500.0
,Expense,nagesh,cash,dhukku,500.0
,Expense,Other,HDFC,tiffin,110.0
,Expense,Other,HDFC,transfer,3000.0
,Income,Other,union,div,4.0
,Expense,Other,HDFC,kirana,220.0
,Expense,Other,HDFC,drink,50.0
,Income,Other,LICICI,commission,697.0
,Income,joseph,mutth,kampa,800.0
,Expense,joseph,cash,kampa,1500.0
,Expense,Other,HDFC,tiffin,60.0
,Expense,Other,HDFC,wire,169.0
,Expense,Other,HDFC,vegetables,40.0
,Expense,Other,HDFC,food,230.0
,Expense,Other,HDFC,milk,170.0
,Income,Other,HDFC,cb,12.0
,Expense,Other,nCChdfc,gas,844.0
,Expense,Other,nCChdfc,petrol,500.0
,Expense,Other,SBIcc,sweets,860.0
,Expense,Other,SBIcc,chicken,330.0
,Expense,Other,cash,siddanthi,1000.0
,Expense,Other,cash,ghee,800.0
,Income,Other,cash,mango,1500.0
,Income,joseph,mutth,kampa,1200.0
,Expense,joseph,cash,kampa,1200.0
,Expense,Other,HDFC,tiffin,60.0
,Expense,Other,HDFC,chairs,100.0
,Expense,Other,HDFC,vegetables,25.0
,Expense,Other,nCChdfc,petrol,541.0
,Expense,Other,cash,misc,500.0
,Income,Other,FAxisCC,bill,2745.0
,Expense,Other,ICICIcc,net,664.0
,Expense,ksn,SBIcc,prawns,800.0
,Expense,Other,SBIcc,fish,1300.0
,Expense,Other,SBIcc,aditya,1000.0
,Expense,Other,SBIcc,victory bazaar,322.0
,Expense,Other,SBIcc,medicines,930.0
,Expense,Other,HDFC,wagonr,2800.0
,Expense,Other,HDFC,milk,110.0
,Expense,Other,nCChdfc,gas,845.0
,Expense,nagesh,nCChdfc,sundirect,285.0
,Expense,Other,HDFC,train,842.0
,Expense,Other,iAxis,current bill,3380.0
,Expense,Other,iAxis,current bill,210.0
,Expense,Other,iAxis,recharge,350.0
,Income,Other,iAxis,bill,58662.0
,Expense,Other,cash,thowdu,500.0
,Expense,Other,cash,katthi,200.0
,Expense,Other,cash,misc,100.0
,Expense,Other,cash,transfer,700.0
,Expense,Other,HDFC,milk,170.0
,Expense,Other,ICICIcc,leo,455.0
,Expense,eshwari,ICICIcc,iqoo,130.0
,Expense,Other,iAxis,vegetables,250.0
,Income,Other,HDFC,received,2000.0
,Expense,Other,HDFC,train,546.0
,Income,Other,CChdfc,bill,4562.0
,Income,Other,Jloan,bill,7928.0
,Expense,Other,nCChdfc,petrol,401.0
,Expense,Other,HDFC,kirana,390.0
,Expense,Other,cash,puttaparthi,2000.0
,Income,akka,HDFC,received,2500.0
,Expense,Other,cash,panchayti,500.0
,Expense,Other,HDFC,milk,100.0
,Expense,Other,SBIcc,more,145.0
,Income,eshwari,HDFC,received,2000.0
,Expense,Other,HDFC,transfer,3500.0
,Expense,Other,HDFC,milk,150.0
,Expense,Other,HDFC,xerox,30.0
,Expense,Other,HDFC,ccbill,4228.0
,Expense,Other,HDFC,ccbill,7597.0
,Income,Other,HDFC,cb,24.0
,Expense,Other,ICICIcc,clothes,99.0
,Income,Other,CChdfc,cb,618.0
,Expense,Other,iAxis,stationary,140.0
,Expense,Other,iAxis,xerox,260.0
,Income,Other,HDFC,misc,250.0
,Income,Other,cash,received,500.0
,Expense,Other,HDFC,milk,50.0
,Expense,Other,nCChdfc,petrol,420.0
,Expense,nagesh,iAxis,xl rim,1300.0
,Expense,Other,HDFC,misc,40.0
,Expense,Other,SBIcc,recharge,69.0
,Expense,Other,HDFC,milk,35.0
,Expense,Other,Abank,ccbill,4543.0
,Expense,Other,union,ccbill,3385.0
,Expense,Other,SBIcc,limit,22000.0
,Income,Other,ICICIcc,bill,5437.0
,Expense,Other,SBIcc,medicines,1143.0
,Expense,Other,HDFC,ration,180.0
,Expense,Other,HDFC,milk,30.0
,Expense,Other,HDFC,jathara,660.0
,Expense,Other,HDFC,milk,105.0
,Expense,Other,cash,jathara,100.0
,Expense,mavayya garu,SBIcc,permit,300.0
,Expense,Other,SBIcc,permit,400.0
,Expense,Other,SBIcc,current bill,82.0
,Expense,Other,SBIcc,current bill,377.0
,Expense,subramanyam,cash,utaru,4200.0
,Income,Other,HDFC,utaru,14537.0
,Income,Other,HDFC,utaru,6525.0
,Income,Other,HDFC,utaru,10700.0
,Expense,Other,cash,ammaji,800.0
,Income,Other,HDFC,ammaji,1025.0
,Income,ramarao,HDFC,tractor,800.0
,Expense,Other,cash,marriage,500.0
,Expense,Other,cash,thowdu,400.0
,Income,Other,HDFC,cb,6.0
,Expense,Other,HDFC,barakam,270.0
,Expense,Other,nCChdfc,petrol,1000.0
,Expense,Other,nCChdfc,tatasky,200.0
,Expense,Other,cash,beta,200.0
,Expense,Other,HDFC,sand,16500.0
,Expense,Other,ICICIcc,amazon,1536.0
,Expense,Other,SBIcc,recharge,139.0
,Expense,Other,HDFC,transfer,10000.0
,Expense,Other,cash,misc,1400.0
,Expense,Other,cash,chicken,700.0
,Expense,Other,SBIcc,permit,400.0
,Expense,Other,HDFC,green mat,2105.0
,Expense,Other,nCChdfc,petrol,410.0
,Income,Other,LICICI,commission,697.0
,Expense,Other,HDFC,milk,140.0
,Expense,Other,HDFC,bike wash,100.0
,Expense,Other,SBIcc,kirana,1758.0
,Expense,Other,SBIcc,vegetables,120.0
,Expense,Other,cash,coconut,1000.0
,Expense,sai bava,FAxisCC,train,1650.0
,Expense,Other,SBIcc,pav bhaji,160.0
,Expense,Other,HDFC,ccbill,8919.0
,Expense,Other,HDFC,kankara,41000.0
,Expense,Other,HDFC,green mat,70.0
,Expense,Other,cash,green mat,300.0
,Expense,Other,nCChdfc,petrol,427.0
,Expense,Other,RBLcc,limit,37000.0
,Income,Other,HDFC,cb,39.0
,Expense,Other,HDFC,milk,70.0
,Income,Other,union,int,142.0
,Expense,Other,HDFC,tiffin,35.0
,Expense,Other,cash,sudha,600.0
,Expense,Other,CChdfc,amazon,411.0
,Expense,Other,SBIcc,dtdc,900.0
,Expense,Other,SBIcc,vegetables,170.0
,Expense,Other,SBIcc,fish,1000.0
,Income,Other,HDFC,utaru,12125.0
,Expense,Other,HDFC,tiffin,140.0
,Expense,Other,HDFC,thadu,90.0
,Expense,Other,HDFC,milk,140.0
,Expense,Other,cash,sudha,2000.0
,Expense,Other,nCChdfc,bigbasket,1427.0
,Expense,Other,nCChdfc,petrol,500.0
,Income,Other,iAxis,bill,5700.0
,Expense,Other,cash,misc,500.0
,Expense,Other,Navi,navi loan,460000.0
,Expense,Other,HDFC,iron,89500.0
,Expense,Other,cash,iron,100.0
,Expense,Other,iAxis,current bill,187.0
,Expense,Other,iAxis,current bill,4308.0
,Expense,Other,SBIcc,snacks,140.0
,Income,Other,Navi,limit,460000.0
,Expense,Other,HDFC,tiffin,20.0
,Expense,Other,cash,watering,300.0
,Expense,Other,cash,kpp,300.0
,Expense,Other,HDFC,banana,100.0
,Expense,Other,HDFC,milk,155.0
,Expense,Other,nCChdfc,petrol,370.0
,Expense,Other,HDFC,charges,236.0
,Expense,eshwari,ICICIcc,iqoo,65.0
,Income,Other,CChdfc,bill,339.0
,Income,Other,Jloan,bill,7928.0
,Expense,Other,iAxis,myntra,1575.0
,Expense,Other,HDFC,transfer,90000.0
,Expense,Other,SBIcc,more,408.0
,Income,Other,HDFC,int,337.0
,Expense,ksn,HDFC,train,427.0
,Expense,Other,HDFC,ccbill,10096.0
,Expense,Other,HDFC,ccbill,5437.0
,Income,eshwari,HDFC,received,3500.0
,Expense,Other,HDFC,surveyor,3000.0
,Expense,Other,HDFC,milk,105.0
,Income,Other,HDFC,cb,14.0
,Expense,Other,cash,punadhulu,1000.0
,Expense,Other,cash,jaya aunty,1000.0
,Expense,Other,HDFC,cement,31000.0
,Expense,ramarao,HDFC,utaru,300.0
,Expense,Other,HDFC,dhukku,1800.0
,Expense,Other,HDFC,dhukku,1800.0
,Expense,Other,HDFC,dhukku,900.0
,Expense,Other,cash,dhukku,300.0
,Expense,Other,cash,dhukku,300.0
,Expense,Other,HDFC,sudha,500.0
,Expense,Other,HDFC,bore,2600.0
,Expense,Other,cash,punadhulu,2500.0
,Expense,Other,nCChdfc,petrol,600.0
,Income,Other,iAxis,refund,267.0
,Expense,Other,cash,cement,600.0
,Expense,rajababu,cash,footing,600.0
,Expense,jattu,cash,footing,500.0
,Expense,ayyappa,HDFC,footing,30000.0
,Expense,Other,HDFC,chicken,1000.0
,Expense,Other,nCChdfc,medicines,38.0
,Expense,Other,HDFC,charges,13.0
,Expense,Other,cash,lunch,300.0
,Expense,rajababu,cash,green mat,300.0
,Expense,Other,cash,transfer,500.0
,Expense,Other,HDFC,tea,40.0
,Expense,Other,HDFC,thowdu,600.0
,Expense,Other,cash,aadya bday,1000.0
,Expense,ayyappa,HDFC,beams,5000.0
,Expense,Other,HDFC,milk,100.0
,Expense,Other,HDFC,fastag,100.0
,Expense,Other,nCChdfc,petrol,400.0
,Income,Other,LICICI,commission,8765.0
,Expense,Other,cash,gothulu,700.0
,Expense,Other,HDFC,transfer,200.0
,Income,balaji mavayya,HDFC,received,40000.0
,Expense,nagesh,nCChdfc,sundirect,295.0
,Expense,Other,SBIcc,current bill,306.0
,Expense,Other,SBIcc,current bill,79.0
,Expense,Other,SBIcc,tiffin,100.0
,Expense,Other,SBIcc,food,1040.0
,Expense,Other,HDFC,milk,70.0
,Expense,Other,nCChdfc,petrol,500.0
,Expense,Other,nCChdfc,paints,10300.0
,Expense,Other,SBIcc,recharge,107.0
,Expense,Other,HDFC,brush,25.0
,Expense,Other,HDFC,thowdu,1210.0
,Expense,Other,HDFC,milk,70.0
,Expense,Other,nCChdfc,petrol,420.0
,Expense,Other,HDFC,ccbill,11042.0
,Income,Other,HDFC,cb,6.0
,Expense,mavayya garu,SBIcc,permit,300.0
,Income,mavayya garu,HDFC,received,500.0
,Expense,Other,Ricici,bigbasket,1695.0
,Expense,Other,SBIcc,recharge,201.0
,Expense,Other,HDFC,paints,7000.0
,Expense,ayyappa,HDFC,basement,20000.0
,Expense,Other,nCChdfc,gas,845.0
,Expense,Other,HDFC,pipe,2200.0
,Expense,Other,SBIcc,paints,50.0
,Expense,Other,FAxisCC,medicines,1634.0
,Expense,Other,cash,cleaning,700.0
,Expense,Other,cash,stove,1800.0
,Expense,Other,HDFC,stove,540.0
,Expense,Other,HDFC,kirana,20188.0
,Expense,Other,HDFC,motor,230.0
,Expense,Other,HDFC,milk,100.0
,Expense,Other,FAxisCC,chetak,122235.0
,Expense,Other,SBIcc,pooja,190.0
,Expense,Other,SBIcc,medicines,72.0
,Income,nagesh,lanka,watering,250.0
,Income,Other,FAxisCC,bill,1566.0
,Expense,Other,HDFC,milk,170.0
,Expense,Other,SBIcc,idly,40.0
,Income,Other,iAxis,bill,5978.0
,Expense,Other,HDFC,disposals,100.0
,Expense,Other,HDFC,panthulu,2000.0
,Expense,Other,cash,panthulu,500.0
,Expense,Other,HDFC,cook,4000.0
,Expense,Other,cash,cook,2700.0
,Expense,Other,HDFC,perugu,1200.0
,Expense,Other,HDFC,kirana,1461.0
,Expense,Other,HDFC,milk,70.0
,Expense,Other,nCChdfc,fish,7000.0
,Expense,Other,nCChdfc,mutton,28500.0
,Expense,Other,cash,misc,700.0
,Expense,Other,cash,clothes,7000.0
,Expense,Other,HDFC,recharge,800.0
,Expense,Other,HDFC,chetak,2000.0
,Expense,mavayya garu,iAxis,permit,300.0
,Expense,Other,iAxis,chetak,12987.0
,Expense,Other,iAxis,current bill,217.0
,Expense,Other,iAxis,current bill,222.0
,Income,Other,HDFC,cb,100.0
,Expense,Other,HDFC,milk,140.0
,Expense,Other,iAxis,sweets,650.0
,Expense,Other,HDFC,mcb,170.0
,Expense,Other,cash,electrician,100.0
,Expense,Other,cash,blade cutting,400.0
,Expense,Other,HDFC,beta,400.0
,Expense,Other,HDFC,matti,15000.0
,Expense,Other,nCChdfc,petrol,702.0
,Income,Other,ICICIcc,bill,5744.0
,Expense,akka,iAxis,recharge,3599.0
,Expense,Other,HDFC,tent,2500.0
,Expense,Other,HDFC,milk,90.0
,Expense,Other,iAxis,fish,1080.0
,Expense,Other,nCChdfc,petrol,500.0
,Income,Other,Jloan,bill,7927.0
,Income,Other,Navi,bill,16711.0
,Income,nagesh,shop,matti,250.0
,Expense,Other,HDFC,ccbill,3513.0
,Expense,Other,HDFC,ccbill,10149.0
,Expense,Other,HDFC,ccbill,5744.0
,Expense,Other,HDFC,transfer,800.0
,Expense,ksn,HDFC,train,842.0
,Expense,akka,HDFC,adhaar,100.0
,Expense,Other,HDFC,milk,140.0
,Income,Other,HDFC,cb,27.0
,Expense,Other,iAxis,kirana,285.0
,Expense,Other,HDFC,charges,299.0
,Income,Other,HDFC,int,258.0
,Expense,nagesh,cash,matti,500.0
,Expense,Other,HDFC,milk,70.0
,Expense,Other,HDFC,beta,100.0
,Expense,Other,HDFC,misc,100.0
,Expense,Other,ICICIcc,wire,1378.0
,Expense,Other,cash,milk,200.0
,Expense,srinu,cash,matti,300.0
,Income,Other,cash,received,1700.0
,Expense,Other,cash,misc,250.0
,Expense,ammaji,HDFC,lic,1210.0
,Expense,nagesh,cash,gilaka,500.0
,Expense,srinu,cash,gilaka,600.0
,Expense,Other,HDFC,transfer,3000.0
,Expense,Other,ICICIcc,amazon,5500.0
,Expense,Other,HDFC,mandu,1000.0
,Expense,Other,HDFC,mandu,200.0
,Expense,Other,HDFC,mandu,200.0
,Expense,Other,HDFC,milk,70.0
,Expense,Other,nCChdfc,tatasky,200.0
,Expense,srinu,cash,gilaka,900.0
,Expense,nagesh,cash,gilaka,250.0
,Expense,Other,cash,transfer,5000.0
,Income,mavayya garu,cash,received,500.0
,Expense,Other,cash,planner,200.0
,Expense,Other,qIDFC,ccbill,6662.0
,Expense,Other,HDFC,ccbill,10049.0
,Income,eshwari,HDFC,received,1800.0
,Expense,Other,HDFC,tiffin,110.0
,Expense,Other,HDFC,milk,60.0
,Expense,mavayya garu,HDFC,train,400.0
,Income,akka,HDFC,received,3600.0
,Income,Other,HDFC,cb,12.0
,Expense,Other,nCChdfc,gas,844.0
,Expense,Other,iAxis,kirana,1045.0
,Expense,Other,iAxis,vegetables,210.0
,Expense,srinu,cash,watering,300.0
,Expense,srinu,cash,kankara,300.0
,Expense,Other,cash,kankara,100.0
,Expense,Other,HDFC,kankara,43500.0
,Expense,Other,HDFC,sand,14000.0
,Expense,Other,cash,sand,200.0
,Expense,Other,cash,bricks,400.0
,Expense,Other,HDFC,bricks,34000.0
,Expense,Other,nCChdfc,current bill,304.0
,Expense,Other,nCChdfc,current bill,92.0
,Expense,Other,nCChdfc,vegetables,265.0
,Expense,Other,nCChdfc,kirana,565.0
,Expense,Other,nCChdfc,petrol,220.0
,Income,Other,ICICIcc,bill,8739.0
,Expense,Other,HDFC,milk,100.0
,Expense,Other,HDFC,kirana,2155.0
,Expense,Other,HDFC,thowdu,1200.0
,Income,Other,HDFC,utaru,17913.0
,Income,Other,HDFC,utaru,9312.0
,Income,Other,HDFC,utaru,11865.0
,Income,Other,HDFC,utaru,15012.0
,Income,Other,HDFC,utaru,2263.0
,Expense,Other,HDFC,transfer,10000.0
,Income,saroj,HDFC,loan,200075.0
,Expense,Other,SBIcc,medicines,1644.0
,Expense,Other,ICICIcc,amazon,869.0
,Income,Other,union,int,771.0
,Expense,Other,cash,misc,700.0
,Expense,Other,HDFC,milk,70.0
,Expense,ayyappa,HDFC,centering,50000.0
,Expense,mavayya garu,HDFC,permit,300.0
,Expense,Other,HDFC,ccbill,1695.0
,Expense,Other,HDFC,milk,70.0
,Income,Other,HDFC,cb,12.0
,Expense,Other,nCChdfc,petrol,520.0
,Income,Other,FAxisCC,bill,1853.0
,Expense,srinu,cash,matti,2100.0
,Expense,Other,cash,tiffin,200.0
,Income,Other,HDFC,cb,30.0
,Expense,Other,HDFC,chetak,100.0
,Expense,Other,HDFC,jcb,210.0
,Expense,Other,HDFC,milk,70.0
,Expense,Other,HDFC,ccbill,68208.0
,Expense,Other,cash,misc,200.0
,Income,Other,kotak,div,2.0
,Expense,Other,HDFC,clothes,3500.0
,Expense,Other,HDFC,milk,70.0
,Income,Other,LICICI,commission,2466.0
,Expense,Other,SBIcc,victory bazaar,208.0
,Expense,nagesh,SBIcc,recharge,200.0
,Expense,srinu,cash,gilaka,600.0
,Expense,Other,SBIcc,current bill,1814.0
,Expense,Other,SBIcc,current bill,155.0
,Income,Other,Navi,bill,16711.0
,Expense,srinu,cash,gilaka,600.0
,Expense,srinu,cash,watering,300.0
,Expense,Other,HDFC,wire,200.0
,Expense,Other,HDFC,jcb,5000.0
,Expense,ayyappa,HDFC,stairs,10000.0
,Expense,Other,SBIcc,kirana,1690.0
,Income,Other,LICICI,commission,285.0
,Income,saroj,HDFC,loan,100023.0
,Expense,Other,HDFC,milk,70.0
,Expense,Other,HDFC,amazon,386.0
,Expense,Other,nCChdfc,petrol,300.0
,Expense,Other,cash,leo,200.0
,Expense,Other,cash,misc,100.0
,Expense,Other,FAxisCC,chetak,1919.0
,Expense,Other,HDFC,milk,100.0
,Expense,Other,HDFC,iron,163500.0
,Expense,srinu,cash,barakam,300.0
,Expense,Other,nCChdfc,tatasky,200.0
,Expense,Other,cash,prawns,300.0
,Expense,Other,HDFC,milk,170.0
,Expense,Other,HDFC,wiring,3060.0
,Expense,ayyappa,HDFC,iron,20000.0
,Expense,Other,iAxis,vegetables,390.0
,Expense,Other,iAxis,disposals,236.0
,Income,Other,iAxis,bill,96649.0
,Expense,Other,SBIcc,reliance,350.0
,Expense,Other,cash,palli,100.0
,Expense,Other,HDFC,fish,900.0
,Expense,Other,cash,fish,100.0
,Expense,Other,HDFC,petrol,350.0
,Expense,Other,HDFC,medicines,60.0
,Expense,Other,HDFC,slab,62000.0
,Expense,Other,cash,banta,700.0
,Expense,Other,cash,centering,500.0
,Expense,srinu,cash,slab,600.0
,Expense,Other,cash,geda,200.0
,Expense,Other,HDFC,cement,800.0
,Income,Other,union,int,1194.0
,Expense,Other,iAxis,rent,30.0
,Expense,Other,HDFC,milk,70.0
,Expense,Other,HDFC,cement,45000.0
,Expense,Other,HDFC,electrician,1000.0
,Expense,Other,HDFC,tiffin,400.0
,Expense,Other,HDFC,food,140.0
,Expense,Other,cash,ksn,1000.0
,Expense,Other,HDFC,milk,160.0
,Expense,Other,HDFC,rice,1800.0
,Income,Other,Jloan,bill,7928.0
,Expense,Other,iAxis,food,180.0
,Expense,Other,cash,misc,300.0
,Income,Other,union,int,288.0
,Income,Other,kotak,zerodha,60000.0
,Expense,Other,HDFC,ccbill,8959.0
,Expense,Other,HDFC,ccbill,8739.0
,Expense,Other,qIDFC,ccbill,9943.0
,Expense,Other,HDFC,ccbill,6768.0
,Income,Other,HDFC,cb,30.0
,Expense,srinu,cash,mandhu,150.0
,Expense,srinu,cash,mandhu,150.0
,Expense,Other,HDFC,petrol,60.0
,Expense,ksn,HDFC,train,812.0
,Expense,Other,HDFC,mandhu,1000.0
,Expense,Other,HDFC,mandhu,250.0
,Expense,Other,HDFC,mandhu,250.0
,Expense,Other,HDFC,rent,60.0
,Expense,Other,HDFC,milk,175.0
,Expense,srinu,cash,mandhu,150.0
,Expense,srinu,cash,mandhu,150.0
,Expense,Other,HDFC,kirana,170.0
,Expense,Other,iAxis,vegetables,355.0
,Expense,Other,iAxis,snacks,260.0
,Expense,Other,iAxis,ghee,350.0
,Income,Other,FAxisCC,cb,16.0
,Income,Other,ICICIcc,bill,869.0
,Expense,Other,HDFC,milk,105.0
,Expense,Other,Axisneo,blinkit,821.0
,Expense,Other,cash,transfer,200.0
,Income,Other,cash,received,5000.0
,Expense,Other,cash,medicines,300.0
,Expense,Other,SBIcc,ghee,350.0
,Expense,Other,SBIcc,vegetables,220.0
,Expense,Other,SBIcc,recharge,195.0
,Expense,Other,HDFC,current bill,75.0
,Expense,Other,HDFC,current bill,474.0
,Expense,Other,ICICIcc,amazon,427.0
,Expense,Other,Abank,ccbill,4697.0
,Expense,Other,union,ccbill,3231.0
,Expense,Other,HDFC,aditya,300.0
,Expense,Other,HDFC,milk,100.0
,Expense,Other,HDFC,kirana,100.0
,Expense,Other,HDFC,pureit,2477.0
,Expense,Other,ICICIcc,amazon,3820.0
,Income,Other,Navi,bill,16711.0
,Expense,Other,HDFC,milk,135.0
,Expense,Other,HDFC,ccbill,170.0
,Income,Other,cash,received,2500.0
,Expense,Other,HDFC,ccbill,11660.0
,Income,Other,HDFC,cb,13.0
,Income,mavayya garu,HDFC,received,500.0
,Income,Other,FAxisCC,bill,11346.0
,Expense,Other,HDFC,current bill,172.0
,Expense,Other,HDFC,current bill,2623.0
,Expense,Other,HDFC,milk,100.0
,Expense,Other,nCChdfc,tatasky,200.0
,Income,Other,LICICI,commission,697.0
,Expense,Other,HDFC,milk,110.0
,Expense,Other,SBIcc,food,180.0
,Expense,Other,SBIcc,drink,100.0
,Expense,Other,SBIcc,xerox,270.0
,Expense,Other,HDFC,milk,105.0
,Expense,Other,SBIcc,recharge,197.0
,Expense,Other,cash,leo,1200.0
,Expense,Other,HDFC,milk,105.0
,Expense,Other,FAxisCC,chetak,1771.0
,Expense,Other,SBIcc,medicines,1133.0
,Expense,Other,SBIcc,reliance,304.0
,Expense,Other,HDFC,milk,110.0
,Expense,Other,HDFC,cake,200.0
,Expense,Other,HDFC,milk,106.0
,Expense,Other,SBIcc,cashew,850.0
,Expense,Other,union,charges,11.0
,Expense,Other,cash,misc,400.0
,Income,Other,iAxis,bill,1801.0
,Expense,Other,HDFC,milk,70.0
,Expense,Other,iAxis,vegetables,210.0
,Expense,Other,iAxis,kirana,1710.0
,Expense,Other,iAxis,medicines,26.0
,Expense,ksn,iAxis,train,132.0
,Expense,Other,iAxis,xerox,15.0
,Income,Other,CChdfc,bill,5400.0
,Income,Other,Jloan,bill,7928.0
,Income,Other,LICICI,commission,9489.0
,Expense,Other,iAxis,obmms,230.0
,Expense,Other,HDFC,misc,10.0
,Expense,Other,HDFC,misc,100.0
,Expense,Other,HDFC,ccbill,869.0
,Expense,Other,HDFC,petrol,200.0
,Expense,Other,HDFC,milk,105.0
,Expense,Other,HDFC,ccbill,8268.0
,Expense,srinu,iAxis,recharge,200.0
,Expense,srinu,cash,watering,200.0
,Expense,raja bava,HDFC,petrol,1000.0
,Expense,raja bava,nCChdfc,petrol,2200.0
,Expense,Other,iAxis,banana,100.0
,Expense,Other,iAxis,kirana,350.0
,Expense,Other,iAxis,vegetables,200.0
,Expense,Other,iAxis,ghee,350.0
,Expense,raja bava,cash,food,300.0
,Expense,Other,HDFC,ccbill,7328.0
,Expense,Other,qIDFC,ccbill,9383.0
,Expense,raja bava,HDFC,transfer,5000.0
,Expense,Other,HDFC,food,192.0
,Expense,raja bava,iAxis,food,100.0
,Expense,raja bava,nCChdfc,petrol,2000.0
,Income,Other,HDFC,int,35.0
,Income,Other,LICICI,commission,307.0
,Expense,Other,iAxis,gas,834.0
,Expense,Other,nCChdfc,tatasky,200.0
,Expense,Other,iAxis,transfer,220.0
,Expense,nagesh,iAxis,sundrirect,300.0
,Expense,Other,HDFC,milk,70.0
,Expense,Other,HDFC,paste,160.0
,Income,Other,HDFC,int,421.0
,Expense,Other,CChdfc,bigbasket,1128.0
,Expense,Other,iAxis,snacks,300.0
,Expense,Other,iAxis,tiffin,100.0
,Expense,Other,cash,utaru,1900.0
,Expense,srinu,cash,utaru,300.0
,Expense,nagesh,cash,utaru,250.0
,Income,Other,HDFC,int,8.0
,Income,Other,HDFC,cb,14.0
,Income,Other,union,int,139.0
,Income,Other,HDFC,received,1400.0
,Expense,Other,cash,doctor,200.0
,Expense,Other,cash,misc,200.0
,Expense,Other,cash,misc,1400.0
,Income,Other,HDFC,received,11000.0
,Expense,Other,HDFC,vegetables,3070.0
,Income,Other,ICICIcc,bill,4247.0
,Expense,Other,Ricici,cake,3000.0
,Expense,Other,ICICIcc,amazon,1907.0
,Income,Other,Axisneo,bill,821.0
,Income,Other,cash,received,3400.0
,Income,Other,HDFC,received,11100.0
,Expense,Other,HDFC,registration,17000.0
,Income,Other,Navi,bill,16711.0
,Income,Other,FAxisCC,bill,11339.0
,Expense,Other,HDFC,milk,70.0
,Expense,Other,HDFC,ccbill,98365.0
,Expense,Other,HDFC,current bill,475.0
,Expense,Other,HDFC,current bill,662.0
,Expense,Other,HDFC,transfer,200.0
,Expense,Other,HDFC,ration,80.0
,Expense,Other,FAxisCC,medicines,1717.0
,Expense,Other,Ricici,vegetables,260.0
,Income,Other,HDFC,received,2500.0
,Income,Other,cash,received,500.0
,Expense,Other,HDFC,transfer,200.0
,Expense,Other,HDFC,tractor,1700.0
,Expense,Other,HDFC,tax,2755.0
,Expense,Other,HDFC,rice,1750.0
,Expense,Other,HDFC,recharge,350.0
,Expense,ksn,Ricici,recharge,799.0
,Expense,Other,HDFC,sand,13500.0
,Expense,Other,cash,sand,200.0
,Expense,Other,nCChdfc,petrol,500.0
,Expense,akka,Axisneo,blinkit,1495.0
,Expense,Other,HDFC,ccbill,4247.0
,Expense,Other,ICICIcc,amazon,10750.0
,Expense,srinu,cash,barakam,300.0
,Expense,Other,cash,transfer,5000.0
,Expense,Other,cash,misc,200.0
,Expense,Other,HDFC,milk,100.0
,Income,Other,HDFC,cb,14.0
,Expense,Other,nCChdfc,vegetables,279.0
,Expense,Other,Ricici,milk,35.0
,Expense,Other,FAxisCC,chetak,1621.0
,Expense,Other,rblcc,charges,1179.0
,Income,Other,rblcc,refund,1179.0
,Income,Other,HDFC,train,13.0
,Expense,Other,HDFC,bricks,14200.0
,Expense,Other,cash,bricks,200.0
,Expense,Other,HDFC,nanamma,300.0
,Expense,Other,nCChdfc,milk,35.0
,Expense,Other,HDFC,pipe,582.0
,Expense,Other,HDFC,current bill,216.0
,Income,Other,LICICI,commission,5121.0
,Income,Other,iAxis,bill,5728.0
,Expense,Other,cash,drink,100.0
,Expense,Other,iAxis,drink,425.0
,Expense,Other,iAxis,current bill,5380.0
,Expense,Other,iAxis,vegetables,40.0
,Expense,Other,iAxis,mutton,550.0
,Income,Other,cash,received,2000.0
,Expense,Other,HDFC,transfer,2000.0
,Expense,ayyappa,HDFC,goda,32000.0
,Expense,Other,HDFC,tirumala,1500.0
,Expense,Other,nCChdfc,petrol,900.0
,Income,Other,CChdfc,bill,1128.0
,Income,Other,Jloan,bill,7928.0
,Expense,Other,HDFC,petrol,1100.0
,Expense,Other,HDFC,transfer,300.0
,Expense,mavayya garu,HDFC,permit,300.0
,Expense,Other,HDFC,ccbill,821.0
,Expense,Other,HDFC,ccbill,8035.0
,Expense,Other,HDFC,chicken,280.0
,Expense,Other,iAxis,vegetables,125.0
,Income,Other,SBIcc,cb,1.0
,Income,Other,HDFC,cb,113.0
,Expense,Other,cash,misc,300.0
,Expense,Other,qIDFC,ccbill,9769.0
,Expense,Other,HDFC,ccbill,6942.0
,Expense,Other,iAxis,kirana,130.0
,Expense,mavayya garu,HDFC,permit,300.0
,Expense,Other,HDFC,misc,10.0
,Expense,Other,iAxis,recharge,200.0
,Income,Other,HDFC,thullu,8300.0
,Expense,Other,HDFC,vala,4700.0
,Expense,Other,cash,vala,500.0
,Expense,Other,iAxis,transfer,1500.0
,Income,Other,cash,goraka,2000.0
,Expense,Other,HDFC,kata,200.0
,Expense,Other,Abank,ccbill,4803.0
,Expense,Other,union,ccbill,3125.0
,Expense,Other,HDFC,current bill,765.0
,Expense,Other,HDFC,current bill,166.0
,Expense,Other,HDFC,shoe,60.0
,Expense,ksn,nCChdfc,train,427.0
,Expense,Other,ICICIcc,amazon,1187.0
,Income,Other,ICICIcc,bill,13450.0
,Expense,Other,SBIcc,kirana,450.0
,Expense,Other,HDFC,milk,105.0
,Expense,nagesh,SBIcc,sundrirect,300.0
,Expense,Other,SBIcc,transfer,1500.0
,Expense,Other,SBIcc,train,800.0
,Expense,Other,SBIcc,vegetables,40.0
,Income,Other,Navi,bill,16711.0
,Expense,Other,HDFC,misc,100.0
,Income,Other,LICICI,commission,1562.0
,Income,Other,HDFC,cb,6.0
,Income,Other,FAxisCC,bill,13033.0
,Expense,Other,SBIcc,snacks,200.0
,Expense,Other,SBIcc,chicken,280.0
,Expense,jcb,HDFC,matti,8000.0
,Expense,Other,HDFC,ccbill,5541.0
,Expense,Other,HDFC,ccbill,4144.0
,Income,mavayya garu,HDFC,4,2000.0
,Expense,mavayya garu,HDFC,permit,300.0
,Expense,mavayya garu,HDFC,permit,300.0
,Expense,Other,FAxisCC,chetak,1468.0
,Expense,Other,iAxis,kirana,1525.0
,Expense,Other,iAxis,vegetables,280.0
,Expense,Other,iAxis,fish,800.0
,Expense,sai bava,SBIcc,train,1650.0
,Income,Other,iAxis,bill,11446.0
,Expense,Other,iAxis,ghee,1350.0
,Expense,Other,HDFC,food,40.0
,Expense,Other,HDFC,meeseva,50.0
,Expense,Other,HDFC,victory bazaar,285.0
,Expense,Other,HDFC,milk,105.0
,Expense,Other,iAxis,snacks,175.0
,Expense,Other,iAxis,medicines,1885.0
,Expense,Other,iAxis,current bill,7273.0
,Expense,Other,kotak,transfer,107112.0
,Expense,Other,HDFC,current bill,99.0
,Income,Other,kotak,zerodha,10044.0
,Income,Other,kotak,AF,5243.0
,Income,Other,Jloan,bill,7928.0
,Expense,Other,kotak,transfer,235666.0
,Expense,Other,HDFC,ccbill,13450.0
,Expense,Other,HDFC,ccbill,1495.0
,Expense,Other,HDFC,ccbill,3557.0
,Expense,Other,iAxis,transfer,21500.0
,Expense,Other,HDFC,charges,295.0
,Expense,Other,HDFC,milk,75.0
,Expense,Other,iAxis,medicines,130.0
,Expense,Other,iAxis,sweets,50.0
,Expense,Other,iAxis,apollo,825.0
,Expense,Other,qIDFC,ccbill,9699.0
,Expense,Other,HDFC,ccbill,7012.0
,Expense,Other,iAxis,recharge,447.0
,Expense,Other,HDFC,milk,110.0
,Expense,Other,iAxis,medicines,200.0
,Expense,Other,cash,doctor,200.0
,Expense,Other,nCChdfc,kirana,140.0
,Expense,nagesh,nCChdfc,sundrirect,300.0
,Expense,srinu,cash,utaru,300.0
,Expense,nagesh,cash,utaru,250.0
,Expense,subramanyam,cash,utaru,2200.0
,Expense,subramanyam,cash,utaru,950.0
,Expense,Other,HDFC,tea,10.0
,Expense,Other,HDFC,gate,1200.0
,Expense,srinu,cash,utaru,600.0
,Expense,nagesh,cash,utaru,500.0
,Expense,subramanyam,cash,utaru,950.0
,Expense,subramanyam,cash,utaru,950.0
,Expense,subramanyam,cash,utaru,200.0
,Expense,Other,CChdfc,adj,16.0
,Expense,ksn,nCChdfc,train,477.0
,Expense,Other,nCChdfc,tiffin,20.0
,Expense,Other,ICICIcc,amazon,1314.0
,Income,Other,ICICIcc,bill,1187.0
,Income,Other,FAxisCC,cb,18.0
,Expense,nagesh,cash,utaru,250.0
,Expense,Other,cash,cheruvu,1000.0
,Expense,nagesh,cash,utaru,300.0
,Expense,Other,SBIcc,transfer,11500.0
,Expense,Other,HDFC,charges,235.0
,Expense,Other,HDFC,transfer,7000.0
,Expense,Other,HDFC,registration,3500.0
,Expense,Other,HDFC,current bill,203.0
,Expense,Other,HDFC,current bill,900.0
,Expense,Other,HDFC,wire,30.0
,Income,Other,FAxisCC,bill,11276.0
,Expense,Other,HDFC,ccbill,2095.0
,Income,Other,HDFC,cb,17.0
,Expense,Other,HDFC,registration,1050.0
,Expense,Other,HDFC,milk,70.0
,Expense,Other,HDFC,ccbill,6021.0
,Income,Other,HDFC,cb,7.0
,Expense,Other,ICICIcc,kirana,890.0
,Expense,Other,ICICIcc,vegetables,225.0
,Expense,Other,SBIcc,kirana,460.0
,Expense,Other,cash,ammaji,400.0
,Expense,Other,cash,doctor,200.0
,Expense,Other,cash,misc,700.0
,Expense,Other,HDFC,milk,130.0
,Expense,Other,Ricici,medicines,140.0
,Expense,Other,ICICIcc,amazon,1161.0
,Expense,Other,FAxisCC,chetak,1313.0
,Expense,Other,HDFC,current bill,195.0
,Expense,Other,iAxis,bus,725.0
,Income,Other,iAxis,bill,36440.0
,Expense,Other,iAxis,current bill,6149.0
,Expense,Other,HDFC,milk,105.0
,Expense,Other,iAxis,milk,115.0
,Income,Other,Jloan,bill,7928.0
,Expense,Other,nCChdfc,petrol,550.0
,Expense,Other,iAxis,recharge,189.0
,Income,Other,HDFC,utaru,33634.0
,Income,Other,HDFC,utaru,11218.0
,Income,Other,HDFC,utaru,17762.0
,Income,Other,HDFC,utaru,23624.0
,Income,Other,HDFC,ammaji,7262.0
,Expense,Other,HDFC,ammaji,5000.0
,Expense,ramarao,HDFC,tractor,1000.0
,Expense,ramarao,HDFC,tractor,600.0
,Expense,Other,iAxis,medicines,1694.0
,Expense,Other,HDFC,transfer,25000.0
,Expense,Other,HDFC,ccbill,7022.0
,Expense,Other,HDFC,ccbill,1187.0
,Expense,Other,qIDFC,ccbill,9699.0
,Expense,Other,HDFC,ccbill,7012.0
,Income,Other,HDFC,cb,17.0
,Expense,Other,iAxis,vegetables,415.0
,Expense,srinu,iAxis,recharge,200.0
,Expense,Other,iAxis,reliance,216.0
,Expense,Other,iAxis,recharge,200.0
,Expense,Other,SBIcc,victory bazaar,217.0
,Expense,Other,iAxis,snacks,220.0
,Expense,Other,iAxis,kirana,830.0
,Expense,nagesh,iAxis,sundrirect,300.0
,Income,Other,HDFC,cb,6.0
,Expense,Other,HDFC,transfer,16400.0
,Expense,Other,cash,misc,200.0
,Expense,Other,iAxis,recharge,200.0
,Income,Other,kotak,int,89.0
,Expense,srinu,cash,aakulu,600.0
,Expense,nagesh,cash,aakulu,500.0
,Expense,Other,HDFC,transfer,500.0
,Expense,Other,Abank,ccbill,4911.0
,Expense,Other,Union,ccbill,3017.0
,Expense,Other,nCChdfc,petrol,380.0
,Expense,akka,Axisneo,tab,15258.0
,Expense,Other,SBIcc,vegetables,170.0
,Expense,nagesh,cash,dokka,500.0
,Expense,srinu,cash,aakulu,600.0
,Expense,Other,HDFC,milk,70.0
,Income,ksn,cash,received,1100.0
,Expense,srinu,cash,aakulu,600.0
,Expense,srinu,cash,aakulu,850.0
,Expense,Other,HDFC,tea,20.0
,Expense,Other,ICICIcc,amazon,1884.0
,Expense,Other,SBIcc,tiffin,100.0
,Expense,Other,SBIcc,drink,67.0
,Income,Other,cash,punasa,1500.0
,Expense,Other,SBIcc,kirana,980.0
,Expense,Other,SBIcc,xerox,220.0
,Expense,sai bava,SBIcc,train,5050.0
,Expense,Other,HDFC,tea,30.0
,Expense,Other,HDFC,current bill,65.0
,Expense,Other,HDFC,transfer,1000.0
,Expense,Other,nCChdfc,petrol,400.0
,Expense,Other,FAxisCC,current bill,871.0
,Income,Other,FAxisCC,bill,11269.0
,Expense,Other,SBIcc,tiffin,100.0
,Expense,akka,SBIcc,ganugu,380.0
,Expense,Other,cash,nagali,2800.0
,Expense,srinu,cash,nagali,300.0
,Income,Other,Navi,bill,16711.0
,Expense,Other,cash,banana,100.0
,Expense,Other,HDFC,milk,70.0
,Expense,Other,HDFC,battery,250.0
,Expense,Other,FAxisCC,sprayer,5770.0
,Expense,Other,SBIcc,transfer,2000.0
,Expense,Other,cash,utaru,500.0
,Income,Other,Ricici,bill,4431.0
,Expense,Other,FAxisCC,transfer,30000.0
,Expense,Other,FAxisCC,charges,675.0
,Expense,Other,HDFC,ccbill,22968.0
,Expense,Other,HDFC,food,27.0
,Expense,Other,HDFC,chetak,1826.0
,Expense,Other,Ricici,gas,895.0
,Expense,Other,Ricici,insurance,2259.0
,Expense,Other,FAxisCC,myntra,5461.0
,Expense,Other,SBIcc,dmart,780.0
,Expense,Other,HDFC,milk,100.0
,Expense,Other,Ricici,food,70.0
,Expense,Other,FAxisCC,chetak,1156.0
,Expense,Other,HDFC,license,600.0
,Expense,Other,HDFC,transfer,200.0
,Expense,Other,Ricici,vegetables,300.0
,Expense,Other,Ricici,kirana,665.0
,Expense,Other,Ricici,tools,290.0
,Expense,Other,HDFC,aditya,1135.0
,Expense,Other,HDFC,milk,70.0
,Income,Other,CChdfc,bill,25422.0
,Expense,Other,nCChdfc,tatasky,200.0
,Income,Other,iAxis,bill,12547.0
,Expense,Other,iAxis,prawns,1400.0
,Expense,Other,iAxis,train,450.0
,Income,Other,Jloan,bill,7928.0
,Expense,ramarao,HDFC,dhukku,2000.0
,Expense,Other,HDFC,clothes,1550.0
,Expense,Other,CChdfc,medicines,942.0
,Expense,sai bava,iAxis,train,2350.0
,Expense,sai bava,iAxis,train,910.0
,Expense,Other,iAxis,aditya,45.0
,Expense,Other,iAxis,medicines,25.0
,Expense,ksn,iAxis,train,437.0
,Expense,Other,CChdfc,transfer,25000.0
,Expense,Other,CChdfc,charges,623.0
,Expense,Other,CChdfc,current bill,297.0
,Expense,Other,CChdfc,current bill,5240.0
,Expense,Other,iAxis,transfer,1500.0
,Expense,Other,cash,auto,300.0
,Expense,Other,HDFC,milk,50.0
,Expense,lsrinu,HDFC,sarivi,1000.0
,Expense,sai bava,CChdfc,train,630.0
,Expense,Other,HDFC,ccbill,13180.0
,Expense,Other,HDFC,ccbill,2475.0
,Expense,Other,HDFC,milk,100.0
,Expense,Other,HDFC,snacks,60.0
,Expense,lsrinu,HDFC,sarivi,2000.0
,Expense,Other,HDFC,naaru,1650.0
,Expense,Other,HDFC,hardware,120.0
,Income,Other,HDFC,cb,76.0
,Expense,Other,iAxis,transfer,30000.0
,Expense,Other,iAxis,charges,675.0
,Expense,Other,HDFC,ccbill,16711.0
,Expense,Other,HDFC,food,500.0
,Expense,Other,iAxis,food,480.0
,Expense,Other,SBIcc,bigbasket,1806.0
,Expense,Other,HDFC,naaru,2200.0
,Expense,Other,HDFC,sarivi,4000.0
,Expense,Other,HDFC,wash,100.0
,Expense,Other,HDFC,food,105.0
,Expense,akka,iAxis,recharge,33.0
,Expense,Other,iAxis,drink,110.0
,Expense,Other,iAxis,food,160.0
,Expense,akka,HDFC,diapers,113.0
,Expense,Other,HDFC,milk,70.0
,Income,Other,HDFC,cb,21.0
,Expense,Other,iAxis,cake,80.0
,Expense,ramu,iAxis,sundrirect,315.0
,Expense,Other,iAxis,snacks,100.0
,Expense,Other,iAxis,recharge,200.0
,Expense,akka,iAxis,diapers,621.0
,Expense,Other,iAxis,banana,100.0
,Expense,Other,HDFC,milk,70.0
,Expense,Other,nCChdfc,petrol,1499.0
,Income,Other,Axisneo,bill,15258.0
,Expense,Other,SBIcc,transfer,2000.0
,Expense,Other,HDFC,milk,100.0
,Income,Other,HDFC,gold,750.0
,Expense,Other,SBIcc,kirana,110.0
,Expense,Other,HDFC,current bill,106.0
,Income,Other,FAxisCC,bill,54022.0
,Expense,Other,FAxisCC,int,362.0
,Expense,Other,FAxisCC,current bill,815.0
,Income,Other,HDFC,int,700.0
,Income,akka,cash,received,10000.0
,Income,saroj,cash,received,16000.0
,Expense,Other,HDFC,vegetables,225.0
,Expense,Other,HDFC,ccbill,10290.0
,Income,Other,LICICI,commission,1063.0
,Income,Other,ICICIcc,bill,2993.0
,Expense,Other,ICICIcc,amazon,1334.0
,Expense,Other,SBIcc,kirana,2115.0
,Expense,Other,cash,misc,400.0
,Expense,Other,nCChdfc,petrol,220.0
,Income,Other,cash,received,2500.0
,Expense,Other,HDFC,rusk,90.0
,Expense,Other,ICICIcc,amazon,1401.0
,Income,Other,Ricici,bill,4478.0
,Expense,Other,Ricici,kirana,165.0
,Expense,Other,Ricici,recharge,500.0
,Expense,Other,FAxisCC,chetak,998.0
,Expense,Other,HDFC,milk,100.0
,Expense,Other,HDFC,clothes,590.0
,Expense,Other,HDFC,screws,57.0
,Expense,Other,Ricici,medicines,217.0
,Expense,Other,Ricici,food,150.0
,Expense,nagesh,Ricici,sundrirect,282.0
,Income,Other,iAxis,bill,41310.0
,Expense,Other,iAxis,int,362.0
,Income,Other,HDFC,cb,25.0
,Income,Other,navi,bill,16711.0
,Expense,Other,cash,transfer,13000.0
,Expense,Other,HDFC,meeseva,100.0
,Expense,Other,HDFC,recharge,39.0
,Expense,Other,HDFC,milk,100.0
,Expense,Other,HDFC,meeseva,300.0
,Expense,Other,HDFC,transfer,1000.0
,Income,Other,CChdfc,bill,32727.0
,Income,Other,jloan,bill,7927.0
,Expense,Other,HDFC,milk,70.0
,Expense,Other,HDFC,photos,200.0
,Expense,Other,HDFC,milk,70.0
,Expense,Other,HDFC,bond,3000.0
,Expense,Other,CChdfc,charges,300.0
,Expense,Other,iAxis,xerox,160.0
,Expense,Other,SBIcc,victory bazaar,646.0
,Expense,nagesh,cash,utaru,250.0
,Expense,srinu,cash,utaru,300.0
,Expense,msrinu,cash,utaru,900.0
,Expense,ramarao,HDFC,dhukku,1000.0
,Expense,ramarao,HDFC,dhukku,1000.0
,Expense,Other,HDFC,chavithi,490.0
,Expense,Other,HDFC,naaru,1100.0
,Expense,Other,iAxis,kirana,150.0
,Expense,Other,iAxis,vegetables,375.0
,Expense,Other,iAxis,chavithi,160.0
,Expense,Other,iAxis,clothes,300.0
,Expense,Other,iAxis,current bill,651.0
,Expense,Other,iAxis,current bill,6728.0
,Expense,Other,iAxis,tiffin,60.0
,Expense,nagesh,cash,srivi,250.0
,Expense,srinu,cash,srivi,600.0
,Expense,Other,HDFC,milk,160.0
,Expense,nagesh,HDFC,petrol,100.0
,Expense,Other,HDFC,cleaning,190.0
,Expense,Other,CChdfc,transfer,45000.0
,Expense,Other,CChdfc,charges,585.0
,Expense,Other,HDFC,ccbill,2993.0
,Expense,Other,HDFC,extra,7.0
,Expense,Other,HDFC,tiffin,50.0
,Expense,Other,ICICIcc,gas,1789.0
,Expense,Other,Ricici,food,30.0
,Expense,nagesh,cash,srivi,250.0
,Expense,srinu,cash,srivi,300.0
,Expense,Other,HDFC,ccbill,15258.0
,Expense,Other,qIDFC,ccbill,10192.0
,Expense,Other,HDFC,ccbill,6519.0
,Expense,Other,HDFC,naaru,650.0
,Expense,Other,HDFC,tiffin,60.0
,Expense,Other,HDFC,milk,100.0
,Expense,Other,cash,transfer,6500.0
,Expense,Other,HDFC,ccbill,12419.0
,Expense,Other,nCChdfc,petrol,220.0
,Expense,Other,iAxis,tatasky,195.0
,Expense,Other,iAxis,recharge,200.0
,Expense,Other,iAxis,drink,87.0
,Expense,nagesh,cash,srivi,250.0
,Expense,srinu,cash,srivi,300.0
,Expense,nagesh,cash,utaru,250.0
,Expense,srinu,cash,utaru,300.0
,Expense,msrinu,cash,utaru,900.0
,Expense,Other,HDFC,paste,150.0
,Expense,Other,HDFC,doctor,700.0
,Expense,Other,iAxis,paint,670.0
,Expense,Other,iAxis,medicines,420.0
,Expense,nagesh,cash,utaru,250.0
,Expense,srinu,cash,utaru,300.0
,Expense,msrinu,cash,utaru,900.0
,Expense,Other,HDFC,kirana,1374.0
,Expense,Other,HDFC,transfer,400.0
,Expense,srinu,HDFC,transfer,200.0
,Expense,Other,iAxis,transfer,2000.0
,Expense,ksn,iAxis,train,860.0
,Expense,srinu,cash,watering,300.0
,Expense,Other,HDFC,diapers,50.0
,Expense,Other,SBIcc,train,2172.0
,Expense,Other,SBIcc,mutton,700.0
,Expense,ammamma,HDFC,transfer,1000.0
,Expense,Other,HDFC,milk,70.0
,Expense,Other,HDFC,milk,115.0
,Expense,Other,HDFC,transfer,5000.0
,Income,Other,HDFC,cb,9.0
,Expense,Other,FAxisCC,current bill,749.0
,Expense,Other,FAxisCC,current bill,60.0
,Income,Other,navi,bill,16711.0
,Expense,Other,HDFC,opp house,2520.0
,Expense,Other,HDFC,milk,130.0
,Expense,Other,SBIcc,vegetables,50.0
,Income,Other,cash,received,1800.0
,Income,Other,FAxisCC,bill,11981.0
,Expense,Other,HDFC,rusk,90.0
,Expense,Other,nCChdfc,petrol,500.0
,Expense,Other,SBIcc,aditya,295.0
,Expense,Other,SBIcc,eggs,72.0
,Expense,Other,SBIcc,vegetables,170.0
,Expense,Other,SBIcc,train,1193.0
,Expense,Other,FAxisCC,transfer,9750.0
,Expense,Other,Axisneo,transfer,9750.0
,Expense,Other,HDFC,medicines,58.0
,Expense,Other,HDFC,victory bazaar,163.0
,Expense,Other,HDFC,milk,130.0
,Expense,Other,HDFC,petrol,300.0
,Expense,Other,HDFC,train,50.0
,Expense,Other,nCChdfc,petrol,200.0
,Expense,Other,cash,auto,900.0
,Income,Other,HDFC,int,700.0
,Expense,Other,HDFC,ccbill,23751.0
,Expense,Other,HDFC,clothes,260.0
,Expense,Other,HDFC,bed,1500.0
,Expense,Other,ICICIcc,gas,894.0
,Expense,Other,Ricici,gas,891.0
,Expense,Other,Ricici,current bill,210.0
,Expense,Other,Ricici,current bill,3056.0
,Expense,Other,FAxisCC,chetak,837.0
,Expense,Other,SBIcc,kirana,1157.0
,Expense,Other,cash,food,500.0
,Expense,Other,IDFCcc,transfer,9750.0
,Expense,Other,IDFCcc,charges,230.0
,Income,Other,Licici,commission,225.0
,Expense,Other,HDFC,clothes,300.0
,Expense,Other,iAxis,train,347.0
,Income,Other,IDFCcc,bill,9553.0
,Expense,Other,HDFC,ccbill,100.0
,Income,Other,iAxis,bill,13378.0
,Expense,Other,cash,misc,1000.0
,Expense,nagesh,iAxis,recharge,300.0
,Expense,Other,HDFC,milk,70.0
,Expense,Other,ICICIcc,amazon,4149.0
,Expense,Other,iAxis,eggs,70.0
,Income,Other,CChdfc,bill,46510.0
,Income,Other,jloan,bill,7927.0
,Expense,Other,HDFC,xerox,100.0
,Expense,Other,HDFC,gold loan,600.0
,Expense,Other,HDFC,milk,135.0
,Income,Other,HDFC,gold loan,390000.0
,Expense,Other,iAxis,movie,300.0
,Expense,Other,iAxis,sweets,240.0
,Expense,Other,SBIcc,geyser,6000.0
,Income,Other,SBIcc,train,670.0
,Income,Other,Union,dividend,3.0
,Expense,Other,FAxisCC,flikart,2026.0
,Expense,Other,iAxis,aditya,423.0
,Expense,Other,HDFC,milk,125.0
,Expense,Other,iAxis,vegetables,325.0
,Expense,Other,HDFC,kankara,44000.0
,Expense,Other,HDFC,ccbill,5186.0
,Expense,Other,HDFC,ccbill,5181.0
,Expense,Other,CChdfc,amazon,1183.0
,Expense,Other,cash,kankara,200.0
,Income,Other,HDFC,cb,22.0
,Expense,Other,qIDFC,ccbill,10565.0
,Expense,Other,HDFC,ccbill,6146.0
,Expense,Other,CChdfc,amazon,12050.0
,Expense,Other,iAxis,kirana,100.0
,Expense,Other,HDFC,tea,20.0
,Expense,Other,cash,transfer,500.0
,Expense,veeranna,HDFC,shutters,50000.0
,Expense,Other,HDFC,cement,900.0
,Expense,ramu,ICICIcc,recharge,315.0
,Expense,Other,iAxis,train,437.0
,Expense,Other,HDFC,milk,70.0
,Expense,Other,HDFC,oil,40.0
,Expense,Other,HDFC,cement,19200.0
,Expense,Other,HDFC,iron,37200.0
,Expense,Other,HDFC,disposals,210.0
,Expense,Other,iAxis,fish,237.0
,Income,Other,kotak,int,64.0
,Expense,Other,Abank,ccbill,5078.0
,Expense,Other,Union,ccbill,2850.0
,Expense,Other,SBIcc,milk,225.0
,Income,Other,Navi,bill,16711.0
,Expense,Other,HDFC,food,50.0
,Expense,ayyappa,HDFC,centering,30000.0
,Expense,Other,FAxisCC,current bill,51.0
,Income,Other,FAxisCC,bill,24011.0
,Expense,Other,Axisneo,current bill,819.0
,Income,Other,Axisneo,bill,9980.0
,Expense,Other,SBIcc,milk,190.0
,Income,Other,Licici,commission,227.0
,Expense,Other,HDFC,fan,40.0
,Expense,Other,SBIcc,milk,70.0
,Expense,Other,cash,carpenter,2200.0
,Income,Other,HDFC,cb,32.0
,Expense,Other,nCChdfc,tatasky,200.0
,Expense,Other,FAxisCC,transfer,32240.0
,Expense,Other,HDFC,rusk,130.0
,Income,Other,Ricici,bill,4157.0
,Expense,Other,Ricici,rice,1375.0
,Expense,Other,Ricici,flowers,100.0
,Expense,Other,Ricici,ghee,510.0
,Expense,Other,Ricici,vegetables,280.0
,Expense,Other,Ricici,fruits,150.0
,Expense,Other,HDFC,ccbill,6677.0
,Expense,Other,HDFC,food,50.0
,Expense,Other,HDFC,fruits,200.0
,Expense,Other,FAxisCC,chetak,675.0
,Income,Other,IDFCcc,bill,9981.0
,Expense,Other,kotak,zerodha,1800.0
,Expense,Other,HDFC,kirana,700.0
,Expense,Other,HDFC,transfer,6500.0
,Expense,Other,HDFC,wire,197.0
,Expense,ayyappa,HDFC,box,1000.0
,Expense,Other,HDFC,transfer,11500.0
,Expense,ayyappa,HDFC,basement,30000.0
,Expense,Other,Ricici,train,1167.0
,Expense,Other,Ricici,milk,100.0
,Expense,Other,Ricici,wire,300.0
,Income,Other,iAxis,bill,3118.0
,Expense,Other,cash,transfer,11500.0
,Expense,nagesh,cash,loan,10000.0
,Expense,Other,cash,puttaparthi,1500.0
,Expense,Other,cash,misc,1300.0
,Income,Other,HDFC,cb,7.0
,Income,Other,CChdfc,bill,13230.0
,Expense,Other,iAxis,current bill,229.0
,Expense,Other,iAxis,current bill,7377.0
,Income,Other,jloan,bill,7928.0
,Expense,Other,iAxis,milk,130.0
,Expense,Other,iAxis,train,862.0
,Expense,Other,iAxis,food,377.0
,Expense,Other,HDFC,wire,115.0
,Expense,Other,ICICIcc,amazon,1563.0
,Expense,Other,iAxis,sponge,100.0
,Expense,Other,HDFC,cement,1000.0
,Expense,Other,cash,cement,9000.0
,Expense,Other,cash,milk,1000.0
,Expense,Other,nCChdfc,petrol,450.0
,Expense,Other,iAxis,food,270.0
,Expense,Other,HDFC,tea,80.0
,Expense,Other,iAxis,milk,155.0
,Expense,Other,iAxis,aditya,591.0
,Expense,Other,iAxis,medicines,1570.0
,Expense,Other,HDFC,sand,13000.0
,Expense,Other,cash,beta,200.0
,Expense,Other,HDFC,ccbill,9980.0
,Expense,Other,HDFC,ccbill,5757.0
,Expense,Other,HDFC,ccbill,15595.0
,Expense,Other,qIDFC,ccbill,10565.0
,Expense,Other,HDFC,ccbill,6146.0
,Expense,Other,cash,transfer,95000.0
,Expense,Other,CChdfc,more,1384.0
,Expense,Other,iAxis,sundirect,315.0
,Expense,Other,iAxis,chicken,450.0
,Expense,Other,iAxis,medicines,84.0
,Expense,Other,SBIcc,victory bazaar,602.0
,Income,Other,HDFC,cb,11.0
,Expense,ayyappa,HDFC,plastering,23000.0
,Expense,Other,cash,vegetables,200.0
,Expense,Other,iAxis,milk,70.0
,Expense,Other,HDFC,transfer,500.0
,Expense,Other,iAxis,train,370.0
,Expense,Other,CChdfc,more,1506.0
,Expense,Other,iAxis,eggs,135.0
,Expense,Other,iAxis,food,90.0
,Income,Other,HDFC,int,77.0
,Expense,Other,iAxis,milk,155.0
,Income,Other,Navi,bill,16711.0
,Expense,Other,HDFC,kirana,120.0
,Expense,Other,HDFC,kirana,90.0
,Expense,Other,nCChdfc,petrol,1000.0
,Income,Other,cash,received,300.0
,Expense,Other,Axisneo,current bill,125.0
,Expense,Other,Axisneo,current bill,465.0
,Expense,Other,SBIcc,milk,200.0
,Expense,Other,SBIcc,hardware,510.0
,Expense,Other,SBIcc,loan,150.0
,Income,Other,HDFC,itr,3560.0
,Income,Other,CChdfc,cb,1405.0
,Expense,Other,SBIcc,kirana,310.0
,Expense,Other,SBIcc,milk,35.0
,Income,Other,HDFC,loan,390000.0
,Expense,ayyappa,HDFC,plastering,24000.0
,Expense,veeranna,HDFC,shutters,31000.0
,Income,Other,Licici,commission,1372.0
,Expense,Other,ICICIcc,amazon,1719.0
,Income,Other,FAxisCC,bill,43363.0
,Expense,Other,cash,pooja,600.0
,Income,Other,HDFC,int,1400.0
,Income,Other,Ricici,bill,3982.0
,Expense,Other,FAxisCC,medicines,2004.0
,Expense,Other,SBIcc,train,600.0
,Expense,Other,HDFC,ccbill,7206.0
,Expense,Other,HDFC,transfer,2000.0
,Expense,Other,SBIcc,train,449.0
,Expense,Other,FAxisCC,chetak,509.0
,Expense,Other,SBIcc,kirana,1206.0
,Expense,Other,HDFC,gummam,8420.0
,Expense,Other,HDFC,milk,105.0
,Expense,Other,HDFC,clothes,520.0
,Expense,Other,ICICIcc,amazon,1400.0
,Expense,Other,iAxis,vegetables,310.0
,Expense,Other,iAxis,kirana,175.0
,Income,Other,iAxis,bill,13328.0
,Expense,ayyappa,HDFC,plastering,30000.0
,Expense,ksn,iAxis,tatasky,200.0
,Expense,Other,iAxis,packing,60.0
,Expense,Other,iAxis,train,1300.0
,Income,Other,HDFC,cb,26.0
,Expense,Other,cash,misc,1200.0
,Income,Other,CChdfc,bill,1962.0
,Expense,Other,iAxis,current bill,4283.0
,Expense,Other,iAxis,current bill,154.0
,Income,Other,Jloan,bill,7929.0
,Expense,Other,HDFC,liquid,140.0
,Expense,Other,HDFC,transfer,5000.0
,Expense,Other,HDFC,disposals,570.0
,Expense,ayyappa,iAxis,tadika,1700.0
,Expense,Other,iAxis,disposals,150.0
,Income,Other,cash,received,700.0
,Expense,Other,HDFC,bricks,36900.0
,Income,Other,HDFC,div,2.0
,Expense,Other,HDFC,fruits,200.0
,Expense,Other,SBIcc,train,500.0
,Expense,Other,iAxis,kirana,160.0
,Expense,nagesh,iAxis,recharge,200.0
,Expense,Other,HDFC,liquid,160.0
,Expense,Other,HDFC,sponge,100.0
,Expense,Other,iAxis,train,317.0
,Expense,Other,cash,utaru,700.0
,Expense,Other,cash,utaru,700.0
,Expense,Other,HDFC,motor,425.0
,Expense,Other,HDFC,kirana,150.0
,Expense,Other,CChdfc,amazon,1239.0
,Expense,Other,ICICIcc,gas,894.0
,Expense,Other,ICICIcc,sundirect,315.0
,Expense,Other,iAxis,chicken,410.0
,Expense,Other,cash,utaru,700.0
,Expense,Other,cash,utaru,700.0
,Expense,Other,cash,milk,1000.0
,Expense,Other,HDFC,ccbill,4346.0
,Expense,Other,HDFC,ccbill,1563.0
,Expense,Other,HDFC,ccbill,819.0
,Expense,Other,qIDFC,ccbill,10535.0
,Expense,Other,HDFC,ccbill,6176.0
,Expense,Other,HDFC,tea,25.0
,Expense,ayyappa,HDFC,tank,30000.0
,Expense,Other,iAxis,vegetables,180.0
,Expense,Other,iAxis,fish,1900.0
,Expense,Other,iAxis,aditya,1320.0
,Expense,Other,cash,transfer,300.0
,Expense,Other,HDFC,misc,10.0
,Expense,Other,cash,misc,500.0
,Expense,Other,iAxis,sweets,160.0
,Expense,Other,Abank,ccbill,5192.0
,Expense,Other,Union,ccbill,2736.0
,Expense,Other,HDFC,adani,1501.0
,Expense,Other,HDFC,misc,50.0
,Expense,ayyappa,HDFC,brick work,20000.0
,Expense,Other,SBIcc,kirana,200.0
,Expense,Other,SBIcc,milk,430.0
,Expense,Other,hdfc,fee,399.0
,Expense,Other,nCChdfc,recharge,195.0
,Expense,Other,ICICIcc,current bill,534.0
,Expense,Other,ICICIcc,current bill,647.0
,Income,Other,FAxisCC,bill,12828.0
,Expense,Other,SBIcc,victory bazaar,292.0
,Expense,Other,HDFC,annavaram,2300.0
,Expense,Other,cash,annavaram,1300.0
,Income,Other,HDFC,received,3900.0
,Income,Other,Licici,commission,227.0
,Expense,Other,HDFC,chicken,350.0
,Expense,Other,HDFC,transfer,500.0
,Expense,Other,nCChdfc,petrol,400.0
,Expense,Other,SBIcc,slippers,170.0
,Expense,Other,SBIcc,milk,120.0
,Expense,Other,SBIcc,aditya,875.0
,Expense,Other,HDFC,hospital,400.0
,Expense,Other,SBIcc,dmart,2618.0
,Expense,Other,SBIcc,food,539.0
,Expense,Other,SBIcc,ghee,1180.0
,Expense,Other,SBIcc,medicines,150.0
,Expense,Other,HDFC,ccbill,10564.0
,Expense,Other,HDFC,food,140.0
,Expense,Other,nCChdfc,petrol,1000.0
,Income,Other,nCChdfc,refund,623.0
,Expense,Other,Ricici,food,370.0
,Expense,Other,Ricici,electrical,3800.0
,Expense,Other,Ricici,fruits,300.0
,Expense,Other,HDFC,sim,250.0
,Expense,Other,HDFC,plastering,30000.0
,Expense,Other,Ricici,vegetables,320.0
,Expense,Other,ICICIcc,jio phone,804.0
,Income,Other,HDFC,cb,43.0
,Income,Other,cash,received,400.0
,Expense,Other,hdfc,clothes,1200.0
,Expense,Other,FAxisCC,chetak,341.0
,Expense,Other,Ricici,milk,335.0
,Expense,Other,HDFC,sponge,545.0
,Income,Other,iAxis,bill,12718.0
,Expense,Other,iAxis,banner,300.0
,Expense,Other,iAxis,milk,210.0
,Expense,Other,iAxis,fish,2000.0
,Income,Other,CChdfc,bill,841.0
,Income,Other,Jloan,bill,7927.0
,Expense,Other,iAxis,electrical,500.0
,Expense,Other,iAxis,food,90.0
,Expense,Other,iAxis,current bill,2543.0
,Expense,Other,iAxis,current bill,184.0
,Expense,Other,HDFC,ammaji,1376.0
,Expense,Other,ICICIcc,amazon,1657.0
,Expense,Other,iAxis,medicines,1921.0
,Income,Other,navi,bill,16711.0
,Expense,Other,HDFC,misc,120.0
,Expense,Other,HDFC,kirana,1100.0
,Expense,Other,HDFC,transfer,3900.0
,Expense,Other,cash,manure,3500.0
,Expense,Other,HDFC,misc,72.0
,Expense,Other,iAxis,milk,290.0
,Expense,Other,HDFC,adani,3000.0
,Expense,Other,HDFC,food,500.0
,Expense,ayyappa,HDFC,plastering,32000.0
,Expense,Other,CChdfc,soch,5692.0
,Expense,Other,nCChdfc,petrol,500.0
,Expense,Other,cash,adani,1200.0
,Expense,Other,iAxis,tatasky,202.0
,Expense,Other,iAxis,recharge,800.0
,Expense,Other,HDFC,bricks,13000.0
,Expense,Other,HDFC,cement,17300.0
,Expense,Other,CChdfc,transfer,45000.0
,Expense,Other,CChdfc,charges,1125.0
,Expense,Other,ICICIcc,sundirect,315.0
,Expense,Other,HDFC,ccbill,6273.0
,Expense,Other,HDFC,ccbill,4626.0
,Expense,Other,HDFC,ccbill,590.0
,Expense,Other,HDFC,disposals,200.0
,Expense,Other,iAxis,train,283.0
,Expense,Other,iAxis,kirana,1745.0
,Expense,Other,iAxis,vegetables,320.0
,Expense,Other,iAxis,flowers,145.0
,Expense,Other,iAxis,medicines,192.0
,Expense,Other,qIDFC,ccbill,10903.0
,Expense,Other,HDFC,ccbill,5808.0
,Expense,Other,HDFC,bricks,16500.0
,Expense,Other,HDFC,rope,120.0
,Expense,Other,iAxis,milk,225.0
,Expense,Other,iAxis,transfer,800.0
,Expense,Other,iAxis,medicines,381.0
,Expense,Other,HDFC,auloan,1770.0
,Expense,Other,HDFC,transfer,4000.0
,Income,Other,Licici,commission,2260.0
,Expense,Other,HDFC,debit card,324.0
,Expense,Other,iAxis,xerox,60.0
,Expense,Other,HDFC,plumbing,120.0
,Expense,ayyappa,HDFC,walls,10000.0
,Income,Other,Licici,commission,227.0
,Expense,Other,cash,chicken,500.0
,Expense,Other,SBIcc,recharge,239.0
,Income,Other,FAxisCC,bill,11101.0
,Income,Other,Ricici,bill,5125.0
,Expense,Other,ICICIcc,current bill,513.0
,Expense,Other,ICICIcc,current bill,85.0
,Expense,Other,HDFC,food,205.0
,Expense,Other,HDFC,transfer,100.0
,Expense,Other,ICICIcc,amazon,2848.0
,Expense,Other,SBIcc,train,452.0
,Expense,Other,HDFC,ccbill,8696.0
,Expense,Other,SBIcc,milk,70.0
,Expense,Other,cash,watering,2000.0
,Income,Other,HDFC,received,16300.0
,Income,Other,cash,received,650.0
,Income,Other,HDFC,cb,12.0
,Expense,Other,HDFC,kirana,1460.0
,Expense,ksn,Ricici,recharge,123.0
,Expense,Other,FAxisCC,chetak,172.0
,Income,Other,Navi,bill,16711.0
,Expense,Other,SBIcc,vegetables,370.0
,Income,Other,cash,gold,150000.0
,Expense,Other,cash,transfer,48000.0
,Income,Other,HDFC,received,5900.0
,Expense,Other,cash,nela,4000.0
,Expense,Other,HDFC,pesticides,910.0
,Expense,Other,HDFC,food,70.0
,Income,Other,ICICIcc,refund,698.0
,Expense,Other,Ricici,food,300.0
,Expense,Other,HDFC,bricks,36000.0
,Expense,akka,HDFC,gold,3000.0
,Expense,Other,HDFC,service,1433.0
,Expense,Other,Ricici,bike,22.0
,Expense,Other,Ricici,milk,220.0
,Expense,Other,Ricici,kirana,100.0
,Income,Other,CChdfc,bill,60258.0
,Income,Other,jloan,bill,7928.0
,Expense,Other,Ricici,food,160.0
,Income,Other,iAxis,bill,14308.0
,Expense,Other,iAxis,passbook,170.0
,Expense,Other,iAxis,current bill,162.0
,Expense,ayyappa,HDFC,brickwork,24000.0
,Expense,Other,HDFC,food,60.0
,Expense,Other,iAxis,kirana,490.0
,Expense,Other,iAxis,iphone,72479.0
,Expense,Other,HDFC,pesticides,1000.0
,Expense,Other,CChdfc,amazon,2997.0
,Expense,akka,CChdfc,recharge,3600.0
,Expense,Other,iAxis,food,200.0
,Expense,Other,iAxis,vegetables,30.0
,Expense,Other,iAxis,fish,1150.0
,Expense,Other,cash,watering,1400.0
,Expense,Other,HDFC,ac,200.0
,Expense,Other,HDFC,cement,17350.0
,Expense,Other,HDFC,ac,800.0
,Expense,Other,nCChdfc,petrol,284.0
,Expense,Other,iAxis,rice,1420.0
,Expense,Other,HDFC,aditya,215.0
,Expense,Other,HDFC,baburao,5000.0
,Expense,Other,ICICIcc,recharge,199.0
,Expense,Other,iAxis,iphone,361.0
,Expense,Other,HDFC,ccbill,8013.0
,Expense,Other,HDFC,ccbill,7947.0
,Income,Other,cash,utaru,12561.0
,Income,Other,cash,utaru,8568.0
,Income,Other,cash,utaru,18894.0
,Income,Other,cash,utaru,22610.0
,Income,Other,cash,utaru,2367.0
,Expense,Other,CChdfc,recharge,200.0
,Expense,Other,ICICIcc,lic,2286.0
,Expense,Other,HDFC,pipe,520.0
,Expense,Other,cash,transfer,100000.0
,Expense,Other,qIDFC,ccbill,11069.0
,Expense,Other,HDFC,ccbill,5642.0
,Expense,Other,HDFC,tea,20.0
,Expense,Other,HDFC,beta,200.0
,Expense,ayyappa,HDFC,brickwork,30000.0
,Expense,Other,iAxis,hair cut,600.0
,Expense,Other,iAxis,medicines,959.0
,Expense,Other,FAxisCC,adj,61794.0
,Income,Other,HDFC,int,1435.0
,Expense,Other,HDFC,transfer,1200.0
,Expense,Other,HDFC,misc,400.0
,Expense,Other,SBIcc,vegetables,200.0
,Expense,Other,SBIcc,milk,255.0
,Expense,raju,cash,utaru,350.0
,Expense,raju,cash,utaru,350.0
,Expense,ayyappa,HDFC,brickwork,31000.0
,Expense,Other,HDFC,fense,253.0
,Expense,Other,HDFC,transfer,5000.0
,Expense,Other,HDFC,utaru,1000.0
,Expense,Other,HDFC,utaru,1000.0
,Expense,Other,cash,utaru,1500.0
,Expense,Other,cash,utaru,1500.0
,Expense,Other,HDFC,ceiling,8000.0
,Expense,Other,ICICIcc,lic,1200.0
,Expense,Other,SBIcc,food,350.0
,Expense,Other,SBIcc,plumbing,50.0
,Expense,raju,cash,utaru,350.0
,Income,Other,Navi,bill,16711.0
,Expense,ammaji,HDFC,coconuts,1800.0
,Income,Other,FAxisCC,bill,11095.0
,Expense,Other,HDFC,teak,2700.0
,Expense,Other,HDFC,tea,65.0
,Expense,Other,HDFC,teak,2500.0
,Expense,Other,nCChdfc,teak,58000.0
,Expense,Other,nCChdfc,petrol,1500.0
,Income,Other,Licici,commission,85.0
,Income,Other,Ricici,bill,1085.0
,Expense,Other,HDFC,plumbing,76000.0
,Expense,Other,HDFC,electrical,32000.0
,Expense,Other,HDFC,electrical,15000.0
,Expense,Other,HDFC,plumbing,1200.0
,Expense,raju,HDFC,parulu,200.0
,Expense,Other,ICICIcc,amazon,1105.0
,Expense,Other,FAxisCC,current bill,625.0
,Expense,Other,FAxisCC,current bill,131.0
,Expense,Other,FAxisCC,current bill,163.0
,Expense,Other,SBIcc,milk,70.0
,Expense,raju,cash,parulu,500.0
,Expense,Other,HDFC,charges,298.0
,Expense,Other,HDFC,transfer,3000.0
,Expense,Other,SBIcc,vegetables,230.0
,Expense,Other,SBIcc,food,100.0
,Expense,Other,SBIcc,milk,100.0
,Expense,Other,SBIcc,recharge,123.0
,Expense,Other,HDFC,current bill,500.0
,Expense,Other,HDFC,ccbill,11296.0
,Expense,Other,HDFC,transfer,5000.0
,Expense,Other,HDFC,doors,9200.0
,Expense,raju,cash,parulu,700.0
,Expense,raju,cash,cleaning,350.0
,Expense,Other,HDFC,pesticides,650.0
,Expense,Other,HDFC,pesticides,650.0
,Expense,Other,HDFC,pesticides,300.0
,Expense,Other,HDFC,electrical,889.0
,Expense,Other,HDFC,plumbing,780.0
,Expense,Other,SBIcc,food,198.0
,Expense,Other,SBIcc,milk,355.0
,Expense,raju,cash,watering,700.0
,Income,Other,iAxis,bill,5543.0
,Expense,ayyappa,HDFC,brickwork,26000.0
,Expense,Other,HDFC,utaru,500.0
,Expense,Other,HDFC,utaru,500.0
,Expense,Other,HDFC,dhukku,1000.0
,Expense,Other,HDFC,dhukku,1000.0
,Expense,Other,HDFC,fibermesh,810.0
,Expense,Other,HDFC,electrical,1050.0
,Expense,Other,HDFC,plumbing,700.0
,Expense,Other,Ricici,tatasky,200.0
,Expense,Other,HDFC,electrical,10000.0
,Expense,Other,HDFC,kirana,2225.0
,Expense,Other,HDFC,kirana,122.0
,Expense,Other,HDFC,ceiling,3000.0
,Expense,Other,SBIcc,food,110.0
,Income,Other,CChdfc,bill,6796.0
,Income,Other,jloan,bill,7929.0
,Expense,Other,HDFC,kanaflex,1800.0
,Expense,Other,HDFC,paint,2200.0
,Expense,Other,HDFC,doors,1096.0
,Expense,Other,HDFC,transfer,500.0
,Expense,Other,HDFC,ceiling,3130.0
,Expense,Other,nCChdfc,petrol,400.0
,Expense,Other,iAxis,kanaflex,2000.0
,Expense,Other,SBIcc,plumbing,1650.0
,Expense,Other,SBIcc,vegetables,440.0
,Expense,Other,SBIcc,food,109.0
,Expense,Other,SBIcc,milk,400.0
,Expense,karuna,cash,watering,350.0
,Income,Other,HDFC,div,3.0
,Expense,raju,HDFC,parulu,300.0
,Expense,Other,HDFC,carpenter,5000.0
,Expense,Other,HDFC,kirana,815.0
,Expense,Other,SBIcc,vegetables,280.0
,Expense,Other,SBIcc,chicken,330.0
,Expense,karuna,cash,watering,700.0
,Expense,Other,HDFC,gedhi,30000.0
,Expense,Other,HDFC,food,450.0
,Expense,karuna,cash,watering,700.0
,Expense,karuna,cash,cleaning,350.0
,Expense,Other,cash,room,500.0
,Expense,Other,HDFC,paint,1800.0
,Expense,Other,iAxis,current bill,4044.0
,Expense,Other,iAxis,transfer,25000.0
,Expense,Other,SBIcc,milk,80.0
,Expense,Other,qIDFC,ccbill,11069.0
,Expense,Other,HDFC,ccbill,5642.0
,Expense,Other,HDFC,ccbill,7061.0
,Expense,Other,HDFC,ccbill,5232.0
,Income,Other,HDFC,cb,24.0
,Income,Other,cash,loan,300000.0
,Expense,ayyappa,HDFC,plastering,25000.0
,Expense,Other,cash,transfer,184600.0
,Expense,Other,iAxis,cloth,2130.0
,Expense,Other,iAxis,iphone,965.0
,Income,Other,HDFC,int,84.0
,Expense,Other,HDFC,thowdu,1460.0
,Expense,Other,HDFC,tailor,1200.0
,Expense,Other,HDFC,tiles,27000.0
,Expense,Other,HDFC,fittings,9000.0
,Expense,Other,HDFC,granite,16000.0
,Expense,Other,HDFC,gedhi,30000.0
,Income,Other,Navi,bill,16711.0
,Expense,Other,HDFC,ccbill,6796.0
,Expense,Other,HDFC,gas,954.0
,Expense,Other,ICICIcc,lic,1200.0
,Expense,Other,ICICIcc,gas,954.0
,Income,Other,ICICIcc,bill,2483.0
,Expense,Other,HDFC,pesticides,530.0
,Expense,Other,HDFC,pesticides,600.0
,Expense,Other,HDFC,pesticides,600.0
,Expense,Other,HDFC,grout,160.0
,Expense,Other,HDFC,food,450.0
,Expense,Other,HDFC,transfer,500.0
,Expense,padmaji,HDFC,tiles,5000.0
,Expense,Other,HDFC,paint,12200.0
,Expense,Other,SBIcc,kirana,110.0
,Expense,Other,HDFC,misc,93.0
,Expense,ayyappa,HDFC,paranjee,800.0
,Expense,Other,ICICIcc,fan,9445.0
,Expense,Other,HDFC,electrical,2453.0
,Expense,ayyappa,HDFC,paranjee,42000.0
,Expense,Other,Abank,ccbill,5368.0
,Expense,Other,Union,ccbill,2560.0
,Expense,hari,HDFC,electrical,5000.0
,Expense,Other,SBIcc,food,280.0
,Expense,Other,SBIcc,kirana,303.0
,Expense,Other,SBIcc,vegetables,250.0
,Income,Other,FAxisCC,bill,918.0
,Income,Other,Ricici,bill,200.0
,Expense,Other,HDFC,electrical,330.0
,Expense,prabhakar,HDFC,plumbing,5500.0
,Expense,Other,HDFC,ogeneral,3500.0
,Expense,Other,HDFC,painter,5000.0
,Expense,Other,HDFC,upvc,3200.0
,Expense,Other,HDFC,sand,13000.0
,Income,Other,cash,loan,200000.0
,Income,Other,Licici,commission,85.0
,Expense,Other,SBIcc,rice,1350.0
,Expense,Other,SBIcc,victory bazaar,1086.0
,Expense,Other,HDFC,victory bazaar,35.0
,Expense,Other,HDFC,food,170.0
,Expense,Other,HDFC,misc,1680.0
,Expense,Other,HDFC,train,577.0
,Expense,Other,ICICIcc,amazon,1081.0
,Expense,Other,FAxisCC,current bill,179.0
,Expense,Other,FAxisCC,current bill,523.0
,Expense,Other,HDFC,electrical,120.0
,Expense,Other,SBIcc,tiffin,250.0
,Expense,Other,SBIcc,aditya,390.0
,Expense,Other,HDFC,plumbing,2700.0
,Expense,Other,HDFC,cement,4900.0
,Expense,Other,cash,cement,23200.0
,Expense,Other,nCChdfc,petrol,510.0
,Income,Other,nCChdfc,refund,1755.0
,Expense,Other,HDFC,kodi,1500.0
,Expense,Other,HDFC,tiles,2300.0
,Expense,Other,HDFC,ccbill,68724.0
,Expense,Other,SBIcc,food,225.0
,Expense,Other,SBIcc,memory card,1880.0
,Expense,Other,HDFC,electrical,300.0
,Expense,Other,iAxis,recharge,723.0
,Expense,Other,iAxis,reliance,1200.0
,Expense,Other,HDFC,kodi,3000.0
,Expense,Other,HDFC,internet,400.0
,Expense,ayyappa,HDFC,paranjee,24500.0
,Expense,Other,SBIcc,food,230.0
,Expense,Other,SBIcc,vegetables,270.0
,Expense,Other,HDFC,shed,5750.0
,Expense,Other,HDFC,misc,300.0
,Expense,Other,HDFC,wire,1600.0
,Expense,Other,HDFC,electrical,450.0
,Income,Other,HDFC,received,1000.0
,Income,Other,CChdfc,bill,5385.0
,Income,Other,jloan,bill,7927.0
,Expense,Other,ICICIcc,manikanta,1953.0
,Expense,Other,ICICIcc,amazon,200.0
,Income,Other,iAxis,bill,46882.0
,Expense,Other,HDFC,plumbing,1800.0
,Expense,Other,HDFC,shed,7460.0
,Expense,Other,HDFC,electrical,620.0
,Expense,Other,iAxis,stool,550.0
,Expense,Other,iAxis,aditya,921.0
,Expense,Other,iAxis,fruits,470.0
,Expense,Other,iAxis,kirana,245.0
,Expense,Other,HDFC,clothes,450.0
,Income,sbi,HDFC,int,80.0
,Income,Other,iAxis,charges,590.0
,Expense,Other,SBIcc,juice,200.0
,Expense,Other,HDFC,misc,300.0
,Income,Other,HDFC,received,5000.0
,Expense,Other,HDFC,train,451.0
,Expense,Other,HDFC,charges,588.0
,Expense,Other,HDFC,ogeneral,1300.0
,Expense,Other,HDFC,transfer,600.0
,Expense,Other,iAxis,current bill,262.0
,Income,Other,HDFC,received,500.0
,Expense,Other,HDFC,petrol,250.0
,Expense,Other,HDFC,fascino,250.0
,Expense,Other,HDFC,food,120.0
,Expense,ayyappa,HDFC,paranjee,35000.0
,Expense,Other,HDFC,misc,1700.0
,Expense,Other,HDFC,gaddi,1000.0
,Expense,Other,HDFC,amazon,60.0
,Expense,Other,iAxis,iphone,957.0
,Expense,Other,iAxis,reliance,634.0
,Expense,Other,iAxis,juice,100.0
,Expense,Other,iAxis,dhana,730.0
,Expense,Other,HDFC,medicine,270.0
,Expense,Other,HDFC,ccbill,10490.0
,Expense,Other,HDFC,ccbill,2483.0
,Expense,Other,qIDFC,ccbill,11447.0
,Expense,Other,HDFC,ccbill,5264.0
,Expense,Other,iAxis,transfer,25000.0
,Expense,Other,HDFC,recharge,153.0
,Expense,Other,HDFC,dokkathadu,125.0
,Expense,Other,HDFC,medicine,120.0
,Expense,Other,HDFC,thowdu,1510.0
,Income,Other,Licici,commission,1941.0
,Expense,Other,iAxis,aditya,260.0
,Expense,Other,iAxis,xerox,300.0
,Expense,Other,iAxis,vegetables,380.0
,Expense,Other,HDFC,electrical,1380.0
,Expense,hari,HDFC,electrical,3000.0
,Expense,Other,CChdfc,camera,3349.0
,Income,Other,SBIcc,cb,250.0
,Income,Other,HDFC,int,42.0
,Expense,Other,HDFC,utilities,135.0
,Expense,Other,iAxis,dhana,1950.0
,Expense,Other,iAxis,reliance,926.0
,Expense,Other,iAxis,train,452.0
,Expense,Other,iAxis,amazon,1367.0
,Expense,Other,HDFC,gaddi,1000.0
,Expense,Other,HDFC,medicine,270.0
,Expense,Other,HDFC,kirana,230.0
,Expense,Other,HDFC,utilities,60.0
,Expense,Other,HDFC,petrol,250.0
,Expense,Other,HDFC,ration,110.0
,Income,Other,SBIcc,bill,8317.0
,Expense,Other,HDFC,aditya,2100.0
,Expense,Other,HDFC,varalu,1500.0
,Expense,Other,HDFC,gaddi,2000.0
,Expense,Other,HDFC,utilities,40.0
,Income,Other,IDFCcc,bill,308.0
,Income,Other,FAxisCC,bill,701.0
,Expense,Other,Axisneo,irctc,600.0
,Expense,Other,Axisneo,transfer,49150.0
,Income,Other,HDFC,received,500.0
,Expense,ayyappa,HDFC,centering,7000.0
,Expense,Other,ICICIcc,amazon,543.0
,Expense,Other,Axisneo,current bill,546.0
,Income,Other,HDFC,int,2100.0
,Income,Other,ICICIcc,bill,15069.0
,Expense,Other,HDFC,utilities,215.0
,Expense,Other,HDFC,plumbing,300.0
,Expense,Other,HDFC,auditor,1000.0
,Income,Other,HDFC,received,400.0
,Expense,akka,HDFC,meter,5800.0
,Expense,Other,ICICIcc,amazon,285.0
,Expense,Other,HDFC,kirana,340.0
,Income,Other,HDFC,received,1800.0
,Expense,Other,HDFC,medicine,390.0
,Income,Other,HDFC,lease,100000.0
,Expense,Other,HDFC,medicine,20.0
,Income,Other,HDFC,cb,40.0
,Expense,Other,FAxisCC,current bill,740.0
,Expense,Other,FAxisCC,current bill,4455.0
,Expense,Other,FAxisCC,current bill,324.0
,Expense,Other,FAxisCC,current bill,293.0
,Expense,Other,FAxisCC,current bill,1851.0
,Expense,Other,HDFC,car,1800.0
,Expense,Other,HDFC,kaaram,2050.0
,Income,Other,cash,received,2500.0
,Income,Other,HDFC,received,500.0
,Expense,Other,HDFC,ccbill,5598.0
,Expense,Other,FAxisCC,train,160.0
,Expense,Other,HDFC,utilities,260.0
,Expense,Other,HDFC,juice,120.0
,Income,Other,iAxis,bill,48971.0
,Expense,Other,iAxis,kirana,1200.0
,Expense,Other,iAxis,more,650.0
,Expense,Other,iAxis,dhana,1350.0
,Expense,Other,iAxis,train,462.0
,Income,Other,CChdfc,bill,6138.0
,Expense,Other,Axisneo,blinkit,911.0
,Expense,Other,HDFC,jcb,16600.0
,Expense,Other,HDFC,plumbing,3000.0
,Expense,Other,HDFC,medicine,185.0
,Expense,Other,HDFC,plumbing,700.0
,Expense,Other,CChdfc,amazon,1339.0
,Expense,Other,HDFC,plumbing,1000.0
,Expense,Other,HDFC,paints,17200.0
,Expense,Other,HDFC,thowdu,1510.0
,Expense,Other,iAxis,vegetables,550.0
,Expense,Other,HDFC,tiffin,190.0
,Expense,ayyappa,HDFC,paranjee,43000.0
,Expense,Other,HDFC,victory bazaar,517.0
,Expense,Other,HDFC,transfer,800.0
,Expense,Other,iAxis,kirana,350.0
,Expense,Other,HDFC,utilities,150.0
,Expense,Other,HDFC,auto,300.0
,Expense,Other,iAxis,iphone,770.0
,Expense,Other,HDFC,petrol,220.0
,Expense,Other,HDFC,tiles,1800.0
,Expense,Other,HDFC,painter,5000.0
,Expense,Other,HDFC,tiles,2000.0
,Expense,Other,HDFC,rice,1300.0
,Expense,Other,HDFC,stool,1000.0
,Expense,Other,HDFC,lights,1025.0
,Expense,Other,iAxis,vegetables,360.0
,Expense,Other,iAxis,kirana,10156.0
,Expense,Other,HDFC,karralu,2400.0
,Expense,Other,HDFC,utilities,980.0
,Expense,Other,HDFC,kirana,815.0
,Expense,Other,HDFC,pandiri,1000.0
,Expense,Other,HDFC,clothes,599.0
,Expense,Other,HDFC,ccbill,15069.0
,Expense,Other,HDFC,ccbill,8317.0
,Expense,Other,qIDFC,ccbill,11800.0
,Expense,Other,HDFC,ccbill,4911.0
,Income,Other,HDFC,internet,87.0
,Expense,Other,HDFC,vibrator,1300.0
,Expense,Other,HDFC,tiles,3500.0
,Expense,Other,HDFC,panthulu,10000.0
,Expense,Other,HDFC,utilities,135.0
,Expense,Other,HDFC,gaddi,11000.0
,Expense,Other,iAxis,petrol,1002.0
,Expense,Other,HDFC,flowers`,3780.0
,Expense,Other,HDFC,catering,16000.0
,Expense,Other,HDFC,cement,25770.0
,Expense,Other,HDFC,ccbill,308.0
,Expense,Other,HDFC,ccbill,701.0
,Expense,Other,HDFC,bhajalu,3500.0
,Expense,Other,HDFC,poles,3050.0
,Expense,Other,HDFC,train,327.0
,Expense,Other,HDFC,ec,500.0
,Expense,Other,HDFC,poles,1260.0
,Expense,Other,HDFC,medicine,300.0
,Expense,Other,HDFC,ccbill,8895.0
,Expense,Other,HDFC,barakam,1500.0
,Expense,Other,nCChdfc,dhana,2150.0
,Expense,Other,HDFC,ccbill,8011.0
,Expense,Other,HDFC,kirana,1995.0
,Expense,Other,nCChdfc,aditya,475.0
,Expense,Other,ICICIcc,lic,2353.0
,Expense,Other,HDFC,ration,110.0
,Expense,Other,HDFC,maintenance,2400.0
,Expense,Other,HDFC,maintenance,2400.0
,Expense,Other,nCChdfc,train,2400.0
,Income,Other,HDFC,received,350.0
,Expense,Other,nCChdfc,train,462.0
,Expense,Other,CChdfc,amazon,12378.0
,Expense,Other,HDFC,food,180.0
,Expense,Other,HDFC,utaru,1000.0
,Expense,Other,HDFC,ccbill,6318.0
,Expense,Other,HDFC,ccbill,48971.0
,Expense,Other,nCChdfc,transfer,40000.0
,Expense,Other,CChdfc,misc,180.0
,Income,Other,HDFC,received,400.0
,Expense,Other,HDFC,utaru,1000.0
,Expense,Other,HDFC,utaru,1000.0
,Expense,Other,HDFC,utaru,1000.0
,Expense,Other,Abank,ccbill,5489.0
,Expense,Other,Union,ccbill,2438.0
,Expense,Other,HDFC,kirana,350.0
,Expense,Other,ICICIcc,current bill,818.0
,Expense,Other,ICICIcc,current bill,287.0
,Expense,Other,ICICIcc,current bill,5228.0
,Expense,Other,Axisneo,internet,1034.0
,Expense,Other,HDFC,vaccine,200.0
,Expense,Other,HDFC,utilities,90.0
,Expense,Other,HDFC,mesh,680.0
,Expense,Other,FAxisCC,tax,2996.0
,Expense,Other,FAxisCC,current bill,198.0
,Expense,Other,Axisneo,current bill,43.0
,Expense,Other,HDFC,paint,270.0
,Expense,Other,HDFC,food,100.0
,Expense,Other,FAxisCC,transfer,9750.0
,Expense,Other,Axisneo,transfer,9750.0
,Expense,Other,Axisneo,transfer,19477.0
,Expense,Other,HDFC,painter,1560.0
,Expense,Other,cash,transfer,300000.0
